Price,Date,Close,High,Low,Open,Volume
Ticker,,POWERGRID.NS,POWERGRID.NS,POWERGRID.NS,POWERGRID.NS,POWERGRID.NS
0,2007-10-05,30.896244049072266,33.62961019945671,25.537004459536615,27.579351393449077,855215656
1,2007-10-08,29.314565658569336,31.940437931711458,29.130293116220326,31.940437931711458,126671715
2,2007-10-09,31.310850143432617,31.587256941567578,27.748262063093062,29.329927119909353,116725709
3,2007-10-10,31.60260772705078,32.247559585247785,31.326200977987867,32.124710521273876,67931378
4,2007-10-11,35.13448715209961,36.85435761863045,31.326205225508645,36.85435761863045,106320954
5,2007-10-12,34.90414810180664,36.20940632940032,34.0902820400693,34.397401623032515,99410791
6,2007-10-15,35.36481857299805,35.84085630609194,35.05769906735355,35.625870985910844,41814972
7,2007-10-16,38.97348403930664,39.58772739387044,35.16520190069811,35.41089591006275,138614496
8,2007-10-17,42.01396942138672,42.996749579138005,32.58539455584572,35.011640490226284,204876259
9,2007-10-18,40.53978729248047,45.899024889583366,38.80456273823558,42.6896240555813,146617799
10,2007-10-19,40.401588439941406,42.04467889837412,38.389952847917506,39.61843107245403,110266491
11,2007-10-22,39.8641242980957,41.1079566807392,38.543507870317065,39.58771756479438,72253405
12,2007-10-23,42.704986572265625,43.08888603056992,40.846910694727455,40.846910694727455,74594921
13,2007-10-24,42.044681549072266,44.07167158046381,41.56864370770731,43.61098805164334,63055170
14,2007-10-25,41.95254135131836,42.935325616366825,37.05398266910363,40.616570422934736,34522489
15,2007-10-26,43.21174240112305,43.90276157602293,41.537938733468245,42.68963735830138,62370025
16,2007-10-29,44.08701705932617,45.14658104871512,43.703117666877276,43.91810299287866,43657697
17,2007-10-30,45.06980514526367,46.28292483305114,43.36528919311174,44.68590571895585,79921711
18,2007-10-31,46.00652313232422,47.02002022843894,45.14658998917461,45.300149776563885,44655368
19,2007-11-01,44.97767639160156,47.49605883238033,44.60913536296465,47.14287211784552,50632492
20,2007-11-02,45.79153823852539,46.067949191152636,42.99674924594843,43.34994009306639,32001693
21,2007-11-05,46.728248596191406,47.75709986456209,45.48441198855212,45.760822900633244,38833135
22,2007-11-06,47.34250259399414,50.33691898433603,46.69755053834365,47.54212952023495,81880281
23,2007-11-07,46.651458740234375,48.89342918499456,45.60725338466901,48.21776885636961,33593141
24,2007-11-08,45.85296630859375,47.09680316618649,44.8394733125488,45.45371250180661,27990521
25,2007-11-12,46.95859909057617,47.787823687171596,43.257805364972086,44.4709294663661,35153735
26,2007-11-13,48.07958984375,49.04701586398337,46.2368720278477,47.75711589219776,43830531
27,2007-11-14,47.449974060058594,49.59981050629381,47.20427596685831,48.924145956961425,36738579
28,2007-11-15,48.24849319458008,49.093071931868636,47.34248888289493,48.34062739059959,29242252
29,2007-11-16,47.910667419433594,49.00094027227761,47.35784967097989,48.033514419453546,18895294
30,2007-11-19,49.64589309692383,51.442543521037294,48.63240012207829,49.00094112857848,40716718
31,2007-11-20,48.87807846069336,50.82828805385533,48.27919378940968,49.44625034988499,26342171
32,2007-11-21,45.06980514526367,49.461612915994934,43.97952827520425,49.169851851346216,26814499
33,2007-11-22,43.51884460449219,46.405771333613096,41.63006044936625,44.59376289048297,34096185
34,2007-11-23,46.40576934814453,46.68217606245826,43.79524945685437,46.375056565315276,27664090
35,2007-11-26,46.774314880371094,48.125639968591926,46.405773946624606,48.125639968591926,20159123
36,2007-11-27,45.622623443603516,47.57283356714766,45.14658977122519,47.57283356714766,20573198
37,2007-11-28,44.94695281982422,46.83574128027682,44.63983328681733,46.62075594094189,16435311
38,2007-11-29,43.73383712768555,46.31364060565342,43.16566510701047,46.0679466232091,25530967
39,2007-11-30,45.42298889160156,45.69939562782523,43.91810406942817,44.532343112403034,18437721
40,2007-12-03,46.06794738769531,46.636119417799065,45.62262235085234,45.97580901856795,16851227
41,2007-12-04,45.46906661987305,46.75897057800066,45.1312342341181,46.37507108636459,14008727
42,2007-12-05,47.28107452392578,47.449992810797404,45.453715321856016,45.54584953973046,27725290
43,2007-12-06,46.40576934814453,49.03163938248716,45.8068846624858,48.30990773108618,24104710
44,2007-12-07,46.206146240234375,47.35784455137229,45.37692595556037,46.69753835276831,11742386
45,2007-12-10,46.25222396850586,46.820391882270265,45.65333909679474,46.65147777259589,8330010
46,2007-12-11,46.037235260009766,46.927881180927656,45.8068955822426,46.666828713009714,11685950
47,2007-12-12,46.00652313232422,46.42113539139043,45.14658998917461,45.453709563953154,16342131
48,2007-12-13,45.238712310791016,46.68217559927071,45.06979825526828,46.067936611079304,14620172
49,2007-12-14,44.79339599609375,45.499773467761344,44.56305633120605,45.08516123784838,10991851
50,2007-12-17,42.09075164794922,45.3001531065355,41.46115397402656,45.05445492930612,19355678
51,2007-12-18,41.90647888183594,43.30387137774739,40.601220598516576,41.6147135993341,21607783
52,2007-12-19,41.138675689697266,43.62634499692779,40.785489023400956,43.25779985305079,19526912
53,2007-12-20,40.724056243896484,42.013959853825206,40.53978370453881,41.6761275592653,17105204
54,2007-12-24,41.96791076660156,42.62821716415889,41.000480561294154,41.33831300080018,16711519
55,2007-12-26,43.242454528808594,43.764559563555736,42.19824862489086,42.19824862489086,20930094
56,2007-12-27,43.54955291748047,44.747318051497075,43.18100787674866,44.133079093993736,44565277
57,2007-12-28,43.887393951416016,44.07166650862264,42.99674395251322,43.457423262742104,18354518
58,2007-12-31,44.20989227294922,44.47094485968912,43.672432780193155,44.22525075780313,11982308
59,2008-01-01,45.02374267578125,45.43835497029173,44.02560397242232,44.4402162669328,16687746
60,2008-01-02,44.77804183959961,45.36156815955238,44.11773563108529,45.02373581676639,13437280
61,2008-01-03,46.620750427246094,46.80502295837192,43.96416761403758,44.501626733235966,31815218
62,2008-01-04,46.37506866455078,47.91066655090255,46.06794908728043,47.29642739636184,28011310
63,2008-01-07,45.99116897583008,47.0507290130649,45.4997768214023,46.08330318234586,15858063
64,2008-01-08,44.42485809326172,46.682187797845415,43.88739883815017,46.03723585859639,13282666
65,2008-01-09,43.71847152709961,44.6705428437045,43.6109788652035,44.470915994797416,13113527
66,2008-01-10,42.67427062988281,45.14658545806317,42.3825053968957,43.918107282244485,18023003
67,2008-01-11,43.3192138671875,43.733826001965205,41.61469823878462,43.25778830441503,11629440
68,2008-01-14,43.979530334472656,44.44020966761258,42.70498501256732,43.3960040122772,10264240
69,2008-01-15,42.64356231689453,44.87017924420134,42.29037563740241,44.685910830953866,11558334
70,2008-01-16,41.768272399902344,42.689631166124784,40.70871231809216,42.33644447218805,14834065
71,2008-01-17,42.88925552368164,43.84132693299592,41.03117980304443,41.92182563798667,16169395
72,2008-01-18,40.89297866821289,42.58213614868837,40.53978786256226,42.53606488494236,13254156
73,2008-01-21,33.93672180175781,40.53979274852732,29.56026571936683,40.53979274852732,33202389
74,2008-01-22,30.52768898010254,32.24755919248897,24.247092884211753,30.589112469947562,58755707
75,2008-01-23,33.93672180175781,35.24198001216574,31.019085802022452,31.019085802022452,28425991
76,2008-01-24,34.01349639892578,36.42438555106599,32.401118860724246,35.76407939234612,29911930
77,2008-01-25,35.76408004760742,35.93299412656944,34.32061655882629,35.62587458985646,12550722
78,2008-01-28,36.147979736328125,36.42438648830271,32.4011196944382,35.27268821709581,13601109
79,2008-01-29,35.549095153808594,36.76221900534758,35.011635957785685,36.240114120123756,7679877
80,2008-01-30,33.583526611328125,35.77943021119445,33.13820166847961,35.62587046063632,9016102
81,2008-01-31,31.387617111206055,34.02884533268577,31.01907417124746,33.93670907699933,41538563
82,2008-02-01,32.47789001464844,32.70822960105624,31.63331153115316,31.9250745907123,9089201
83,2008-02-04,34.151702880859375,34.55095872418084,33.09214081869737,33.09214081869737,12009385
84,2008-02-05,35.211265563964844,35.67194491066256,33.47604085785193,34.21312697945313,14593303
85,2008-02-06,34.90414810180664,35.318760371922174,32.95393999966298,34.2438418315509,12429218
86,2008-02-07,33.261051177978516,35.61051664363967,33.046067940785406,34.428105714896404,11300078
87,2008-02-08,32.401123046875,33.752448325126515,31.802238217652647,33.476041544553034,13514197
88,2008-02-11,30.113079071044922,32.861800758027925,29.790603121326424,32.861800758027925,15133331
89,2008-02-12,29.57562255859375,31.218713163579622,29.32992647521437,31.019086267402113,10237627
90,2008-02-13,29.145648956298828,30.481617573259097,28.546766329193368,30.097718186295666,10395753
91,2008-02-14,31.694746017456055,32.017221967036924,29.790603108611997,29.790603108611997,12514003
92,2008-02-15,32.60074234008789,32.86179474753865,30.727312561739538,31.57189118459066,12080990
93,2008-02-18,32.416473388671875,33.33783407090294,32.1400666419539,33.33783407090294,6977153
94,2008-02-19,32.06328582763672,33.0767806741529,31.817589791695287,33.000000793095424,7226542
95,2008-02-20,31.26477813720703,31.771526665163346,30.911591473336617,31.756170270475973,5604999
96,2008-02-21,31.479759216308594,32.01721837776252,31.095859815270078,31.771522344540358,3874365
97,2008-02-22,31.08050537109375,31.28013223903328,30.11307757015655,30.435553503802282,2691220
98,2008-02-25,31.341552734375,31.72545212278087,30.589110349657,31.449045396243637,6270186
99,2008-02-26,31.46440887451172,31.909731848797275,31.310849084565806,31.63332506000981,7139423
100,2008-02-27,33.3071174621582,34.95020552626612,31.925079721595296,31.925079721595296,43223132
101,2008-02-28,34.24384689331055,34.50489941053199,33.16892819405,33.62960763659023,35763847
102,2008-02-29,33.75244903564453,34.70452055817358,33.19963546286037,34.02885790482455,16477462
103,2008-03-03,32.33970260620117,33.41462335750293,31.971159479268458,32.278279098843754,10049153
104,2008-03-04,31.510478973388672,32.67753390446145,30.711969239445935,32.55468689394354,11485198
105,2008-03-05,32.093994140625,32.247553881340195,30.74266717265891,31.66402561695008,8581053
106,2008-03-07,30.450916290283203,31.633327600959184,29.176368681681225,31.633327600959184,14251925
107,2008-03-10,30.34286880493164,30.558941666775194,28.598849592419686,30.497206862440446,11713659
108,2008-03-11,32.84315490722656,33.15183110432418,29.385981918402123,30.095935497051094,19665129
109,2008-03-12,32.00971984863281,33.9543797169808,31.70104374550912,33.73830686346298,12262350
110,2008-03-13,27.611087799072266,31.484976038511103,26.854831641470707,31.176299884931353,47000084
111,2008-03-14,29.509456634521484,29.632926297255317,27.811737258534865,28.38278706535985,35798540
112,2008-03-17,28.351909637451172,28.953827671848888,27.749991603053456,28.953827671848888,19211273
113,2008-03-18,28.598859786987305,29.15447741074748,27.842601360937408,28.30561569851345,12632937
114,2008-03-19,28.768617630004883,32.04058271045982,28.58341115098098,29.941585019344377,16449023
115,2008-03-24,29.046436309814453,29.848995233234596,28.413649707888307,29.848995233234596,11636914
116,2008-03-25,30.142234802246094,30.327439243727785,29.26250690183939,29.802690186180016,13232423
117,2008-03-26,29.957029342651367,30.682419187853906,29.632918941745032,29.941595115304537,11448313
118,2008-03-27,30.497207641601562,30.790451633035374,29.50944446697801,29.50944446697801,17425122
119,2008-03-28,30.55895233154297,30.790461591944464,29.75639540841919,30.636121387228595,11599511
120,2008-03-31,30.34286880493164,30.69784759320822,29.94158943673997,30.558941666775194,9914705
121,2008-04-01,30.404605865478516,30.836753714577576,30.018760693074373,30.558943934440173,6034588
122,2008-04-02,30.898481369018555,31.793643217729844,30.558936858586076,30.558936858586076,6087024
123,2008-04-03,30.651548385620117,31.114562610498048,30.4046070470164,30.975658761703492,3883474
124,2008-04-04,30.497207641601562,30.85218643894736,29.91072384542181,30.85218643894736,5906537
125,2008-04-07,30.373733520507812,30.682409597585767,30.01875477586199,30.54350578156941,4088729
126,2008-04-08,29.602054595947266,30.38917931078678,29.385981678412442,30.327442397195902,5753811
127,2008-04-09,29.679218292236328,29.941591754303413,29.339673702097695,29.694652517850635,3776374
128,2008-04-10,30.265705108642578,30.481778008555665,29.524883139413646,29.632918542698064,7075297
129,2008-04-11,30.404605865478516,30.71328200340183,30.095929727555202,30.558943934440173,4012660
130,2008-04-15,30.867618560791016,31.021956611728093,29.694648955000453,30.219397909517763,6362785
131,2008-04-16,30.450916290283203,31.392379169169455,30.327444547690583,31.176306236313078,4725794
132,2008-04-17,31.623882293701172,32.34927005376714,30.574382035717278,30.913926667812362,14831167
133,2008-04-21,32.13319396972656,32.688811452124895,31.793651464564984,32.10232761108138,7639361
134,2008-04-22,32.6579475402832,33.02836064227343,31.793655884557694,32.10233207398663,8814769
135,2008-04-23,32.68880844116211,33.07465358876745,32.2566627131817,32.7196768903081,5265604
136,2008-04-24,31.53127670288086,33.09009170101666,31.253469001303607,33.028356888815516,8801780
137,2008-04-25,31.793664932250977,32.24124511562434,31.361516888065157,32.10234120952157,4095990
138,2008-04-28,31.917123794555664,32.534476139981514,31.793654162808203,31.824520524072934,4708244
139,2008-04-29,32.36470413208008,32.67338030770916,31.947992550987387,32.10233063880193,6497143
140,2008-04-30,32.580780029296875,32.997493742014136,32.41100979178083,32.68881753802934,6331377
141,2008-05-02,32.8740234375,33.800052030855554,32.81228652326741,33.07466212872259,5658418
142,2008-05-05,32.71968078613281,33.49137117322611,32.503605803071366,33.30616464298606,7642293
143,2008-05-06,32.44186782836914,33.09008852767722,32.256663409526794,32.45730205327532,5061166
144,2008-05-07,31.978853225708008,32.627073916592984,31.484972688535386,32.411001050745966,4303106
145,2008-05-08,31.59300994873047,31.917120313397607,31.40780552130928,31.731913792632376,3642073
146,2008-05-09,31.40780258178711,32.22579343636398,30.92935419237595,31.17629549916982,8621761
147,2008-05-12,31.40780258178711,31.639309664404394,30.713279240591405,31.407802581787106,4890395
148,2008-05-13,31.500408172607422,31.731915287800266,31.238034698062016,31.546710851652474,5056766
149,2008-05-14,31.54671287536621,31.71648518940064,30.86762571257276,30.86762571257276,2982486
150,2008-05-15,31.56214141845703,31.917118116589826,30.867620153406342,30.867620153406342,2646760
151,2008-05-16,31.80908966064453,31.90169294092025,31.423244403949454,31.79365752505232,4422288
152,2008-05-20,31.747352600097656,31.870824329542188,31.42324218865423,31.48497910004867,3464912
153,2008-05-21,31.9479923248291,32.41100658499507,31.021963804497158,31.021963804497158,3419088
154,2008-05-22,31.51584815979004,31.67018626479699,31.17630558478147,31.17630558478147,3558000
155,2008-05-23,30.991086959838867,31.762777184535118,30.867617361224948,31.3306314960427,4417028
156,2008-05-26,30.75958824157715,30.944794783112776,29.324242778036705,29.324242778036705,2605807
157,2008-05-27,29.833566665649414,31.14544070911382,29.694662773833898,30.805896001702774,3316550
158,2008-05-28,30.92936134338379,31.114565796291416,29.41684679791103,29.941595887832467,4505700
159,2008-05-29,31.438674926757812,31.79365377707752,30.528080646971162,31.25347048138358,11026212
160,2008-05-30,30.435483932495117,31.639322506747174,30.312014275654,31.515850756561356,4023430
161,2008-06-02,29.139041900634766,30.867629522312928,28.70689394854296,30.2502750059897,4431595
162,2008-06-03,28.058666229248047,29.015560924275295,27.796290695659362,28.706884811038663,6240766
163,2008-06-04,27.194381713867188,28.228445780201657,27.02460937660494,27.93520379402754,5762089
164,2008-06-05,27.148075103759766,27.34871587093809,26.237480817879806,27.16350933098029,9721099
165,2008-06-06,26.85483741760254,27.981506876507297,26.46899214263747,27.009175527588567,6317089
166,2008-06-09,26.484418869018555,27.132639584650644,25.311449146769245,26.54615367685399,6500809
167,2008-06-10,26.299213409423828,26.515288385550296,25.697295345478587,26.237478599106588,6717902
168,2008-06-11,26.422679901123047,26.854825581276895,26.23747341343216,26.546149497354527,2586175
169,2008-06-12,26.607891082763672,26.7622291640943,25.31145161825526,26.083142024908387,3244212
170,2008-06-13,26.438119888305664,26.82396507733466,26.16031009619831,26.561589511457292,4248430
171,2008-06-16,27.364147186279297,27.780858716824767,26.5770226152347,26.669625875359483,4354615
172,2008-06-17,28.18213653564453,28.398209401596347,26.88569724658971,27.749990803740896,4736084
173,2008-06-18,28.151268005371094,28.768622338715186,28.08953320003986,28.08953320003986,5055019
174,2008-06-19,27.549360275268555,28.08954368693982,27.101780152838447,27.59566296656148,4221271
175,2008-06-20,26.91656494140625,27.88889602656559,26.56158822206898,27.780858541544323,3837789
176,2008-06-23,25.975095748901367,26.79308855941075,25.7127223553498,26.700485323251115,4516050
177,2008-06-24,25.172548294067383,26.360952382688446,24.910172712939854,25.975105077888564,5238203
178,2008-06-25,24.47802734375,24.987342194487063,23.922409810817754,24.694100247294685,3933879
179,2008-06-26,25.867067337036133,26.97830228294185,24.616928546228213,24.616928546228213,18253250
180,2008-06-27,24.7249698638916,25.55839731968628,24.58606598570734,25.002779713604678,6821283
181,2008-06-30,24.23108673095703,24.94104237302877,23.536565316758573,24.709535234962615,4596315
182,2008-07-01,22.517927169799805,24.231079929274955,21.653633678291786,24.231079929274955,6202295
183,2008-07-02,23.505693435668945,23.752634765623107,21.80797467058215,22.53336443482049,5245963
184,2008-07-03,22.888336181640625,23.5056883256446,22.22468346417379,23.305049716180744,4726793
185,2008-07-04,23.197023391723633,23.644603492363967,22.37903224549629,22.53337035560293,4862814
186,2008-07-07,23.706336975097656,24.663234040901507,23.505698280660305,23.505698280660305,5528014
187,2008-07-08,24.400859832763672,25.00277799235437,21.916013959217224,21.916013959217224,8354280
188,2008-07-09,26.098567962646484,26.20660332925871,24.724957800395487,24.724957800395487,6860769
189,2008-07-10,27.24066734313965,27.56477761015128,25.373176845923524,26.098566391457002,7216175
190,2008-07-11,25.94423484802246,27.84259216795234,25.743594111979704,27.50304968851249,6040791
191,2008-07-14,25.959671020507812,26.88570162740076,25.311452317030284,25.311452317030284,5942149
192,2008-07-15,24.879302978515625,25.589258549731927,24.694098542553203,25.311450849116223,3693378
193,2008-07-16,24.200220108032227,25.311455292247725,23.783506390615287,24.879307345788582,6973872
194,2008-07-17,25.434926986694336,25.62013356343025,24.69410486644003,24.69410486644003,5038238
195,2008-07-18,26.85483741760254,27.070910352914062,25.141683978088718,25.897940298351333,5983177
196,2008-07-21,28.367347717285156,28.537120030401073,26.870267447096065,27.31784747742402,8754188
197,2008-07-22,29.524885177612305,29.787258683710597,28.120408091205267,28.367349462443492,12631056
198,2008-07-23,31.608442306518555,32.2257945481295,30.281134568386236,30.83675200450487,12798869
199,2008-07-24,30.497207641601562,32.19492631757277,28.598850323080423,28.598850323080423,10764301
200,2008-07-25,30.55895233154297,31.54671791899471,29.40141649625853,30.173107053114823,10710381
201,2008-07-28,30.311996459960938,31.160855608529708,29.972451963196043,30.558935628506173,5533881
202,2008-07-29,29.092731475830078,30.095928896374843,28.861224378781287,29.63291470227726,5145929
203,2008-07-30,30.311996459960938,30.558935628506173,29.355099855146026,29.355099855146026,7354746
204,2008-07-31,29.247072219848633,30.836755687887358,28.861227022753436,30.836755687887358,6006517
205,2008-08-01,30.095930099487305,30.21940181218894,27.780859036452295,28.7840564971008,4699412
206,2008-08-04,30.281139373779297,30.836756898070327,29.49401472214569,29.49401472214569,4301346
207,2008-08-05,31.639314651489258,31.870821770597402,30.095931764090814,30.40460792290167,9161115
208,2008-08-06,30.836759567260742,32.76598579544022,30.62068664837353,32.76598579544022,8616591
209,2008-08-07,30.75958824157715,31.45410963231934,29.802691265883517,29.802691265883517,4809365
210,2008-08-08,30.234846115112305,30.991102495759183,30.126808592157854,30.404616374976786,4883824
211,2008-08-11,30.512649536132812,30.960229608179187,30.281142385762845,30.620687043643244,2714705
212,2008-08-12,29.987899780273438,30.86762777042711,29.756392634795564,30.71328758009745,5801276
213,2008-08-13,30.111366271972656,30.404608206913323,29.401410681407107,29.632917802677774,2754609
214,2008-08-14,29.38597869873047,30.250270281232236,29.324241791399594,29.941594117954686,2566362
215,2008-08-18,29.046436309814453,29.941596414645534,28.768628578892912,29.324244040735998,2963058
216,2008-08-19,28.50625228881836,29.169905237280442,27.919766291872403,29.00013501326292,2941144
217,2008-08-20,28.830364227294922,29.061871374173307,28.629723443993665,28.706892492953127,3319410
218,2008-08-21,28.52167510986328,29.000123415322363,28.182130610932717,28.706879487453474,4138486
219,2008-08-22,28.228445053100586,29.509452570952064,27.503057221074712,29.509452570952064,4139879
220,2008-08-25,28.53712272644043,28.922967977545504,28.336481939859112,28.922967977545504,2034227
221,2008-08-26,28.583425521850586,28.67602880792063,28.058676358579834,28.2438808373753,1489491
222,2008-08-27,28.012374877929688,28.938403591909708,27.85803675893302,28.73776487455192,4297168
223,2008-08-28,27.59565544128418,28.398212178047704,27.240676611552516,28.08953602698232,7382078
224,2008-08-29,28.737756729125977,28.8457942191394,27.96606635287045,28.089535975733686,2219080
225,2008-09-01,28.72220230102539,28.84660728356956,28.146824511052962,28.675548850669447,3417069
226,2008-09-02,30.23063087463379,30.355035886342144,28.67555557306132,28.924367705681036,5030404
227,2008-09-04,29.593046188354492,30.137321727415376,29.344234091514686,29.888509630575573,2813325
228,2008-09-05,28.939908981323242,29.266474662094055,28.613343300552426,29.235372365181675,3330688
229,2008-09-08,30.463895797729492,31.692403356918856,30.16843016556218,30.47944484430396,8377948
230,2008-09-09,30.5727481842041,30.821560336948124,29.87296519103832,30.46389431745577,3737279
231,2008-09-10,30.308387756347656,30.821561120704015,30.012922131023995,30.417241625864005,3847698
232,2008-09-11,29.499740600585938,30.168421115607973,29.266479661503464,30.168421115607973,2567354
233,2008-09-12,29.795217514038086,30.603856645693693,29.313144266674307,29.701912674354194,6093354
234,2008-09-15,27.913572311401367,29.157630962489584,27.073833143757454,28.70666012331074,6770268
235,2008-09-16,28.45784568786621,28.70665781996043,26.436250542055593,26.825018839326866,4654621
236,2008-09-17,27.726964950561523,28.86216763301171,27.369296820642028,28.86216763301171,4674190
237,2008-09-18,27.66475486755371,28.2090304232943,25.674262250240663,27.369291416277946,6603710
238,2008-09-19,29.344234466552734,29.499741765414758,27.99132012277206,28.31788587222285,9821730
239,2008-09-22,28.706647872924805,31.412475971708663,28.47338697538842,30.168415742312348,4162514
240,2008-09-23,28.36454200744629,29.00212246227418,27.83581752388283,28.364542007446293,6569683
241,2008-09-24,29.017671585083008,29.32868621354639,28.08462769969286,28.45784483200833,5730103
242,2008-09-25,28.115726470947266,29.219828685002984,27.447043838309423,29.095421583738823,10926783
243,2008-09-26,27.66475486755371,28.27123503131258,27.182683919831405,28.27123503131258,4967945
244,2008-09-29,26.638404846191406,28.45783876958311,26.125229553027726,28.45783876958311,7859964
245,2008-09-30,26.68506622314453,27.680312774681738,25.192195341237074,25.192195341237074,6616439
246,2008-10-01,27.57144546508789,27.835806548028643,26.482892509276958,27.02717004178355,3743739
247,2008-10-03,27.960214614868164,28.30232934182634,27.213778456664055,27.71140256213346,4681406
248,2008-10-06,27.384841918945312,27.991319959120876,26.825015224474512,27.649205169146242,5560277
249,2008-10-07,28.28679084777832,28.8932711567673,27.3692979702355,27.3692979702355,9928258
250,2008-10-08,28.069072723388672,28.302333662965793,26.156331753334655,27.338189711568603,9985473
251,2008-10-10,27.89801597595215,28.535596338081202,25.82976969625839,27.96022058431813,9025179
252,2008-10-13,28.45784568786621,28.675555512497525,27.851367565963628,28.03797719233504,6805621
253,2008-10-14,27.77361488342285,29.515297760141586,27.55590505113378,28.61335401322532,5099383
254,2008-10-15,27.540353775024414,28.13128076136681,27.244890281853216,27.61810743686963,5495022
255,2008-10-16,26.482900619506836,27.151583324153595,25.969727335487395,27.151583324153595,6651066
256,2008-10-17,24.492406845092773,27.21378468036881,24.134738778363378,27.027177180042997,5586092
257,2008-10-20,24.772315979003906,25.752013139810973,23.994779554174112,24.58570850256628,7922965
258,2008-10-21,24.974485397338867,26.280746623332973,24.259151215969656,25.021136755365944,8047276
259,2008-10-22,23.606016159057617,24.912277197500888,23.372755184006927,24.72566968298212,5408099
260,2008-10-23,22.455265045166016,23.232801718967853,22.11314806501192,23.01509187214398,6641370
261,2008-10-24,19.547273635864258,22.082041907159823,19.282910369148738,21.77102729182526,9905588
262,2008-10-27,18.038856506347656,19.282915284826338,16.172768338629634,19.18961045459976,12878172
263,2008-10-29,20.41811180114746,21.708821410116364,18.660878232620647,20.526965634042206,13094201
264,2008-10-31,21.724376678466797,22.393059389589357,20.651376641087477,21.491115709071167,8097887
265,2008-11-03,22.393056869506836,22.983983748459206,21.61551828315489,22.95288144569216,4951148
266,2008-11-04,23.372756958007812,23.559366595893295,21.973191001476096,22.082044865906685,4515828
267,2008-11-05,22.51746368408203,24.50795849215885,22.08204195612639,24.50795849215885,6145587
268,2008-11-06,21.77103042602539,23.24835217074555,21.320059590708198,22.082045086134233,4896229
269,2008-11-07,23.4660587310791,24.165841618513827,21.46001276640394,21.615520074722767,8250147
270,2008-11-10,23.994781494140625,24.539057035525897,23.46605710434976,24.196940137259784,3775177
271,2008-11-11,23.714868545532227,24.710114800378356,23.17059301921921,24.10363677861295,8900004
272,2008-11-12,22.719623565673828,24.228045378394334,22.439711239842563,24.228045378394334,5705390
273,2008-11-14,22.641870498657227,23.637119036938792,22.361958165517425,22.517465485973542,4038880
274,2008-11-17,23.57491111755371,24.352449720071334,21.46001143389664,24.352449720071334,5361538
275,2008-11-18,22.29975700378418,23.512713332798317,21.86433521473061,23.512713332798317,6392448
276,2008-11-19,21.755475997924805,23.092839127360428,21.475561607557744,22.393056315246717,5606729
277,2008-11-20,21.5222110748291,21.926528270701148,20.604716537052056,21.7710210079189,5080395
278,2008-11-21,22.890684127807617,23.606018270452,20.837986520080808,21.3822621772141,8350092
279,2008-11-24,23.4660587310791,23.83927584920372,22.299753918687895,23.574912581380566,5420119
280,2008-11-25,22.890684127807617,23.99478659697578,22.704076596598103,23.714874245559923,5453771
281,2008-11-26,23.403858184814453,23.761524180147006,22.470814256952444,23.13949489490567,5246053
282,2008-11-27,23.403858184814453,23.403858184814453,23.403858184814453,23.403858184814453,0
283,2008-11-28,23.0306396484375,23.481612581740247,22.113146845778967,22.704075950808758,8464961
284,2008-12-01,22.844030380249023,24.383552370235257,22.75072556981287,23.48161079082597,5733003
285,2008-12-02,22.641870498657227,22.890682633227616,21.926536402718487,22.67297280642966,5879324
286,2008-12-03,23.326101303100586,23.621564750949606,22.15979655432597,22.85957940359074,6430656
287,2008-12-04,24.445755004882812,24.570162122530768,20.682477134384477,20.682477134384477,4648185
288,2008-12-05,24.150293350219727,25.31659830190799,23.341654406701288,23.341654406701288,5338962
289,2008-12-08,24.212493896484375,25.005581621185758,23.170596156287047,24.803422956294575,11709287
290,2008-12-10,23.8237247467041,25.34769763695982,23.4816099332039,25.34769763695982,11172070
291,2008-12-11,23.559370040893555,24.243601964521158,23.186150710548098,24.243601964521158,9867592
292,2008-12-12,22.82847785949707,23.092841121696374,22.330853639781726,22.983985164507764,9847702
293,2008-12-15,23.201690673828125,23.714865950869346,23.015083207887844,23.6060100138357,5741641
294,2008-12-16,24.088083267211914,24.38354667356217,22.08203769371283,23.326098026876288,9183505
295,2008-12-17,24.05698585510254,24.725668551845775,23.419405463957737,24.725668551845775,8720755
296,2008-12-18,24.772315979003906,25.036679207127055,23.51270654893913,23.51270654893913,12640018
297,2008-12-19,25.969724655151367,26.28073924590039,24.74121744353327,25.503202769027833,10050607
298,2008-12-22,25.985280990600586,26.20299082571754,25.083337231968766,25.083337231968766,6524631
299,2008-12-23,25.45655059814453,26.234087114212272,25.269943099809947,25.814218661057367,5151765
300,2008-12-24,25.0211238861084,25.798660181333453,20.993484189480863,20.993484189480863,13318746
301,2008-12-26,25.06778335571289,26.389595486580266,24.414653921276617,26.389595486580266,5480531
302,2008-12-29,25.596508026123047,25.79866667004631,24.570159436445014,25.347695927230987,3418418
303,2008-12-30,25.54985809326172,25.969728699847373,24.60126302189624,25.53430693946169,4868199
304,2008-12-31,25.860868453979492,26.249636688646547,25.285492732193845,26.249636688646547,4396180
305,2009-01-02,26.234081268310547,26.66950288580248,25.73645927443704,26.66950288580248,3976548
306,2009-01-05,25.64315414428711,26.669502524734217,25.31658846288999,26.669502524734217,4505326
307,2009-01-06,25.45655059814453,26.622857481448932,25.036682144989626,26.622857481448932,3969700
308,2009-01-07,24.119186401367188,26.342942013658853,22.595215734674394,26.342942013658853,12109220
309,2009-01-09,23.994781494140625,26.1252323141012,22.79737445941194,26.1252323141012,5272587
310,2009-01-12,23.35720443725586,24.570162794164585,22.42416052080438,24.570162794164585,6595708
311,2009-01-13,23.015077590942383,23.621555398338575,22.672960823076885,23.32609206747396,4104761
312,2009-01-14,23.061737060546875,23.4505052934636,22.42415673672292,23.4505052934636,2777281
313,2009-01-15,22.719623565673828,23.06174050542579,22.237552572209204,22.859581837792426,3693599
314,2009-01-16,23.434955596923828,23.77707250680694,22.548565236376675,23.512709248333373,2131503
315,2009-01-19,24.33689308166504,24.53905168066961,23.34164490723632,24.072529889856987,2587926
316,2009-01-20,27.058277130126953,27.680306343977957,23.326101847020944,24.367999514699697,19101726
317,2009-01-21,25.2543888092041,27.64920266844377,24.91227194096914,27.64920266844377,11311625
318,2009-01-22,26.451799392700195,26.809465351367557,24.943377686940668,26.063031129277928,10535551
319,2009-01-23,26.82501220703125,27.151577917838644,25.627605303804962,26.887214697374922,7005930
320,2009-01-27,27.695863723754883,28.069080914145168,25.814224506916567,26.74726853749392,8487928
321,2009-01-28,28.317895889282227,28.457852085925044,27.369300608831043,28.271244526802445,6636133
322,2009-01-29,28.131277084350586,28.893264558197373,27.073828265155182,28.893264558197373,13844487
323,2009-01-30,27.44704818725586,27.664758012460616,26.747265250324357,27.649208967891212,4578388
324,2009-02-02,26.000829696655273,27.68031006536691,25.627612540009267,27.36929541662806,6678800
325,2009-02-03,26.42069435119629,27.05827465900655,23.82372177685801,23.82372177685801,6591337
326,2009-02-04,26.827409744262695,28.031906254861806,25.68548401254223,27.374907772409447,7225484
327,2009-02-05,26.67098617553711,27.374912328892467,26.405057668926464,26.592772158497624,3622655
328,2009-02-06,27.030776977539062,27.359274213130647,26.74920519057162,26.88999002320964,2228530
329,2009-02-09,27.046405792236328,28.094474188657273,26.342479827333126,28.094474188657273,3190528
330,2009-02-10,26.999481201171875,27.578265684399234,26.498910722613587,27.437478778642383,3258153
331,2009-02-11,27.062063217163086,27.218491291452615,26.123494771425914,26.905635142873557,1899711
332,2009-02-12,28.376049041748047,28.688905084758122,26.74919804243383,27.046410858955234,8517373
333,2009-02-13,29.345909118652344,29.643121990825595,28.78276771145021,28.939195762245735,9331167
334,2009-02-16,27.98497772216797,29.846472791231367,27.57826658200391,29.846472791231367,3238379
335,2009-02-17,26.749210357666016,27.953707526476936,26.608425497832847,27.953707526476936,2684742
336,2009-02-18,27.484407424926758,27.812906656569805,25.982698167194698,26.749194959901406,4576718
337,2009-02-19,27.578262329101562,28.157044620220955,27.171549129966877,27.531332658995403,5072418
338,2009-02-20,26.999481201171875,27.437478778642383,26.670981957223667,27.21847998990713,3336292
339,2009-02-24,28.72019386291504,29.00176559743458,25.65420396885639,27.09334273189137,9913081
340,2009-02-25,28.64198112487793,30.018549160055912,28.344768271021795,29.033051227765238,7821109
341,2009-02-26,29.064327239990234,29.220755224930517,28.016258892214186,28.76711237125142,9451371
342,2009-02-27,30.315750122070312,31.442032425259804,28.501185132127354,28.626326667286072,35406885
343,2009-03-02,28.90790367126465,29.580543260589828,28.5011904239489,28.782759991180217,9682882
344,2009-03-03,27.87547492980957,29.252040388099452,27.687760493819866,29.064328073800137,6218930
345,2009-03-04,28.64198112487793,28.92355287197145,28.000625731804526,28.407339063145546,6597422
346,2009-03-05,28.68889808654785,29.048683721259827,28.250900581852754,29.048683721259827,6109769
347,2009-03-06,28.954837799072266,29.06433827879552,28.157054348535937,28.250911599485704,3962742
348,2009-03-09,28.45426368713379,29.095619013947154,28.1883373176586,29.095619013947154,2964226
349,2009-03-12,29.283327102661133,29.54925553579859,28.501187148363226,29.392827544939006,6091612
350,2009-03-13,29.690044403076172,29.877756745014267,28.970475121420055,29.721328732553836,6329765
351,2009-03-16,30.002904891967773,30.22190371765789,29.017406993825713,29.87776119036555,8232474
352,2009-03-17,30.128034591674805,30.597318513828483,29.752607878289897,30.206248578700418,4981205
353,2009-03-18,29.909042358398438,30.76939640283137,26.905623754610858,26.905623754610858,4007849
354,2009-03-19,30.09675407409668,30.26882316995035,28.78275722862554,28.78275722862554,3286397
355,2009-03-20,30.221904754638672,30.45654681629154,29.736977402884534,30.018549149882627,3154546
356,2009-03-23,30.72247314453125,30.972756295097888,29.971617327758498,30.018547009757953,7034396
357,2009-03-24,30.78504180908203,31.332539876147493,30.347042082415182,31.129182178222983,7551877
358,2009-03-25,30.362689971923828,30.972758916013202,29.924692299677893,30.51911801511039,5666796
359,2009-03-26,30.112396240234375,31.269965132787863,29.502327467101654,31.269965132787863,9588411
360,2009-03-27,29.580541610717773,30.503466387044487,29.31461528354054,30.503466387044487,6291705
361,2009-03-30,29.580541610717773,30.25318328421663,27.37490638479086,30.25318328421663,4842258
362,2009-03-31,29.909042358398438,30.597325169606652,28.172691044386575,30.597325169606652,7683950
363,2009-04-01,28.76711654663086,31.254323565537277,28.626331764088576,31.254323565537277,7321541
364,2009-04-02,29.283327102661133,29.7213246283918,28.986114344366012,29.377184321514967,9185217
365,2009-04-06,28.93918800354004,29.830828502698832,28.735832440702744,29.40847203010979,6958026
366,2009-04-08,30.472190856933594,30.878904198977153,28.00062646863267,28.62633864971779,16888845
367,2009-04-09,30.018535614013672,31.56717209827779,29.799534757869335,31.12917250767926,7959989
368,2009-04-13,29.61182975769043,30.50346813645492,29.173830059240792,30.19061211828689,6786405
369,2009-04-15,30.378328323364258,30.581683898181765,29.408473762640483,29.408473762640483,9517190
370,2009-04-16,29.596187591552734,30.91018249054205,29.33025911791731,30.78504092747287,16019178
371,2009-04-17,30.503467559814453,31.78617805873116,29.439757966827884,30.28446877557494,24728264
372,2009-04-20,31.880035400390625,32.50574742712869,29.893398866821023,31.567179387021596,20235831
373,2009-04-21,31.285606384277344,31.989532336971447,31.004034730185463,31.723603906166403,8757532
374,2009-04-22,30.237539291381836,32.03646124695817,29.79953962918374,32.03646124695817,10270548
375,2009-04-23,31.301250457763672,31.55153568904515,29.736970414367683,30.487826108212115,7645123
376,2009-04-24,31.301250457763672,31.786177695554546,30.691181665177353,31.72360691815683,4953362
377,2009-04-27,30.26881980895996,31.28560377760253,30.049821066262112,31.28560377760253,6298942
378,2009-04-28,28.78276252746582,30.941470512659826,28.62633450484412,30.61297124081608,8020828
379,2009-04-29,28.97047233581543,29.564897877332843,28.532472670026888,29.3771855534439,10317407
380,2009-04-30,28.97047233581543,28.970472335815433,28.970472335815433,28.970472335815433,0
381,2009-05-04,29.42411231994629,30.002896743651633,29.26768432669516,29.67439753348618,6346688
382,2009-05-05,30.018535614013672,30.347032654849894,29.25203686088878,29.7213207725864,10754066
383,2009-05-06,30.1436824798584,30.847608472061292,29.79954003499411,30.331396926455376,8162872
384,2009-05-07,30.378328323364258,30.628613576617887,29.877757816857,30.34704187107351,6552316
385,2009-05-08,30.4565486907959,31.598474734136435,29.90905051324243,30.34704820660871,16052278
386,2009-05-11,30.4565486907959,31.26997540326611,30.253193073523956,30.378334665431115,8177989
387,2009-05-12,31.661033630371094,31.801818398775858,30.081110487474366,30.75375000412514,9045014
388,2009-05-13,31.035327911376953,32.052110063686364,30.73811296950306,31.91132526693554,8210662
389,2009-05-14,31.08226203918457,31.754903955125208,30.26883529673725,31.254333325666657,7465672
390,2009-05-15,31.58282470703125,31.880037515108903,31.066610977715644,31.12918176020187,5990389
391,2009-05-18,36.619808197021484,37.542735260905204,33.819749037812535,35.66559892219813,170650
392,2009-05-19,36.93265914916992,38.762867675140505,33.47560190052203,35.665593993010965,19037417
393,2009-05-20,37.16730880737305,40.671298573759316,35.039889177098466,38.48130603061343,10704619
394,2009-05-21,36.744956970214844,38.79416260746341,36.46338310205241,37.51145182415096,11495294
395,2009-05-22,37.13602828979492,38.41873911516285,36.44774319031487,37.19859696214072,8524108
396,2009-05-25,36.47902297973633,37.54273264898978,36.04102537985332,37.52709154460813,5914983
397,2009-05-26,33.71025466918945,36.807529339826154,32.975041954817364,36.760601771543385,11328948
398,2009-05-27,34.32032012939453,35.66560170129851,33.71025119611572,34.414177377981524,9833643
399,2009-05-28,35.039886474609375,35.634312127512544,33.522533766637906,35.039886474609375,18047010
400,2009-05-29,35.96281433105469,36.291311497158084,35.21195851299748,35.665599376289215,12795881
401,2009-06-01,37.574012756347656,37.79300939761838,35.75944551555415,36.885727898912045,13519274
402,2009-06-02,37.245521545410156,38.700305650870845,36.35388514965293,37.855592573079605,10664555
403,2009-06-03,39.29472351074219,39.57629306618836,36.917017027254595,37.855585040995926,19445390
404,2009-06-04,39.26343536376953,39.701432902565934,38.07458429512487,39.576291354821386,11373782
405,2009-06-05,39.12264633178711,40.201996778814085,38.43436156639984,39.70142642611246,13240784
406,2009-06-08,37.83995056152344,39.81094203802487,37.120379079007854,39.107015904505516,8283946
407,2009-06-09,37.87123489379883,38.309232503655416,36.40080979994282,37.76173443048927,6301719
408,2009-06-10,38.262298583984375,39.32600810059076,37.73044170399071,39.32600810059076,5514227
409,2009-06-11,38.356163024902344,39.26344476757538,37.91816538120315,39.091375628637756,8425194
410,2009-06-12,37.93379592895508,38.856722764076224,36.94830044408147,38.48129389203829,8819990
411,2009-06-15,38.15280532836914,38.70030341367003,37.07345026285185,38.70030341367003,6088490
412,2009-06-16,38.43436813354492,38.71593767899405,36.99522971489485,38.41872703122369,5235173
413,2009-06-17,37.245521545410156,39.35730423988826,36.63545476112269,39.35730423988826,8548532
414,2009-06-18,34.24209976196289,37.3863032158155,33.69460172199768,37.229875204396876,15756310
415,2009-06-19,33.80410385131836,35.337097590398294,32.599607255119274,35.337097590398294,11260656
416,2009-06-22,33.27223587036133,34.226446895570774,32.849881631514265,33.788449435650094,11032509
417,2009-06-23,33.585105895996094,34.07003107026765,32.30239525786208,32.537037292518974,9061729
418,2009-06-24,33.64767074584961,34.66445271668119,33.240957533178886,34.66445271668119,12156270
419,2009-06-25,33.491249084472656,34.55495880645918,33.02196288748933,34.10131795801466,22858397
420,2009-06-26,34.68010711669922,34.88346272772341,33.17839532980344,34.382892132091484,16833106
421,2009-06-29,34.8678092956543,35.6812336234152,34.570596519709156,35.6812336234152,16727201
422,2009-06-30,34.22644805908203,35.49351506207673,33.72587981954041,35.03987436566114,10678356
423,2009-07-01,33.47560501098633,34.5080303748566,32.84989292642141,34.27338834314476,9694486
424,2009-07-02,34.44546127319336,34.680103316366065,33.3973926316789,34.680103316366065,11593296
425,2009-07-03,35.337100982666016,35.587386261684976,33.55382181740378,34.24210474343768,14320723
426,2009-07-06,32.42753601074219,36.76059299025571,32.06775241534177,35.91587998941856,16536927
427,2009-07-07,32.709110260009766,34.0700350694428,32.22418502881719,34.0700350694428,6256398
428,2009-07-08,31.880035400390625,32.50574742712869,30.878896581947853,32.50574742712869,9995092
429,2009-07-09,32.19288635253906,32.59959953031532,31.348175673582407,32.067744815541886,5766023
430,2009-07-10,32.11468505859375,33.287895388129996,31.629757698047204,32.380613581965086,4813799
431,2009-07-13,32.255462646484375,32.94374546125409,31.050966129369368,32.38060632660929,6649724
432,2009-07-14,33.78845977783203,34.07002935658131,32.42753519659878,32.77167767879523,6681312
433,2009-07-15,34.74267578125,34.94603137980993,33.85103512546039,34.257748444271286,5318107
434,2009-07-16,34.68010711669922,35.790744545403726,33.78846640625834,35.790744545403726,6733724
435,2009-07-17,34.94602966308594,35.290172174794776,34.445461244416904,35.290172174794776,4714999
436,2009-07-20,35.024234771728516,35.66558995045762,34.66445124599019,35.05552121817985,3204852
437,2009-07-21,34.47674560546875,35.25888574936719,33.944890731955994,35.25888574936719,3387311
438,2009-07-22,34.054386138916016,35.25888050846837,33.663316125095655,34.57059770848265,4155805
439,2009-07-23,35.54044723510742,35.884589647952886,34.132595381687395,35.16501837684316,7225701
440,2009-07-24,35.36838912963867,36.43210108591757,35.0868173816423,36.43210108591757,3938895
441,2009-07-27,35.86895751953125,36.26002762290503,35.196317790404784,36.26002762290503,5271010
442,2009-07-28,36.385162353515625,36.6041632675051,35.696881647257,36.51030815772755,5714377
443,2009-07-29,36.72932052612305,36.91703506928708,35.29018347473466,36.88574860486254,8829709
444,2009-07-30,37.245521545410156,37.74609210101304,36.823169249896516,36.948310827951744,17110331
445,2009-07-31,36.72932052612305,37.9338175810938,36.54160598295901,37.51146091982052,5752956
446,2009-08-03,36.698020935058594,37.30809192127754,36.54159291227237,37.10473634033179,3665243
447,2009-08-04,36.2600212097168,37.49580421516203,36.13487964744699,37.49580421516203,3621563
448,2009-08-05,35.93152618408203,36.44773781081066,35.352741650860736,36.44773781081066,4774621
449,2009-08-06,35.211952209472656,36.22873210217311,34.94602375703262,35.79073454465013,7103528
450,2009-08-07,35.29017639160156,35.82203132822829,34.77396256235616,35.03989109151511,3574790
451,2009-08-10,34.617530822753906,35.91588262854084,34.33596121624547,35.63431302203241,2330557
452,2009-08-11,34.83653259277344,35.22760267873362,34.179533999683926,35.22760267873362,2647345
453,2009-08-12,34.38288497924805,34.83652791540575,32.84989129678974,32.84989129678974,3169220
454,2009-08-13,34.961669921875,35.32145350854885,34.60188633520116,35.32145350854885,3372052
455,2009-08-14,35.00859451293945,35.665592970527136,34.72702495779648,34.72702495779648,5692114
456,2009-08-17,33.303531646728516,34.85216853326219,33.131460410071284,34.41417095058078,7525848
457,2009-08-18,34.02309799194336,34.10131199080585,32.84988800900607,33.381742776932875,3831268
458,2009-08-19,33.19403839111328,34.39853518731895,33.084540032534406,34.33596439360371,2016070
459,2009-08-20,33.522544860839844,33.77283021077966,33.31918920746527,33.60075890009031,1291386
460,2009-08-21,33.916175842285156,34.04214246341772,33.0816541850765,33.69573692485672,2476248
461,2009-08-24,34.2153434753418,34.43578453085028,33.91617621726396,34.29407181355401,3720905
462,2009-08-25,34.62472152709961,34.92388870107235,34.246826037047605,34.60897543675531,5644025
463,2009-08-26,34.46726989746094,35.08135042487731,34.168102680067584,34.64047264510211,4450635
464,2009-08-27,34.02640151977539,34.78219281841196,33.82170653031409,34.467279421372865,7528977
465,2009-08-28,33.88468933105469,34.43578775005928,33.50679156379424,34.26258496267208,4498782
466,2009-08-31,33.88468933105469,34.073636079041854,33.44380931446518,33.66424825493841,5347897
467,2009-09-01,33.554019927978516,34.16810258940808,33.28634489655472,33.97915374963859,4467549
468,2009-09-02,33.97915267944336,34.073627096352574,33.22336161545464,33.38081826508916,3513954
469,2009-09-03,33.49104309082031,34.325564776047436,33.22336801625693,34.325564776047436,5440841
470,2009-09-04,33.74296188354492,33.82169019477971,32.98717094994773,33.56975917169994,3523284
471,2009-09-07,33.69573211669922,34.3727948669691,33.569765513541256,34.29406654086132,4931172
472,2009-09-08,34.02640151977539,34.42004326607426,33.868944821255845,33.900434879573865,4162308
473,2009-09-09,33.207603454589844,34.01063250300634,33.06589294854969,34.01063250300634,8053306
474,2009-09-10,33.82170486450195,34.21534659141288,33.428063137591025,33.632758116970535,7355612
475,2009-09-11,34.07362747192383,34.262576307824915,33.58551142554812,34.07362747192383,4466196
476,2009-09-14,34.01065444946289,34.136618950416356,33.695741061436124,33.85319775544951,2292939
477,2009-09-15,33.79021453857422,34.24683851102498,33.63275784906409,34.19960235842915,6351632
478,2009-09-16,33.94767379760742,34.278333297735145,33.601268200208246,34.04214824559295,7262510
479,2009-09-17,34.02640151977539,34.21534827661296,33.7114881227363,34.152366024333766,4533815
480,2009-09-18,33.96341323852539,34.08937772072334,33.72722823267214,33.72722823267214,3807983
481,2009-09-22,34.01065444946289,34.26258558701292,33.91618000592624,34.01065444946289,3732519
482,2009-09-23,34.671958923339844,35.20731103204314,34.105114634742506,34.19958903878243,10885467
483,2009-09-24,35.08134460449219,35.695427165667994,34.60897471782908,34.955380155638906,10152395
484,2009-09-25,35.049861907958984,35.49073970701336,34.79793082179534,34.955387483692284,5754133
485,2009-09-29,34.93963623046875,35.67968328635088,34.797925682817926,35.58520887603622,3351144
486,2009-09-30,34.62472152709961,35.39625859754792,34.514503165974,35.018363107495915,5591598
487,2009-10-01,34.545997619628906,34.95538534261377,34.435779244437704,34.67196422281638,4613924
488,2009-10-05,34.29407501220703,34.498769992036664,34.05788997554111,34.29407501220703,3847231
489,2009-10-06,34.48301696777344,34.608981441097036,33.77446200013228,34.53025311135913,2883224
490,2009-10-07,34.2625846862793,34.766444812490214,34.089381900289304,34.64048031484825,3492297
491,2009-10-08,33.97915267944336,34.451522628346936,33.88468039817664,34.325558162896314,6173266
492,2009-10-09,33.96341323852539,34.26258048547761,33.7114821384867,34.16810605600776,4193022
493,2009-10-12,34.10511779785156,34.24682834923342,33.90042288084008,34.010643385049526,1800379
494,2009-10-13,34.10511779785156,34.10511779785156,34.10511779785156,34.10511779785156,0
495,2009-10-14,35.00263214111328,35.270309385697836,34.12087632854969,34.420043631786854,6809859
496,2009-10-15,35.41201400756836,35.90013012284983,35.00262622908574,35.00262622908574,7572106
497,2009-10-16,35.27030563354492,35.74267568387046,35.12859504557586,35.585219000428616,3312168
498,2009-10-20,35.22306823730469,35.80565666405379,34.986883220493276,35.11284770853555,3209019
499,2009-10-21,35.08134460449219,35.490732266728656,34.860905751177846,35.207311188987674,1976113
500,2009-10-22,34.3570556640625,35.08135465595739,31.806256690973143,34.79793349701094,2682882
501,2009-10-23,34.734954833984375,34.79793708294694,34.32556701226312,34.640480392719,1979627
502,2009-10-26,34.62472152709961,34.95538088176096,34.231079946703304,34.48301098528539,1820035
503,2009-10-27,34.3570556640625,34.71920516000995,34.18385289553174,34.294071285947446,4096925
504,2009-10-28,33.88468933105469,34.32556721200114,33.44380931446518,34.32556721200114,1873167
505,2009-10-29,33.317840576171875,34.30981894912342,33.065911594764735,33.41231501202101,4457277
506,2009-10-30,32.86121368408203,33.97915644759087,32.46757201634249,33.97915644759087,2912146
507,2009-11-03,32.247135162353516,33.27060356362917,32.02669624151502,32.59354070627319,3200653
508,2009-11-04,32.892704010009766,33.034414575246544,31.58581246569977,32.640772929787374,2690289
509,2009-11-05,33.554019927978516,33.69573262562691,32.26287664169552,32.82972102536144,2975233
510,2009-11-06,33.60125732421875,34.12086555213173,33.443800673755874,33.97915285820115,2665782
511,2009-11-09,33.80595016479492,33.931914623134034,33.08164705459671,33.90042244072807,1222652
512,2009-11-10,33.1288948059082,34.01065267346742,32.90845587292914,34.01065267346742,2700520
513,2009-11-11,34.1838493347168,34.309813806539964,33.06590663862638,33.33358167516128,3211200
514,2009-11-12,33.49104309082031,34.67197032623876,33.23911197573961,34.67197032623876,7034805
515,2009-11-13,32.987178802490234,33.77446210224966,32.78248386316721,33.53827711232183,5050823
516,2009-11-16,33.0501594543457,33.648496014853826,32.782482291007526,33.38081885151565,6037955
517,2009-11-17,33.03440856933594,33.19186519889277,32.672259175612105,33.19186519889277,4578478
518,2009-11-18,32.892704010009766,33.3178357057201,32.76673740207727,33.06590676114032,3519599
519,2009-11-19,32.939945220947266,33.22336853066749,32.78248853853923,33.0029274667819,3934390
520,2009-11-20,33.632755279541016,33.75871976726829,32.97143637986565,33.097400867592924,4677765
521,2009-11-23,33.44380187988281,33.75871519216569,33.191870802928,33.69573295683763,2821321
522,2009-11-24,32.70375442504883,33.53827597590225,32.60928000515037,33.53827597590225,5439086
523,2009-11-25,32.97142791748047,33.01866405434394,32.68800468937267,32.75098905271373,1865683
524,2009-11-26,32.46757888793945,32.971441183543035,32.310122187518736,32.719510035741244,5780245
525,2009-11-27,32.16840744018555,32.59354133081105,31.61730905970807,32.404592460390184,7226035
526,2009-11-30,31.42836570739746,32.67227540739193,29.932526983465994,32.43609034571854,34539390
527,2009-12-01,32.27861785888672,32.562038940090176,31.49133470483019,32.121161228075415,9492411
528,2009-12-02,32.451820373535156,32.656515287144366,32.05817877310479,32.3101098245087,4964876
529,2009-12-03,32.46757888793945,32.68801784139983,32.38885053772909,32.49907108228087,3578736
530,2009-12-04,32.67226791381836,32.8769607327305,32.199897898812374,32.27862623464671,3567645
531,2009-12-07,32.59354019165039,32.81397910900835,32.56204800246661,32.73525077169173,4545289
532,2009-12-08,32.97142791748047,33.144630645383735,32.499058006276464,32.68800468937267,4206166
533,2009-12-09,32.75099182128906,33.19186958809174,32.68800745262368,32.93993852035771,3096689
534,2009-12-10,33.22336196899414,33.443800853699734,32.75099201506394,32.75099201506394,3347394
535,2009-12-11,33.11315155029297,33.61701384229787,32.98718704511333,33.38082879335367,2530102
536,2009-12-14,33.0501594543457,33.30209052531531,32.924192851039635,33.065905546714276,1458861
537,2009-12-15,33.0501594543457,33.22336219911496,32.81397447574467,33.11314168817747,2359025
538,2009-12-16,32.9241943359375,33.12888927467576,32.60928101693337,32.90845037850139,3602393
539,2009-12-17,32.955684661865234,33.34932628840074,32.861210244368216,33.34932628840074,1264927
540,2009-12-18,32.9241943359375,33.14463536775448,32.625027110012105,32.9241943359375,1671508
541,2009-12-21,32.9241943359375,33.034414851845995,32.6880093466844,32.76673767643544,1309866
542,2009-12-22,33.53827667236328,33.82169780230167,32.76673734020608,32.95568618392674,3246132
543,2009-12-23,34.4987678527832,34.78218902495026,33.632756105375826,33.69573835078596,9531688
544,2009-12-24,34.2625846862793,35.0341220395332,34.026399651468324,34.483023624974265,3529789
545,2009-12-29,34.545997619628906,35.0656058534475,34.38854096737646,34.56174371198266,3582130
546,2009-12-30,34.278324127197266,34.79793024864173,34.18384970448665,34.48301693003475,1887030
547,2009-12-31,34.68771743774414,35.553729256272774,34.40429624230109,34.54600684002261,8785123
548,2010-01-04,35.396263122558594,35.63244810098995,34.6719642305498,34.703454279621795,4353415
549,2010-01-05,35.50648498535156,36.0260911034279,35.34902832706872,35.58521331449298,4374738
550,2010-01-06,35.75841522216797,36.02609025354861,35.58521247501429,35.774161314753314,5549959
551,2010-01-07,36.073326110839844,36.29376713400904,35.490737774922444,35.86863331577421,4535147
552,2010-01-08,36.16780090332031,36.46696596729008,35.91586770750459,36.246529226146805,3809958
553,2010-01-11,36.34176254272461,36.76875529808919,36.24687717040433,36.689682724501736,3041300
554,2010-01-12,35.81988525390625,36.53153843285955,35.67755504711177,36.12036275656013,2569224
555,2010-01-13,36.357574462890625,36.531532384068804,35.36125889033467,35.81987932294906,3322262
556,2010-01-14,37.11668014526367,37.480413171493204,36.389209802842394,36.531542169175005,6747297
557,2010-01-15,37.52784729003906,38.413462597186516,37.11667166562287,37.432961927469556,11273753
558,2010-01-18,37.195743560791016,37.95483931755137,37.037598432717566,37.55947649736773,4085821
559,2010-01-19,36.768768310546875,37.60693702920924,36.578993208783295,37.16413131840301,4992784
560,2010-01-20,36.97434997558594,37.30645742010522,36.65805962268899,36.76876210419542,3697700
561,2010-01-21,35.94640350341797,37.148309323938555,35.75663059358398,36.84783179631788,3555527
562,2010-01-22,36.15199661254883,36.35758878762135,34.71287712681767,34.79194972031856,4943166
563,2010-01-25,36.46827697753906,37.005972181755446,35.44033568913562,36.15198669034392,2912852
564,2010-01-27,35.83570861816406,37.13249787308073,35.487788346489545,36.46828722533169,8252922
565,2010-01-28,36.02547836303711,37.306456846553395,34.254253701033846,36.658059059105675,11600411
566,2010-01-29,35.64591979980469,35.96221005400947,35.124041738359026,35.70917742164953,3996285
567,2010-02-01,35.72500228881836,35.94640509927784,35.424526892838976,35.50359947835888,2078776
568,2010-02-02,35.96221923828125,36.531542270243484,35.58267126530013,35.867331708790694,3466800
569,2010-02-03,35.72500228881836,36.13618016251806,35.582672063878775,36.05710757699816,2006355
570,2010-02-04,35.42452621459961,36.13617947065335,35.32963868479622,35.58267138261155,2254939
571,2010-02-05,33.96959686279297,35.10824316684791,33.843081560112005,34.98172786416695,4391981
572,2010-02-08,34.317501068115234,34.45983125312546,33.77980806642077,34.317501068115234,1831316
573,2010-02-09,34.19098663330078,34.47564701005273,34.01702656084987,34.19098663330078,1113258
574,2010-02-10,33.93796157836914,34.36495223889918,33.858888995495306,34.31750954716731,1023345
575,2010-02-11,33.85888671875,34.23843466202655,33.8272568297349,34.00121692935609,640478
576,2010-02-15,33.178855895996094,34.31750168655876,33.14722601209912,33.93795380469807,1575236
577,2010-02-16,33.76399612426758,34.00121383535197,33.14722835946357,33.21048813173734,1192982
578,2010-02-17,33.87469482421875,34.08028262636752,33.748177438682156,34.00121006477484,989784
579,2010-02-18,34.206809997558594,34.617987892651136,33.59004422741041,33.92214953286906,1713670
580,2010-02-19,33.890506744384766,34.20679698257847,33.68491894755104,34.20679698257847,1267093
581,2010-02-22,33.84307098388672,34.27006375071413,33.763998408176526,33.96958624703067,835164
582,2010-02-23,33.716552734375,33.906327769336045,33.54259264315752,33.84307013934264,801182
583,2010-02-24,33.60585021972656,33.81143804000132,33.4160751971801,33.59003527701758,906081
584,2010-02-25,33.66912078857422,33.84308093528499,33.24212789619157,33.84308093528499,1650113
585,2010-02-26,34.017032623291016,34.44402326451628,33.52678220264187,33.84307251983732,1548385
586,2010-03-02,34.017032623291016,34.63379831282595,33.84307251983732,34.03284756814699,780476
587,2010-03-03,34.380767822265625,34.475655352470696,33.70074230994691,33.70074230994691,1578097
588,2010-03-04,34.41239929199219,34.633802109302465,34.25425411605896,34.47565693336924,1157814
589,2010-03-05,34.23843002319336,34.681235539525154,34.159357456349774,34.4756477237241,766252
590,2010-03-08,34.80775833129883,35.01334617898154,34.31750791184659,34.475653070058215,1998979
591,2010-03-09,34.41239929199219,34.91846256798979,34.317511757436,34.7919472852357,1368556
592,2010-03-10,34.507286071777344,34.697058991757615,34.20680852809151,34.44402628680274,1572349
593,2010-03-11,33.779815673828125,34.85520191940019,33.55841073063884,34.475653958903045,4256779
594,2010-03-12,33.62166213989258,33.969582290486436,33.38444444039148,33.54258957339221,7813231
595,2010-03-15,33.09978485107422,33.684922715171766,32.95745465696368,33.684922715171766,2420100
596,2010-03-16,33.19467544555664,33.289562965437895,32.751867734437745,32.91001288591287,1690093
597,2010-03-17,33.637481689453125,33.79562898909565,33.242118802799176,33.242118802799176,2067076
598,2010-03-18,33.55841064453125,33.81144333254043,32.309064294650895,33.38445053746362,2257266
599,2010-03-19,34.222618103027344,34.554723342094725,33.40026247723963,33.5267798823505,3363560
600,2010-03-22,34.017032623291016,34.50728304394017,33.73237005082652,33.84307251983732,2178427
601,2010-03-23,34.143558502197266,34.44403396790871,33.779825382385795,34.08030084809723,1381649
602,2010-03-25,33.66912078857422,34.30170158026317,33.52679053944051,34.30170158026317,3128139
603,2010-03-26,33.76399612426758,34.00121383535197,33.47933358397786,33.70073635199381,2059990
604,2010-03-29,33.76399612426758,34.04865651957655,33.55840615433932,33.98539889228353,1977720
605,2010-03-30,33.74818420410156,34.00121688091911,33.684926571142405,33.763999148586585,1369034
606,2010-03-31,33.890506744384766,34.032839067556296,33.30536894573424,33.84306406664789,1719363
607,2010-04-01,33.73236846923828,34.032845972470454,33.684925781875776,34.00121608424152,928358
608,2010-04-05,34.017032623291016,34.23843541633163,33.76399994053846,34.15936283703277,1444077
609,2010-04-06,33.90633010864258,34.15936279105456,33.81144258461546,34.15936279105456,2818200
610,2010-04-07,34.96589660644531,35.10822679182177,33.87469565858509,33.87469565858509,3932498
611,2010-04-08,35.15568923950195,35.70919749551404,34.20681794348124,35.424536964700536,4525961
612,2010-04-09,34.68124771118164,35.250570821259984,34.570547365737866,35.17149822666525,2218499
613,2010-04-12,34.301692962646484,34.9500885402275,34.19099263890108,34.50728295528392,854787
614,2010-04-13,34.08028793334961,34.538908433007435,33.96958547188907,34.00121535944375,1196945
615,2010-04-15,34.04865646362305,34.44401931478065,33.93795615228736,34.31750406040251,1834504
616,2010-04-16,34.12772750854492,34.22261501757798,33.87469701109764,33.93795463545946,3410045
617,2010-04-19,34.017032623291016,34.12773294732083,33.684927361239595,33.9695877887231,1997149
618,2010-04-20,34.143558502197266,34.42822116311994,33.700750633533666,34.001228244226766,2663183
619,2010-04-21,34.80775833129883,35.17149133719317,34.127732864000244,34.159362753634966,4408329
620,2010-04-22,34.36495590209961,35.31382699773238,34.03285273461319,34.69706121456734,3257926
621,2010-04-23,34.68124771118164,34.79195020160683,34.28588473820799,34.47565982322791,1225052
622,2010-04-26,34.91844940185547,35.218926838817424,34.69704666802593,34.791934166804424,1204934
623,2010-04-27,35.804073333740234,36.262693881025626,34.82357460247165,34.87101729374974,11718037
624,2010-04-28,36.34176254272461,38.1129890490759,34.190990257130544,35.58266669427739,8993805
625,2010-04-29,34.93428039550781,36.025481770439065,34.66543486123915,36.025481770439065,5294606
626,2010-04-30,34.80775833129883,35.26637886111634,34.72868575219301,35.26637886111634,1318467
627,2010-05-03,34.58635330200195,34.77612619259417,34.50728072800999,34.77612619259417,1557313
628,2010-05-04,34.001224517822266,34.776135521829204,33.89052202654352,34.60217538338322,1045708
629,2010-05-05,33.92214584350586,34.064476060370836,33.59004057416689,33.84307326247187,1404451
630,2010-05-06,33.76399612426758,34.00121383535197,33.33700338632338,33.68492355390612,1322298
631,2010-05-07,33.52677917480469,33.763996891277905,33.22630168462064,33.36863403048921,5243780
632,2010-05-10,34.19098663330078,34.36494456077108,33.590033850741335,33.621661589835654,1121466
633,2010-05-11,33.76399612426758,34.44401937138386,33.669108610837675,34.44401937138386,838559
634,2010-05-12,33.795631408691406,34.04866195828089,33.55841151473436,34.032849157667364,1266616
635,2010-05-13,34.27006149291992,34.34913406342063,33.68492361322242,34.001213895225234,1612426
636,2010-05-14,33.60585021972656,34.285873451386784,33.368632514033834,33.92214049398354,1711958
637,2010-05-17,32.78350067138672,33.495153919204114,32.59372561397631,33.210493478069594,1851642
638,2010-05-18,32.89419937133789,33.19467472360945,32.609536817885214,33.19467472360945,1361316
639,2010-05-19,32.48301315307617,32.89419086058047,32.29323816654179,32.89419086058047,2450689
640,2010-05-20,32.925838470458984,33.08398367304074,32.02441210273193,32.34070250789544,2116627
641,2010-05-21,32.688621520996094,32.95746923040481,31.73975028070412,31.992783040444973,1432024
642,2010-05-24,32.49883270263672,32.91000832348464,32.29324274723216,32.76767813588493,3809046
643,2010-05-25,31.913707733154297,32.34070061310078,31.64486004652407,32.26162801644265,2621138
644,2010-05-26,32.64116287231445,32.894195508453116,32.38813023617579,32.54627536563988,1674436
645,2010-05-27,32.05603790283203,33.052353905372655,31.692304817051756,33.052353905372655,4522469
646,2010-05-28,32.593719482421875,32.862567072347304,32.056026447551716,32.056026447551716,1223573
647,2010-05-31,32.67280197143555,32.78350445854351,32.309068905191694,32.656989168975564,3962642
648,2010-06-01,32.9100227355957,33.21050032931348,32.530474687456156,33.21050032931348,2173677
649,2010-06-02,33.020713806152344,33.0997863781931,32.577908260716406,33.020713806152344,1067731
650,2010-06-03,33.400264739990234,33.51096720883935,33.02071678890626,33.178861947273006,855327
651,2010-06-04,33.44770812988281,33.57422339311962,33.14723062597884,33.52678070565104,730766
652,2010-06-07,33.036529541015625,33.19467468888585,32.261618745447734,33.020714597232434,1110289
653,2010-06-08,32.593719482421875,33.21048723048836,32.46720423126914,33.036527151417836,1369731
654,2010-06-09,32.403953552246094,32.84675917118721,32.30906602104981,32.593726469657504,2036943
655,2010-06-10,32.24580001831055,32.799307970914,32.10346983092292,32.51464545115815,2079894
656,2010-06-11,32.07184600830078,32.577911375742794,32.00858837361578,32.41976621653979,1791437
657,2010-06-14,32.593719482421875,32.68860699327678,32.16672890104588,32.56209174212404,1700881
658,2010-06-15,32.67280197143555,32.736061761200865,32.41977139229965,32.60954432665157,1047592
659,2010-06-16,32.46721267700195,32.95746315646443,32.38814008821708,32.67280054985013,1289944
660,2010-06-17,32.530460357666016,32.688605486809095,32.34068748968267,32.4672027350049,662067
661,2010-06-18,32.530460357666016,32.86256555786261,32.22998504129028,32.451387793094476,1111519
662,2010-06-21,32.70441818237305,32.8151206231617,32.53045812326821,32.64116056405686,1131800
663,2010-06-22,32.45139694213867,32.81513212870422,32.29325176840962,32.736059541839694,1139377
664,2010-06-23,32.35649108886719,32.530451110470345,32.22997587950852,32.26160575433818,1355354
665,2010-06-24,32.08766555786133,32.51465626199485,31.94533532315015,32.2932534363351,2329371
666,2010-06-25,32.05603790283203,32.32488558883064,31.913707658178076,31.97696530635967,1672844
667,2010-06-28,32.656982421875,32.815127573652006,32.07184450230773,32.07184450230773,2401306
668,2010-06-29,32.43558883666992,33.13142946382055,32.293258579291525,32.815139049654505,1542276
669,2010-06-30,32.925838470458984,33.052355919513346,32.13511245755021,32.26162990660456,2708253
670,2010-07-01,32.656982421875,32.91001294873349,32.41976469420949,32.79931262947812,1450319
671,2010-07-02,32.75186538696289,32.97327029914369,32.609535189832904,32.767680329973054,1534161
672,2010-07-05,32.29324722290039,32.862570197184894,31.62903887371922,32.57790978253309,1409644
673,2010-07-06,32.27743911743164,32.40395655240082,32.198366524943914,32.293254064925456,765539
674,2010-07-07,32.48301315307617,33.147221315985924,32.435568333952425,32.57790064634336,4099698
675,2010-07-08,32.26161193847656,32.89419239648745,32.21416711713751,32.89419239648745,2147848
676,2010-07-09,32.24580001831055,32.483017712283456,32.15091251172526,32.41976008955346,2076435
677,2010-07-12,31.929513931274414,32.41976432519915,31.850441356285938,32.30906186222293,4188571
678,2010-07-13,31.945335388183594,32.08766562318452,31.70811761485494,31.8820755993109,3777184
679,2010-07-14,31.850439071655273,32.261616861097764,31.77136650233867,32.229986975378836,2928502
680,2010-07-15,31.866252899169922,32.15091328075407,31.802993129946206,32.103470598816926,3552196
681,2010-07-16,31.739736557006836,32.08765671933873,31.629036247159938,32.08765671933873,1309829
682,2010-07-19,31.644853591918945,32.071846384771646,31.344378214902346,31.344378214902346,3056097
683,2010-07-20,31.581584930419922,31.8346175287699,31.53414225665817,31.78717485500815,2241425
684,2010-07-21,31.597410202026367,31.739740414832404,31.502522678495353,31.739740414832404,1373142
685,2010-07-22,32.08766555786133,32.48302851260421,31.629044959355845,31.850447785015596,5819774
686,2010-07-23,31.945335388183594,32.38814104040455,31.818817955419526,32.38814104040455,1826820
687,2010-07-26,31.945335388183594,32.08766562318452,31.62904502374539,31.945335388183594,1879489
688,2010-07-27,31.992769241333008,32.198357063396195,31.67647896432458,31.67647896432458,2785906
689,2010-07-28,32.02439498901367,32.4513855208133,31.86624987094408,32.103467548048464,3199899
690,2010-07-29,31.739736557006836,32.24580185767492,31.549963677991848,31.69229387349827,2312762
691,2010-07-30,31.75554847717285,32.00858110342188,31.676475915531306,31.78717835982167,1285466
692,2010-08-02,31.803009033203125,32.07185675190066,31.723936427113465,31.945341440149893,778568
693,2010-08-03,31.597410202026367,31.882070627638434,31.534152567999353,31.882070627638434,1708893
694,2010-08-04,31.676485061645508,31.787187537899566,31.20204955481006,31.787187537899566,1886451
695,2010-08-05,31.249486923217773,31.882067491219377,31.154599409021376,31.486704636218374,1508701
696,2010-08-06,31.486703872680664,32.02439905842779,31.31274379170252,31.39181636078525,3922176
697,2010-08-09,32.30906677246094,32.388139359466635,31.81881630402936,31.866261143221504,3155186
698,2010-08-10,32.10347366333008,32.562094164096855,31.961141313970685,32.562094164096855,2033594
699,2010-08-11,31.676485061645508,32.13510562259022,31.629042368954416,31.945332706844713,1383082
700,2010-08-12,31.549964904785156,31.692295105825966,31.470890187561594,31.502520074451017,746648
701,2010-08-13,32.22998809814453,32.324875613626105,31.518334949503895,31.739737722307044,2838836
702,2010-08-16,33.30537033081055,34.00121059975909,32.38812945989554,32.38812945989554,10437835
703,2010-08-17,33.21049880981445,33.93796712003687,33.08398136956887,33.66911943637377,4272775
704,2010-08-18,32.87838363647461,33.60585172893166,32.46720583247882,33.416076697862586,2042150
705,2010-08-19,33.00489807128906,33.526778321231845,32.62535016359115,33.526778321231845,2150678
706,2010-08-20,32.64116287231445,33.242113506285754,32.57790524952494,33.052340637917204,1350531
707,2010-08-23,33.00489807128906,33.178858154603326,32.35650256710723,32.799310246905414,1558660
708,2010-08-24,32.593719482421875,33.1946722878491,32.43557434599062,33.1946722878491,1419761
709,2010-08-25,32.593719482421875,32.89419695762584,32.37231672041425,32.41976154833204,1708531
710,2010-08-26,33.35280990600586,33.59002755717998,32.57789934116645,32.86255966458331,6819779
711,2010-08-27,33.00489807128906,33.68492346152104,32.799310246905414,33.49514843518171,3318728
712,2010-08-30,34.396575927734375,34.633793633581355,33.210487398499495,33.33700265029227,12599675
713,2010-08-31,34.41239929199219,35.02916504913554,34.001221405569545,34.4440270401901,7251681
714,2010-09-01,34.222618103027344,34.69705354598622,33.93795769524436,34.412393138203235,4105554
715,2010-09-02,34.03285217285156,34.5072877128367,33.85889204586075,34.5072877128367,2077611
716,2010-09-03,34.15936279296875,34.50728299942734,34.09610515860746,34.285878061691335,2025354
717,2010-09-06,34.1751823425293,34.41240011208234,33.84307703615879,33.84307703615879,1657041
718,2010-09-07,34.063438415527344,34.63807965770832,33.9197786462366,34.63807965770832,2364772
719,2010-09-08,33.99959945678711,34.19114731319856,33.76016571878209,34.06344802058472,2119627
720,2010-09-09,33.36109924316406,34.15921145807057,33.24936266706997,34.127286103467135,4325702
721,2010-09-13,33.69630432128906,33.99958869208664,33.47283333624185,33.77611554202149,2223035
722,2010-09-14,33.536678314208984,33.95169705089647,33.377055889715166,33.55264098966191,2096762
723,2010-09-15,34.111331939697266,34.2549917321136,33.53668843999523,33.53668843999523,3700295
724,2010-09-16,33.72824478149414,34.44654608979238,33.61650815641797,34.12730106388205,1645185
725,2010-09-17,33.60054397583008,33.983637532174626,33.52073272804919,33.91978896695365,3999245
726,2010-09-20,33.72824478149414,33.91979266304789,33.64843352501656,33.77613066937313,1658444
727,2010-09-21,33.72824478149414,34.159226432480644,33.61650815641797,34.01556443880588,4168036
728,2010-09-22,33.792076110839844,34.095360462715114,33.6164910031799,33.760152923549356,2530696
729,2010-09-23,33.536678314208984,33.91977386500832,33.42494391607393,33.712263414155736,1296047
730,2010-09-24,33.69630432128906,33.77611554202149,33.34513624907713,33.53668187982421,2212027
731,2010-09-27,33.792076110839844,34.19113435462215,33.6164910031799,34.19113435462215,1731020
732,2010-09-28,34.127296447753906,34.20710769343606,33.71227753720301,33.83997682930561,3076594
733,2010-09-29,34.68596649169922,35.260607749882226,34.19113862425363,34.19113862425363,11684464
734,2010-09-30,33.99959945678711,35.05310833701291,33.887862846377324,34.73386335300622,5236368
735,2010-10-01,34.63808059692383,34.87751427390667,34.12728788668653,34.12728788668653,3875195
736,2010-10-04,35.02117919921875,35.27657559190993,34.43057734145243,34.87751940489821,4550532
737,2010-10-05,35.72351837158203,35.94699157280374,34.98925670477383,35.02117990136377,10282420
738,2010-10-06,35.675628662109375,36.28219314736715,35.420232291730976,35.915062353398206,5975746
739,2010-10-07,34.877525329589844,35.883146225678196,34.606166210318385,35.675637839189726,5825104
740,2010-10-08,34.957332611083984,35.340426139187244,34.68597352262582,34.957332611083984,2872678
741,2010-10-11,35.085025787353516,35.675629776996686,34.957328680682785,35.62774390324973,2923343
742,2010-10-12,34.94136428833008,35.16483529655882,34.54230814327228,35.11694942515914,1328063
743,2010-10-13,35.069061279296875,35.436192042931914,34.89347615385568,35.053098601526216,2785869
744,2010-10-14,34.143253326416016,35.3723471670141,33.839971077377776,35.2446478966171,6206210
745,2010-10-15,34.07939910888672,34.622114964061,33.74419155671447,34.1592103277364,3825540
746,2010-10-18,34.07939910888672,34.70192618291068,33.77611474524362,34.606152287287486,2661071
747,2010-10-19,33.6324577331543,34.3188355703711,33.45687260433055,34.223061666920145,2506333
748,2010-10-20,33.28129577636719,33.91978569706347,33.121673296193116,33.776123732892046,1611212
749,2010-10-21,33.7122688293457,34.15921298873151,33.58457173524578,33.935739826529584,5077785
750,2010-10-22,34.127296447753906,34.7338632139494,33.74420290148331,34.143259129894055,7613777
751,2010-10-25,33.121673583984375,34.44653931493341,32.993974299724485,34.19114507645056,4373958
752,2010-10-26,32.6268424987793,33.32918096399245,32.499143218274284,33.201483848505845,3559839
753,2010-10-27,32.51509475708008,32.96203883816655,32.4352835459951,32.83433960141999,4326267
754,2010-10-28,31.90853500366211,32.786458451742476,31.669101336003823,32.786458451742476,12789477
755,2010-10-29,32.05218505859375,32.56297759415496,31.924488007212105,31.956411187548856,2557085
756,2010-11-01,32.13199996948242,32.46720747436065,32.02026341285049,32.17988582802892,3644082
757,2010-11-02,31.956418991088867,32.0681555620961,31.30196657165615,31.924495802956688,8722079
758,2010-11-03,32.06816101074219,32.11604688358558,31.621216815791563,31.924501227193783,5792586
759,2010-11-04,32.40336608886719,33.31321275706883,31.92449873770273,32.17989292630934,7578044
760,2010-11-08,31.397747039794922,31.73295465798078,30.7432944833403,31.046576741691965,23828591
761,2010-11-09,33.13762283325195,33.520718390759725,31.413701484537906,31.50947537391485,37552410
762,2010-11-10,32.562984466552734,33.60053026430828,32.45124789924888,33.201474188248454,23142609
763,2010-11-11,32.323551177978516,33.105700662692215,32.1798892569958,32.56298482625931,9305659
764,2010-11-12,31.78083610534668,32.5470251494654,31.605250980755844,32.195854900283734,8655373
765,2010-11-15,32.307594299316406,32.81838487496553,31.92450082632502,31.92450082632502,6781511
766,2010-11-16,31.97239112854004,32.48318393998086,31.89257988706607,32.48318393998086,5839719
767,2010-11-18,32.37144470214844,32.64280376708939,31.74891750230436,32.2756707871682,11698558
768,2010-11-19,32.53106689453125,32.962048425755725,32.020274129007305,32.084124848461514,13151040
769,2010-11-22,32.38740921020508,32.53106900827493,31.50948557586677,32.24374941213522,16159489
770,2010-11-23,31.429668426513672,32.052195544438646,30.966761592526726,31.637176744149322,29650997
771,2010-11-24,30.998689651489258,31.365820450095686,30.647519367155812,30.80714183003134,29495589
772,2010-11-25,30.823104858398438,31.046575875951373,29.78555883795716,30.32827478487664,297127250
773,2010-11-26,30.791187286376953,30.88695905065849,29.833452323412534,30.567714063003685,108003635
774,2010-11-29,29.961139678955078,30.647515312505416,29.689780661960054,30.567704091626634,47311917
775,2010-11-30,30.312314987182617,30.360200861712602,29.30669213688827,29.72171098788189,56380039
776,2010-12-01,30.91888427734375,31.04658140582791,30.136734494086383,30.200583058328462,49377032
777,2010-12-02,31.605247497558594,31.637172849426815,30.823098026964793,31.09445702279139,69791050
778,2010-12-03,31.860658645629883,32.03624383258818,31.04658344429143,31.605262206874066,70133580
779,2010-12-06,31.828723907470703,32.02026954334699,31.541402206129302,31.924497807917838,35990183
780,2010-12-07,31.58929443359375,31.764877415208126,31.31793537379619,31.58929443359375,22324627
781,2010-12-08,31.238117218017578,31.52543672882458,31.06253211029428,31.349853786119073,8690959
782,2010-12-09,30.51981544494629,31.36581344318917,30.328267666278823,31.22215369169744,19659317
783,2010-12-10,30.679441452026367,30.791178030123444,30.200574114498295,30.455970460850196,12656908
784,2010-12-13,31.254077911376953,31.365812307372078,30.631550900777203,30.679436761201163,10228525
785,2010-12-14,30.982728958129883,31.44563369713655,30.886955041262006,31.28601122402954,12502825
786,2010-12-15,30.85503578186035,31.062544157364187,30.727336488073,30.966770228278328,7532899
787,2010-12-16,30.679441452026367,30.886949765614673,30.44000778326233,30.87098925304479,10117565
788,2010-12-20,30.59963035583496,30.998686472094402,30.487893777275122,30.56770500052701,12117884
789,2010-12-21,31.014650344848633,31.317932571888704,30.615594213212198,30.647517404732266,13693395
790,2010-12-22,31.270051956176758,31.381786392798034,31.014655556013448,31.09446679575083,11598882
791,2010-12-23,31.04658317565918,31.317942295430303,30.998697291002507,31.142357109991266,4611659
792,2010-12-24,31.206199645996094,31.286010881676248,30.80714346759531,30.80714346759531,4676656
793,2010-12-27,30.870990753173828,31.222158852081442,30.759254169647082,31.126384946918243,5508784
794,2010-12-28,30.69540786743164,30.95080424488347,30.615596634791583,30.807142294116773,6071879
795,2010-12-29,30.55174446105957,30.807138643226924,30.48789375049974,30.66347887450329,10314957
796,2010-12-30,30.83907699584961,31.14235933875728,30.21654962566673,30.551757337309482,31947999
797,2010-12-31,31.38178253173828,31.445631082668886,30.886952473244268,30.934840510205852,12208677
798,2011-01-03,31.38178253173828,31.52544231258669,31.23812275088987,31.429670568699866,5686478
799,2011-01-04,31.413707733154297,31.57333019219438,31.206197237391287,31.429670412061938,9878712
800,2011-01-05,31.317935943603516,31.557369648363004,31.19023883373911,31.41370985851097,6557909
801,2011-01-06,31.605247497558594,31.844683306534726,31.22215410022875,31.349853342683872,16916733
802,2011-01-07,31.238117218017578,31.892569620431072,31.014646246832378,31.60524794460628,15775814
803,2011-01-10,30.69540786743164,31.47755751430055,30.631559314323244,31.222161136848715,11747099
804,2011-01-11,30.66347885131836,31.286005958662066,30.392121991716223,30.902912520682708,8402847
805,2011-01-12,31.04658317565918,31.110433908559735,30.48790441791054,30.87100015523889,5356220
806,2011-01-13,30.886953353881836,31.110426536037806,30.791181607264402,31.030615303844456,5840003
807,2011-01-14,31.158309936523438,31.653139969854575,30.727328450876115,30.807139676735392,13619178
808,2011-01-17,31.206199645996094,31.286010881676248,30.535786565293776,30.80714346759531,10222664
809,2011-01-18,31.493518829345703,31.573330058527862,31.030614133092804,31.030614133092804,8525103
810,2011-01-19,31.254077911376953,31.605245939527187,31.094455489940213,31.23811523622975,8181638
811,2011-01-20,31.573326110839844,31.605249299510383,30.966759545884994,30.966759545884994,8113388
812,2011-01-21,31.557374954223633,31.60526083721944,31.25409264353994,31.36582709220305,7263505
813,2011-01-24,31.461584091186523,31.685055033263605,31.25407582319013,31.333887028576054,10580288
814,2011-01-25,31.413707733154297,31.748915330142108,31.30197114581897,31.605253384991503,5774233
815,2011-01-27,31.541406631469727,31.76487765385461,29.737673607555248,31.38178416333506,21308494
816,2011-01-28,30.823104858398438,31.541405949473166,30.392125502764543,31.445632037659554,12161301
817,2011-01-31,30.823104858398438,31.413708843733843,30.392125502764543,30.599633840845502,10372393
818,2011-02-01,30.535781860351562,31.158308969734364,30.48789382731104,30.966761167608272,5685819
819,2011-02-02,30.503856658935547,30.807138876317442,30.120763217767998,30.663479106506863,9759510
820,2011-02-03,31.493518829345703,31.589292737367927,30.344236263115338,30.487896042639594,8272335
821,2011-02-04,31.062536239624023,31.988347764776105,31.014650369796364,31.429669180035706,13585721
822,2011-02-07,31.222156524658203,31.445627510035195,30.807137743233543,31.078496760131415,10075695
823,2011-02-08,30.55174446105957,31.605250875044874,30.471933237877774,31.605250875044874,6969251
824,2011-02-09,30.615591049194336,31.03060981620905,30.248458147019914,30.966759109731516,15914271
825,2011-02-10,30.455984115600586,31.04658613100048,30.344247487407088,30.53579537430481,15041071
826,2011-02-11,30.937349319458008,31.29036747037502,30.728745607329582,30.96944069149191,16032113
827,2011-02-14,31.627363204956055,31.85201167244391,30.825045695052594,30.985509197033284,9448315
828,2011-02-15,31.691543579101562,31.85200705783486,31.386663404793346,31.611311839734917,6653191
829,2011-02-16,31.643404006958008,31.707588960328383,31.515034100217257,31.595265836036507,3070813
830,2011-02-17,31.643404006958008,31.75572930767501,31.531078706241008,31.643404006958008,2410838
831,2011-02-18,31.482933044433594,31.771766354089348,31.194099734777843,31.64339647789226,7982842
832,2011-02-21,31.7557315826416,31.77177618981478,31.145969040877098,31.145969040877098,9078739
833,2011-02-22,31.59527015686035,31.73968686579974,31.386666309347518,31.611314765078287,6311548
834,2011-02-23,31.96433448791504,32.17293832998757,31.611313940669433,31.611313940669433,28541975
835,2011-02-24,31.531082153320312,32.09270654187878,31.09783203838714,31.93224087627253,14267832
836,2011-02-25,31.83596420288086,32.0445658661424,30.95341502128532,31.627360363193983,31955636
837,2011-02-28,31.7557315826416,33.504783113517526,31.354572874806514,32.18898168124833,128195783
838,2011-03-01,31.932233810424805,32.1247908254037,31.450843449402438,31.9322338104248,22095525
839,2011-03-03,31.868057250976562,32.381541308437626,31.627362007121466,31.627362007121466,12055696
840,2011-03-04,31.771766662597656,32.07664893026925,31.65944356394068,31.868045158892652,5797710
841,2011-03-07,31.466890335083008,31.739679077809466,30.841083298950135,31.739679077809466,6845096
842,2011-03-08,31.434791564941406,31.73967162102766,30.712706190641356,31.450836165453012,8299919
843,2011-03-09,31.466890335083008,31.611307008586767,31.322473661579252,31.450843554377062,4984092
844,2011-03-10,31.579212188720703,31.73967562547676,31.22619175728752,31.450840133461067,4963678
845,2011-03-11,31.466890335083008,31.643400569998665,31.290380100167354,31.290380100167354,6148250
846,2011-03-14,31.707584381103516,31.80386288546705,31.338519320205567,31.338519320205567,4743614
847,2011-03-15,31.370620727539062,31.53108422727442,31.14597226319466,31.40271429805634,7316083
848,2011-03-16,31.643404006958008,31.77177391369876,31.450846970421757,31.466893752870632,3548194
849,2011-03-17,31.563167572021484,31.627352515836023,31.386657344212914,31.386657344212914,4312518
850,2011-03-18,31.434791564941406,31.771762998475257,31.32246630281387,31.611299581964136,7614611
851,2011-03-21,31.25828742980957,31.48293582118042,31.2101470896713,31.386657317328684,3473055
852,2011-03-22,31.24224281311035,31.41875305299006,31.065732573230637,31.41875305299006,3536038
853,2011-03-23,31.274341583251953,31.563174986479183,31.162016272871746,31.242248015593233,5655111
854,2011-03-24,31.434791564941406,31.515023273196963,31.17804966323873,31.450836165453012,7807585
855,2011-03-25,31.49898338317871,31.579215108976086,31.306426370695075,31.51503016362316,8602591
856,2011-03-28,31.803865432739258,31.900143944814044,31.41875356086509,31.46689172868999,11509824
857,2011-03-29,32.02851867675781,32.205028946128124,31.691544921855446,31.803870232298006,8985339
858,2011-03-30,32.413631439208984,32.52595456856898,32.044564131932724,32.09270448145148,4832583
859,2011-03-31,32.70246124267578,33.00734138381049,32.18897729603048,32.41362788295341,15647437
860,2011-04-01,33.649192810058594,33.857796600573856,32.5259486618874,32.5259486618874,22114974
861,2011-04-04,33.986167907714844,34.419420110654876,33.44059259112641,33.44059259112641,10060811
862,2011-04-05,33.76152038574219,34.09849408833796,33.42454668314642,33.857798897401686,7752278
863,2011-04-06,33.713382720947266,34.30709844301009,33.58501281281618,33.69733811474974,5371783
864,2011-04-07,33.681297302246094,34.24291955861294,33.50478701495998,33.71338869675459,5888794
865,2011-04-08,33.66524124145508,33.84175148010974,33.24803581638722,33.71337940816774,3282029
866,2011-04-11,33.45664978027344,33.68129825388232,33.24804591615936,33.392462636591816,2761151
867,2011-04-13,33.777565002441406,33.954073056676435,33.07152407980194,33.08757086012099,5725109
868,2011-04-15,33.713382720947266,33.9219865421917,33.58501281281618,33.713382720947266,2726721
869,2011-04-18,33.44059753417969,34.06640467148907,33.3282722275029,33.6973395377086,3846832
870,2011-04-19,33.19990539550781,33.61711091791342,33.05548868525118,33.61711091791342,2130742
871,2011-04-20,33.45664978027344,33.6171132866263,33.0875824098065,33.6171132866263,3816903
872,2011-04-21,33.568965911865234,33.69733799596896,33.31222392008292,33.45664278675276,3804886
873,2011-04-25,33.552913665771484,33.825702395700844,33.376405615561076,33.376405615561076,1583736
874,2011-04-26,33.472686767578125,33.745475536830476,33.087574875311645,33.69733736645658,4390914
875,2011-04-27,33.488739013671875,33.697342864318585,33.29618412433505,33.536879368325174,2846797
876,2011-04-28,33.392459869384766,33.53687875427493,33.26408994551063,33.424553438566,5158203
877,2011-04-29,33.552913665771484,33.857795955607166,33.264080332313746,33.392450219089454,3615042
878,2011-05-02,34.14663314819336,34.275005225902,33.37640938764165,33.37640938764165,5731198
879,2011-05-03,33.376407623291016,34.178724904963886,33.24803555236841,34.01826144862931,3804669
880,2011-05-04,33.472686767578125,33.568965284751016,32.911064623232186,33.264085127391105,4044546
881,2011-05-05,32.6864128112793,33.472683296544304,32.34943912433005,33.37640696578012,5204752
882,2011-05-06,33.08757019042969,33.26408041751699,32.702458352691345,32.7666432962436,2973311
883,2011-05-09,32.95920181274414,33.312220106660995,32.89501686625243,33.10361848645671,3424009
884,2011-05-10,32.84687805175781,33.280130269470774,32.734554934279444,32.91106300123474,1276536
885,2011-05-11,33.42454528808594,33.53687057640467,32.782691472378666,32.782691472378666,5173641
886,2011-05-12,32.54199981689453,33.424548909102135,32.47781486365536,33.424548909102135,2199955
887,2011-05-13,32.525943756103516,32.95919587562202,32.42966526549668,32.50989697826496,3389298
888,2011-05-16,32.67036819458008,32.798740271476426,32.50990473077841,32.606183244344415,2643860
889,2011-05-17,32.5740852355957,32.895012097959224,32.52594490038643,32.6703615531651,2042475
890,2011-05-18,32.525943756103516,33.02338081055174,32.445712043335234,32.67036040380152,3314783
891,2011-05-19,31.7236270904541,32.718501213840234,31.5631636625805,32.54199100789437,2532955
892,2011-05-20,32.413631439208984,32.606186308008354,31.563173695296463,31.659452217908758,1959647
893,2011-05-23,31.96433448791504,32.188982937787074,31.771777430067367,32.188982937787074,1694918
894,2011-05-24,31.707584381103516,32.54199518368776,31.579214492902008,32.076651618426276,9876185
895,2011-05-25,31.14596939086914,31.916195424422824,30.953414514799697,31.77177654683911,5753045
896,2011-05-26,30.664569854736328,31.418748881160894,30.488059638293908,31.290376825373382,4935316
897,2011-05-27,31.338516235351562,31.43479473023778,30.712709283228033,30.712709283228033,4500032
898,2011-05-30,31.771766662597656,31.85199838010605,31.178053258890323,31.450839792564082,8167114
899,2011-05-31,32.42966842651367,32.54199370590774,31.77176788240135,31.83595500001208,7467651
900,2011-06-01,32.301307678222656,32.49386473265623,32.04456566445301,32.269214110341956,1794961
901,2011-06-02,31.852006912231445,32.47781621757075,31.771775173231557,32.092704305656326,4461069
902,2011-06-03,32.413631439208984,32.70246483062065,31.852007086708127,31.852007086708127,5649415
903,2011-06-06,32.5740852355957,32.65431695118659,31.99641644805645,32.34943469080158,4910297
904,2011-06-07,32.55804443359375,32.63827616391208,32.36548741025976,32.461765921926755,6516069
905,2011-06-08,32.525943756103516,32.574084089619184,32.2050169050304,32.269201839960125,14162904
906,2011-06-09,32.5740852355957,32.68640833156819,32.38152824760776,32.41362180441394,6989160
907,2011-06-10,32.47780990600586,32.670364736330384,32.25316151574819,32.574088409380515,7661567
908,2011-06-13,32.91106414794922,33.0554830098355,32.26921027796601,32.41362913985229,2849421
909,2011-06-14,33.280128479003906,33.376406986252015,32.78269133857608,32.78269133857608,4458752
910,2011-06-15,32.67036819458008,33.32826883145193,32.525951512443584,33.29617744454661,2533103
911,2011-06-16,32.734554290771484,32.895017749521834,32.36548702979071,32.606182217916235,2472762
912,2011-06-17,32.95920181274414,33.05548032069415,32.590134561673246,32.6061813424024,2524363
913,2011-06-20,32.71851348876953,33.28013569702964,31.787823952083286,32.75060488052919,6194464
914,2011-06-21,32.525943756103516,32.87896416285374,32.22106368286896,32.67036040380152,5126564
915,2011-06-22,32.83082962036133,32.862923181699415,32.42967098575964,32.525949493349025,2408781
916,2011-06-23,32.81478500366211,32.99129306167995,32.67036615412041,32.75059788101029,3746535
917,2011-06-24,33.264076232910156,33.424539659816965,32.670360682785144,32.73454779468749,5675164
918,2011-06-27,34.772430419921875,35.09335723896807,32.81477595317038,32.81477595317038,29869389
919,2011-06-28,35.013145446777344,35.26988530688719,34.69221844521451,35.10942180610577,13872282
920,2011-06-29,35.33406448364258,35.46243438476147,34.94895042743582,35.07732250497975,13356359
921,2011-06-30,35.14150619506836,35.78336003049062,34.67616259967222,35.301969653923926,30432762
922,2011-07-01,35.382198333740234,35.542661778765364,35.10940960662761,35.30196661122767,23953730
923,2011-07-04,35.44639587402344,35.75127609263988,35.20570062094327,35.41430447946807,5307022
924,2011-07-05,35.17359161376953,35.41428674632543,34.66010779374717,35.3019614805629,10665833
925,2011-07-06,34.99708938598633,35.20569101114538,34.83662592773323,35.06127433400258,3270036
926,2011-07-07,35.285926818847656,35.39825212317809,34.804536388446124,35.14151012501223,5856910
927,2011-07-08,35.04522705078125,35.54266419952382,34.93290393746835,35.06127383166164,12625687
928,2011-07-11,34.66011047363281,34.91685240349503,34.11453305651638,34.83662068643962,2848918
929,2011-07-12,34.724300384521484,34.98104235114921,34.19476967027211,34.56383692743226,2954427
930,2011-07-13,35.366146087646484,35.7191664827077,34.72429240675295,34.7563859613674,3819442
931,2011-07-14,35.013145446777344,35.39825741336764,34.75640341024197,35.14151537683227,10479376
932,2011-07-15,35.382198333740234,36.00800533405329,34.77243811321465,34.77243811321465,8242815
933,2011-07-18,35.0933723449707,35.59080738747465,34.99709382252873,35.4463906920243,2085379
934,2011-07-19,35.25382995605469,35.41429340794265,34.852671326334786,34.88476271085746,2972184
935,2011-07-20,35.029178619384766,35.44638402049229,34.93290229148864,35.18964206777806,4177419
936,2011-07-21,34.66011047363281,35.141500775965234,34.387321765074596,34.98103734185443,3008285
937,2011-07-22,35.15755081176758,35.35010564468466,34.45151207155529,34.66011368465501,3369044
938,2011-07-25,34.820587158203125,35.141514148548765,34.43547520507345,35.10942057894402,7429567
939,2011-07-26,34.98105239868164,35.25384122465583,34.41943013755582,34.660125392324034,5770592
940,2011-07-27,34.387325286865234,35.029179089044156,34.17872367172702,34.868715638499424,7214188
941,2011-07-28,33.873844146728516,34.3391899325312,33.26408385532676,34.05035439205798,13905358
942,2011-07-29,33.72942352294922,34.54778752734852,32.846874575865115,33.37640524997043,9768024
943,2011-08-01,34.48360824584961,34.88476692401892,33.72942906032125,33.72942906032125,4672455
944,2011-08-02,34.644073486328125,34.756398792521836,34.25896157090363,34.46756322363454,3239197
945,2011-08-03,33.585018157958984,34.547799151446625,33.0875808760386,34.19477858326429,12800281
946,2011-08-04,33.53688049316406,34.30710442919585,33.312229850098056,33.88989889033466,6939466
947,2011-08-05,32.83082962036133,33.280128596970144,32.14083763941638,32.25316292767481,12075758
948,2011-08-08,32.87895965576172,33.328256315104085,31.579205651802727,31.627343802295055,13716718
949,2011-08-09,32.70246124267578,33.28013013854549,31.771771861434303,31.771771861434303,7228990
950,2011-08-10,33.23198699951172,33.504775731305294,32.75059665617586,32.91106010395448,5126905
951,2011-08-11,33.055477142333984,33.456635739865966,32.83082658657633,32.84687336576255,6299073
952,2011-08-12,33.24803924560547,33.568966193923615,33.05548438246968,33.29617959370829,6421148
953,2011-08-16,33.24803924560547,33.66524471370409,33.087575771446396,33.3924559370636,4242848
954,2011-08-17,33.10360336303711,33.601040279836795,32.95918675530144,32.95918675530144,7430913
955,2011-08-18,32.943153381347656,33.32826521742619,32.622226488544754,33.21594211080004,5110388
956,2011-08-19,32.42966842651367,32.9110587500459,31.948278102981444,32.09269694118088,5245806
957,2011-08-22,33.11967086791992,33.24804078261146,32.012473280323306,32.41363198426594,3059716
958,2011-08-23,32.47780990600586,33.504775530344354,32.413624962564356,33.16780185674545,2837432
959,2011-08-24,32.75060272216797,32.97525333180715,32.18898055092042,32.86292802698756,6888368
960,2011-08-25,31.99642562866211,32.89502153639539,31.771775019409883,32.75060266575462,13758009
961,2011-08-26,31.274341583251953,32.09270579429619,31.00155278742877,31.99642726774534,9286925
962,2011-08-29,32.0766487121582,32.140833650443554,31.129912710856964,31.19409982556693,6345123
963,2011-08-30,32.15687942504883,32.44571272652664,31.851997168970033,32.41362134659829,3821904
964,2011-09-02,31.88409996032715,33.69733853811704,31.563173009542233,33.119669591419154,8166250
965,2011-09-05,31.178054809570312,31.93223168580437,31.033638146157383,31.819908581560867,7422597
966,2011-09-06,30.999242782592773,31.503163671309743,30.64162093775026,31.503163671309743,14848826
967,2011-09-07,31.47064781188965,31.779501799843537,31.080516342643005,31.11302821707722,11526455
968,2011-09-08,31.275592803955078,31.795767521423944,30.999248400604436,31.73074595733952,7049237
969,2011-09-09,31.243080139160156,31.51942453560856,31.031759509965546,31.243080139160156,6782680
970,2011-09-12,30.674135208129883,31.113034578769746,30.39779083331319,30.90171176132368,5271294
971,2011-09-13,30.755420684814453,30.999253241805857,30.641631276300945,30.83669820381159,4033213
972,2011-09-14,30.869199752807617,30.999242857723853,30.414044476014645,30.901709426640142,4248247
973,2011-09-15,31.2105655670166,31.34061088552852,30.5278359128036,30.950479339579203,8283475
974,2011-09-16,32.39722442626953,32.5922913382262,31.129293908138475,31.340616763557133,6853575
975,2011-09-19,31.844533920288086,32.59228738571607,31.714488593156535,31.99083298411689,3721222
976,2011-09-20,32.12086868286133,32.47849049382985,31.77950280962644,31.77950280962644,4399666
977,2011-09-21,32.267173767089844,32.41347502934985,31.909554093814865,31.95831971137269,2182138
978,2011-09-22,31.291839599609375,32.007083260249026,31.11303088924244,31.990827321635763,3792171
979,2011-09-23,31.226823806762695,31.60070164462193,30.787926612049734,31.04801285863813,3612112
980,2011-09-26,30.96672821044922,31.3568618999033,30.73915169479625,31.226816601820982,1880644
981,2011-09-27,31.42188835144043,31.63320896222071,31.0642664818811,31.356866794645974,1273121
982,2011-09-28,31.649459838867188,31.730737323054583,31.178050871538872,31.47064893269635,4398260
983,2011-09-29,31.681978225708008,32.1696432310568,31.259334780113722,31.470655400514204,9460952
984,2011-09-30,32.0070915222168,32.218412164358305,31.53568020471206,31.53568020471206,6946805
985,2011-10-03,31.649459838867188,31.909548229225425,31.27558429352232,31.844526682834083,7517061
986,2011-10-04,31.161806106567383,31.877047782902252,31.080528593238565,31.470660216258164,2740436
987,2011-10-05,31.178054809570312,31.551930402138584,31.048009495569026,31.226820424325084,3503641
988,2011-10-07,31.616958618164062,32.137135574179744,31.373126083430517,31.50317142483124,4435678
989,2011-10-10,31.877042770385742,31.990832153070702,31.405633708164206,31.405633708164206,8326437
990,2011-10-11,32.08836364746094,32.20215081844761,31.698229904668988,32.023339887133496,5044978
991,2011-10-12,32.21839904785156,32.44597554015327,31.893289143194078,32.41346587256311,4905765
992,2011-10-13,32.2996940612793,32.478505046885665,31.958328035084197,32.21841654098493,3531871
993,2011-10-14,32.15338897705078,32.527264618851945,32.03959958791472,32.104621151081,5039179
994,2011-10-17,31.81201934814453,32.25091870732286,31.63320841644991,32.12087339118442,1605713
995,2011-10-18,31.90955352783203,32.08836446369457,31.53567571561159,31.53567571561159,2025955
996,2011-10-19,32.494747161865234,32.67355807136818,32.007082247653344,32.18589095236338,5145909
997,2011-10-20,32.185890197753906,32.47849046229667,32.088358981032506,32.21840207318961,2881549
998,2011-10-21,32.185890197753906,32.54351200837522,31.9420577463647,32.10461271395751,2127672
999,2011-10-24,32.75483703613281,32.91739201487703,32.54351424088952,32.59228205738859,3334756
1000,2011-10-25,33.778934478759766,34.055278840564206,32.706071115886175,32.771092670195124,7605862
1001,2011-10-28,34.136558532714844,35.11188852453032,33.56761603748915,34.29911353135076,8504582
1002,2011-10-31,34.087791442871094,34.33162394606547,33.61638237765396,34.13655926638596,4561310
1003,2011-11-01,33.69765853881836,34.18532352581637,33.48633792636985,33.89272541553486,2155435
1004,2011-11-02,33.51885223388672,33.7951966466184,33.29127564946898,33.48634255313764,2429706
1005,2011-11-03,33.84395980834961,33.99025887306263,33.50259385415698,33.64889512366337,2676760
1006,2011-11-04,33.76268768310547,34.136565580029156,33.61638859508913,34.136565580029156,2070811
1007,2011-11-08,33.76268768310547,33.81145551564007,33.61638859508913,33.76268768310547,923114
1008,2011-11-09,33.6651496887207,34.022771593300746,33.61638406754771,33.811450961826544,3342820
1009,2011-11-11,34.282859802246094,34.38039324867855,33.4863406985023,33.64889570762526,7747315
1010,2011-11-14,34.25034713745117,34.78677997820003,33.99025868782687,34.396646201366906,8136060
1011,2011-11-15,33.6814079284668,34.34788395712769,33.567620736369406,33.82770700675978,2602442
1012,2011-11-16,33.87648010253906,34.250355827943665,33.38881496255362,33.38881496255362,5559879
1013,2011-11-17,33.53508377075195,34.250324889015104,33.421294458959025,33.64887308254488,4564324
1014,2011-11-18,32.819862365722656,33.64889329373575,31.974575497004743,33.4863382962741,6971425
1015,2011-11-21,32.20215606689453,32.83612239986144,31.990835425767916,32.34845514188938,5725408
1016,2011-11-22,31.828283309936523,32.3484580912103,31.568194816902768,32.3484580912103,5742603
1017,2011-11-23,30.901718139648438,31.76326111821553,30.609119968689768,31.649471715735107,4916261
1018,2011-11-24,30.982999801635742,31.37313148340049,30.77167911707808,31.178066744915107,10127464
1019,2011-11-25,31.340606689453125,31.600695086861492,30.820429894636394,31.096774230281454,7728058
1020,2011-11-28,31.568193435668945,31.779514086816274,31.275595271804384,31.56819343566894,5436096
1021,2011-11-29,30.95048713684082,31.795771998548837,30.88546335880701,31.665728852068764,5379923
1022,2011-11-30,32.21839904785156,32.478487412536076,30.982980969194596,31.031748777768808,13613461
1023,2011-12-01,32.51100540161133,33.16122533326011,32.34844821390607,32.51100540161133,4222484
1024,2011-12-02,33.61638259887695,33.811449484633485,32.47849757648166,32.52726319552412,5707744
1025,2011-12-05,33.37254333496094,33.63263172836146,33.11245494156042,33.22624430267093,2957969
1026,2011-12-07,33.53508377075195,33.99023660833979,33.11244059025356,33.17746210922441,5975381
1027,2011-12-08,32.315940856933594,33.61638081345987,32.185895538405035,33.47008175930931,5809203
1028,2011-12-09,32.03959274291992,32.10461429219488,31.56818375468527,31.714482791752165,4296964
1029,2011-12-12,31.405624389648438,32.3159325666462,31.113026356410035,32.18588728147929,8160604
1030,2011-12-13,32.21839904785156,32.478487412536076,31.08051438155037,31.340602746234886,3981949
1031,2011-12-14,31.324356079101562,32.34845169989139,31.21056669688345,32.16964296325336,5776327
1032,2011-12-15,32.2996940612793,32.62480414245675,30.852954640998387,30.869210586016028,12973287
1033,2011-12-16,31.893301010131836,32.933652651173844,31.405635971694007,32.26717665768345,12589918
1034,2011-12-19,32.23466873168945,32.46224532104947,31.291848283207106,31.40563768028391,4820722
1035,2011-12-20,31.714488983154297,32.332199333840165,31.454400530486215,32.332199333840165,6670657
1036,2011-12-21,31.828283309936523,32.13713743081685,31.535682928475897,32.02334802611654,10259801
1037,2011-12-22,32.722328186035156,32.83611756360145,31.69823040231814,31.779507899210287,3456402
1038,2011-12-23,32.917396545410156,33.1449731060156,32.364707777776964,32.67356404373432,3249611
1039,2011-12-26,32.787349700927734,32.868627197716606,32.57602909119395,32.70607220413886,1273482
1040,2011-12-27,32.16963577270508,32.771087816982615,31.584437461002846,32.754834084407314,4187065
1041,2011-12-28,32.57603073120117,32.819863233843286,31.99083228390143,32.25092072767835,3375709
1042,2011-12-29,32.51100540161133,32.673560384523526,32.2509169879932,32.51100540161133,2924882
1043,2011-12-30,32.54351806640625,32.77109462244137,32.29968556962721,32.51100838971167,2087779
1044,2012-01-02,32.51100540161133,32.59228289306743,32.03959418733151,32.39721603165557,1861469
1045,2012-01-03,32.80360412597656,32.94990317248003,32.511006032969625,32.624793200342054,3372939
1046,2012-01-04,32.998680114746094,33.25876640053139,32.2996921585154,32.77110130749339,3739279
1047,2012-01-05,32.93364334106445,33.24249954193171,32.72232276606429,32.982411153998,5389056
1048,2012-01-06,32.42973709106445,32.93365591691801,32.13713671611104,32.90114623400787,7340405
1049,2012-01-09,32.966156005859375,33.09619910054421,32.218402699439345,32.218402699439345,2368495
1050,2012-01-10,33.356292724609375,33.583869278385805,32.85237179530878,32.85237179530878,3215986
1051,2012-01-11,32.57603073120117,33.38880574000822,32.47849728918566,33.38880574000822,4377469
1052,2012-01-12,32.689815521240234,32.966159885962234,32.332195866368814,32.966159885962234,4082544
1053,2012-01-13,33.14497375488281,33.22625125703256,32.67356468337293,32.70607436135682,5766505
1054,2012-01-16,32.55978012084961,33.14497866395978,32.429736980066764,32.77110077582015,4899595
1055,2012-01-17,32.67356872558594,32.91740126220095,32.54352338318176,32.67356872558594,10428799
1056,2012-01-18,32.21839904785156,32.917386665740736,31.958310683167046,32.78734138100216,6295415
1057,2012-01-19,32.494747161865234,32.90113459037514,32.21840282856134,32.36470186186632,8276461
1058,2012-01-20,32.982425689697266,33.22625824744602,32.47850462939109,32.51101651900845,6881600
1059,2012-01-23,32.836124420166016,33.56762204494058,32.722335018839175,33.16123447562138,18551268
1060,2012-01-24,32.689815521240234,32.99867176585653,32.52726053135509,32.7710930161828,10219894
1061,2012-01-25,32.787349700927734,32.99867251545473,32.364706276666965,32.868627197716606,13171474
1062,2012-01-27,33.53508377075195,34.12028185107342,32.88486417145964,32.99865348325257,9816649
1063,2012-01-30,33.079952239990234,33.64889475582738,32.91739723546534,33.16122974225268,4243234
1064,2012-01-31,33.84395980834961,34.071536376213565,33.03118477684019,33.16123010475773,10322025
1065,2012-02-01,33.47007751464844,33.94148649814669,33.37254408931947,33.94148649814669,10757718
1066,2012-02-02,34.1690673828125,34.47792143178906,33.37254834972773,33.55135928485939,11556658
1067,2012-02-03,34.77052307128906,35.209422455643505,34.25034618648329,34.31536774588569,11926606
1068,2012-02-06,35.4370002746582,35.599555281334744,34.57545741639654,35.01435681634054,9084488
1069,2012-02-07,35.03060531616211,35.84338017688114,34.73800724822042,35.599547718665434,6079363
1070,2012-02-08,35.01435852050781,36.005944550454366,34.510437534325774,35.30695886964262,11508450
1071,2012-02-09,35.371978759765625,35.92466534223872,35.07937842448454,35.778366276994866,11499785
1072,2012-02-10,34.900569915771484,35.51827806420245,34.46167051229084,34.9168236527354,8590813
1073,2012-02-13,35.91597366333008,36.19439289036884,34.83505496370829,34.83505496370829,15608851
1074,2012-02-14,35.83407974243164,36.11249892149824,35.621172526449115,35.86683572397368,5735198
1075,2012-02-15,36.2598991394043,37.04602276377429,35.80132869119878,35.866838437892845,15930040
1076,2012-02-16,36.2598991394043,36.76760356364068,35.78495069918849,36.12887964601617,3862429
1077,2012-02-17,36.58745574951172,37.177048003585185,36.35817048996854,36.6857214954152,8544515
1078,2012-02-21,36.21076965332031,36.68571812329157,36.11250391644934,36.538320628658724,6934289
1079,2012-02-22,36.01424789428711,36.91501331944586,35.93236012836359,36.14526965257344,5872252
1080,2012-02-23,36.89862823486328,37.37357896307407,35.899599459558246,35.899599459558246,18016976
1081,2012-02-24,37.43909454345703,37.733894061669865,36.94777015804448,37.02965792583788,10958004
1082,2012-02-27,36.538326263427734,37.668376858346925,36.39092874606394,37.668376858346925,11266052
1083,2012-02-28,36.620201110839844,37.14428123464979,36.27627221066492,36.68571084864774,9416477
1084,2012-02-29,37.013275146484375,37.30807018391866,36.68572411762514,36.76761187483995,7991077
1085,2012-03-01,36.8494987487793,37.209805760427,36.5219477277714,36.636591473663174,2777389
1086,2012-03-02,36.76759719848633,37.01326037207051,36.456424289549034,36.80035317683623,3172662
1087,2012-03-05,36.12888717651367,36.80036721811818,35.75220216715137,36.65296748064954,3649302
1088,2012-03-06,36.374549865722656,36.620213129135955,35.89960133405977,36.12888660230935,4557989
1089,2012-03-07,35.57204818725586,36.128884440064255,34.98245594608041,36.03061869631045,15488701
1090,2012-03-09,36.07975387573242,36.27628538185955,35.73582707203133,35.73582707203133,3852720
1091,2012-03-12,36.30904006958008,36.63659108713219,35.981489052027975,36.35817183367389,5124092
1092,2012-03-13,36.472808837890625,36.73484782642741,36.03061415737738,36.472808837890625,9731037
1093,2012-03-14,36.88224792480469,37.14428691611688,36.53831897202353,36.76760420009526,4398722
1094,2012-03-15,36.145259857177734,37.111534788944425,35.948728383682344,36.78398381401692,4513645
1095,2012-03-16,35.31000900268555,36.68572283139109,35.12985549885979,36.194396305328574,3682825
1096,2012-03-19,35.32638168334961,35.5229109314004,34.523880034430576,35.44102318937578,3294232
1097,2012-03-20,35.19536209106445,35.6375568132695,34.88418909682812,35.32638381903317,3413743
1098,2012-03-21,35.621185302734375,35.83409259508056,34.94970521105744,35.17899050004896,3430274
1099,2012-03-22,34.802310943603516,35.60481064091152,34.491135642239996,35.37552533044465,3948023
1100,2012-03-23,35.27725601196289,35.44103153457589,34.62215392151086,34.9169489736752,3647743
1101,2012-03-26,34.70404052734375,35.21174507480955,34.474755247589144,35.04796955764946,4778733
1102,2012-03-27,34.63852310180664,35.09709355986812,34.32734791096443,35.04796180412836,5834802
1103,2012-03-28,34.785919189453125,35.015204409249954,34.474746232489785,34.802297181155836,4875221
1104,2012-03-29,34.6548957824707,34.884183212401865,34.39285681342983,34.78591748833807,12199593
1105,2012-03-30,35.42465591430664,35.81771897202241,34.65491001785241,34.65491001785241,8544753
1106,2012-04-02,35.57204818725586,35.817711435966686,35.26087296181092,35.40827268811531,8676278
1107,2012-04-03,36.06336975097656,36.194389243825746,35.5392873368857,35.75219456810238,3566758
1108,2012-04-04,36.30904006958008,36.45643758320903,35.78495755295771,36.04699881126889,3850338
1109,2012-04-09,35.932350158691406,36.30903511023453,35.55566742849548,36.06337188062488,4475284
1110,2012-04-10,36.16164016723633,36.456437414477314,35.73582562346739,35.93235490028056,4598397
1111,2012-04-11,36.58745574951172,36.6857214954152,35.71944647361705,35.71944647361705,4023851
1112,2012-04-12,36.60383987426758,37.27531777081079,36.39093257360965,36.57108387969814,5102969
1113,2012-04-13,36.68571853637695,37.111535253381085,36.210770061057715,36.68571853637695,6602489
1114,2012-04-16,36.63658905029297,36.93138406116151,36.44005756214902,36.66934281741871,4350870
1115,2012-04-17,37.209800720214844,37.30806423612901,36.35816729241234,36.407299050369424,9477019
1116,2012-04-18,37.29168701171875,37.750257472612546,37.07877755238816,37.242553034328395,4441325
1117,2012-04-19,37.55372619628906,37.668369922767766,37.111533725615075,37.17704347445413,2496045
1118,2012-04-20,37.29168701171875,37.783013457539454,37.11153353731506,37.40633073761577,2778756
1119,2012-04-23,36.27628707885742,37.504603496243426,36.09613356003794,37.16067445510581,3854809
1120,2012-04-24,36.03061294555664,36.52193936455894,35.784949736055495,36.39091987469713,3169871
1121,2012-04-25,35.522918701171875,36.178020780656446,35.27725542136516,35.96511349336302,3380361
1122,2012-04-26,35.40827560424805,36.292662928173364,35.12985634424029,35.81771438581973,4377198
1123,2012-04-27,35.4574089050293,36.03062322405348,35.293633385308105,35.441030908787646,1965594
1124,2012-04-30,36.4400520324707,36.70209323644947,35.408267429653925,35.408267429653925,3199398
1125,2012-05-02,35.89959716796875,36.63658687268218,35.73582167803243,36.29265789954646,3811572
1126,2012-05-03,35.58842086791992,35.86684008080679,35.424645383009334,35.7030645958962,1452253
1127,2012-05-04,34.9660758972168,35.5720460969677,34.753166428036664,35.408270607450945,5666533
1128,2012-05-07,34.6548957824707,35.04795867872587,33.80326469039401,34.85142723059829,4565509
1129,2012-05-08,34.63852310180664,35.09709355986812,34.40923565142877,34.6548988728218,2959419
1130,2012-05-09,34.14720153808594,34.802303555403846,33.98342603375646,34.40924056793514,2412310
1131,2012-05-10,33.57398986816406,34.50750898219359,33.41021435117493,34.11444818568918,3946438
1132,2012-05-11,33.197303771972656,33.73776429335538,32.820620983626625,33.57398878166623,3389145
1133,2012-05-14,33.16455078125,33.34470207126054,32.82062175435675,33.082663023482446,2233766
1134,2012-05-15,33.704994201660156,33.85239165624569,32.78785127562723,33.115402161971375,3494080
1135,2012-05-16,34.245460510253906,34.491123734084205,33.082656361201565,33.508470838763024,4435353
1136,2012-05-17,34.31097412109375,34.98245407594263,34.01617690559199,34.39286186628637,4208594
1137,2012-05-18,34.42561721801758,34.769546207945545,33.59036173429175,34.01617847318603,4935351
1138,2012-05-21,34.04894256591797,34.68766671562003,33.819657258505416,34.360115641788425,1491370
1139,2012-05-22,33.9670524597168,34.2454695205032,33.77052094040473,34.17995975451509,2362045
1140,2012-05-23,33.934295654296875,34.37649045149728,33.49210307844414,34.03256141160226,3087547
1141,2012-05-24,34.507511138916016,34.65490866914908,33.5576139695494,34.19633808145783,2135683
1142,2012-05-25,34.09806823730469,34.392865483813964,33.983426714785104,34.22908997620242,1446600
1143,2012-05-28,34.851436614990234,35.16261186187307,33.901539543072445,33.901539543072445,890739
1144,2012-05-29,35.16260528564453,35.45740026073443,34.65489863266738,35.27724678869188,5201353
1145,2012-05-30,34.753170013427734,35.26087452757764,34.540262743629775,35.1298550109862,4048557
1146,2012-05-31,34.76954650878906,35.04796574622248,34.409239521680796,34.44199551008968,8033660
1147,2012-06-01,33.95066833496094,34.687658067336706,33.73776107859131,34.55663855900883,3787828
1148,2012-06-04,34.08169174194336,34.21271348660633,33.442967678422576,33.73776493790358,3267896
1149,2012-06-05,34.70404052734375,35.11347932024397,34.229091971849016,34.36011149703804,12393979
1150,2012-06-06,35.91597366333008,36.39092437079,34.72041345125202,34.72041345125202,9494285
1151,2012-06-07,35.39189910888672,36.27628647029893,35.21174559308943,35.91597943870435,4231838
1152,2012-06-08,35.0479621887207,35.539288636898256,34.63852348190608,35.310003405351495,3997879
1153,2012-06-11,35.12985610961914,35.53929488845631,35.04796835385171,35.375519376921446,2205393
1154,2012-06-12,35.26087188720703,35.42464738135639,34.73678941739016,35.015208645982995,3376544
1155,2012-06-13,35.2444953918457,35.45740264133325,34.93332018226769,35.21173940514888,2496726
1156,2012-06-14,34.62215042114258,35.408274183014946,34.3928651569351,35.06434517603,6671985
1157,2012-06-15,34.73679733276367,34.966084853897705,34.540268027810264,34.78593132501288,10286920
1158,2012-06-18,35.0643424987793,35.21173999870511,34.622147777654554,34.8841890116045,3027005
1159,2012-06-19,35.621185302734375,35.99786811883847,34.91694921776678,35.06434896622705,9746993
1160,2012-06-20,35.50654220581055,35.99786878619282,35.37552267291437,35.490166430209335,8882639
1161,2012-06-21,35.94873046875,35.99786222929994,35.01520924752243,35.211740732416864,4083003
1162,2012-06-22,36.046993255615234,36.2599004956713,35.62117655415594,35.70306429592322,7332263
1163,2012-06-25,35.32638168334961,36.17801286759738,35.12985021395165,35.91597164884915,5097127
1164,2012-06-26,35.981483459472656,36.030615215929984,35.14622805026795,35.14622805026795,1992235
1165,2012-06-27,35.965110778808594,36.489191070031424,35.73582551256439,36.030620537543015,5727518
1166,2012-06-28,35.932350158691406,36.292657117324445,35.604799185878534,36.03061589480471,3083553
1167,2012-06-29,37.193424224853516,37.537353208444465,36.12888350790606,36.14526150166703,7486892
1168,2012-07-02,36.88224792480469,37.324442610001476,36.783982192389054,37.20979888529205,2634447
1169,2012-07-03,36.571075439453125,37.17704564970109,36.39092417494177,37.11153589702903,4091332
1170,2012-07-04,37.013275146484375,37.14429466948904,36.456438841693185,36.62021435612281,3061761
1171,2012-07-05,37.43909454345703,37.60287007904383,36.84950439242282,37.013279928009624,2830305
1172,2012-07-06,37.013275146484375,37.50460168977324,36.70210211333762,37.340826175343615,3797719
1173,2012-07-09,36.947757720947266,37.01326746886098,36.71847249257571,36.96413571326247,2397364
1174,2012-07-10,37.06241226196289,37.258943796185356,36.603841643907664,36.65297341678933,3199920
1175,2012-07-11,37.22617721557617,37.504596439670884,36.91500422598914,36.91500422598914,2903254
1176,2012-07-12,36.83312225341797,37.20980727572535,36.718480724205165,37.20980727572535,2728401
1177,2012-07-13,36.70209884643555,37.01327185188439,36.60383310225502,36.882252340541946,1672753
1178,2012-07-16,36.89862823486328,37.078781729562465,36.390925960730186,36.60383322269907,3148848
1179,2012-07-17,36.76759719848633,37.02963836124546,36.652953495608365,36.9477506367174,2407572
1180,2012-07-18,36.423675537109375,36.865870225824374,36.27627804798676,36.71847273670175,2516255
1181,2012-07-19,36.68571853637695,36.947759763867744,36.52194304686361,36.669340543156174,2171498
1182,2012-07-20,36.4400520324707,36.849490719516574,36.2926545494036,36.456430024221945,1581366
1183,2012-07-23,35.801334381103516,36.358170648521636,35.719446629384755,36.243526907576396,2728477
1184,2012-07-24,36.341796875,36.800369670696675,35.67031678864437,35.752204549874385,8366909
1185,2012-07-25,36.27628707885742,36.489194369331926,35.55567522492717,36.24353108585472,6131518
1186,2012-07-26,36.60383987426758,36.84950316949494,36.096135286528146,36.341798581755505,10181302
1187,2012-07-27,37.45545959472656,37.668366816231675,36.71846998303614,37.11153066500164,4785341
1188,2012-07-30,38.70015335083008,38.814797073680325,37.340817775390754,37.48821748229738,10354713
1189,2012-07-31,38.96220016479492,39.535414386140644,38.70015671227729,38.716536927075325,13034800
1190,2012-08-01,38.978580474853516,39.142355985733616,38.520009932928254,38.814804963973415,5116745
1191,2012-08-02,38.68378829956055,39.06047111385361,38.618276313294196,38.68378829956055,5172210
1192,2012-08-03,38.74928665161133,38.994949877794554,38.22520865657592,38.438115897395846,3992386
1193,2012-08-06,39.453521728515625,39.66642895282807,38.8475515957079,38.96219531424352,3989076
1194,2012-08-07,38.831172943115234,39.58454280755123,38.58550972610888,39.38801134540731,5499481
1195,2012-08-08,38.96220016479492,39.07683945490843,38.7492884712823,38.896688190991874,5783459
1196,2012-08-09,38.99495315551758,39.3880161275274,38.765670124090775,39.01133337092323,4304923
1197,2012-08-10,39.15873336791992,39.813839881039385,38.716543024539774,38.96220630094885,4906011
1198,2012-08-13,39.273372650146484,39.38801638796528,38.68378263092803,38.97857764053726,2775124
1199,2012-08-14,39.32250213623047,39.60092135691207,38.863931654181386,38.863931654181386,3520379
1200,2012-08-16,39.33888626098633,40.1250078001654,38.89669150685594,39.306130271292425,3368688
1201,2012-08-17,38.5363883972168,39.63368528525628,38.07781782327809,39.42077799478781,4100386
1202,2012-08-21,39.15873336791992,39.388020869646496,38.1760802622836,38.339855779889646,2904667
1203,2012-08-22,38.96220016479492,39.17510741561299,38.716536927075325,38.83117621718883,1988035
1204,2012-08-23,38.47087860107422,39.06046866979856,38.257966880378376,39.06046866979856,4652302
1205,2012-08-24,38.356231689453125,38.76567043748391,38.0614366794099,38.32347570107171,5080546
1206,2012-08-27,38.74928665161133,38.88031059306452,38.241584427910404,38.257960199244884,1296282
1207,2012-08-28,39.797454833984375,40.288781327176906,38.716538326038695,38.81480184759931,4356311
1208,2012-08-29,38.99495315551758,40.25602537779648,38.749289908685114,39.96123037013648,6345767
1209,2012-08-30,39.87934875488281,40.2887875625778,38.7165443181072,38.96220760272419,9698034
1210,2012-08-31,39.125980377197266,39.862970179274626,38.91306865799663,39.862970179274626,6414695
1211,2012-09-03,39.813838958740234,39.961234255554075,39.32250797460865,39.33888819160695,3891463
1212,2012-09-04,40.59995651245117,40.84561975882058,39.63367929965363,39.63367929965363,8607402
1213,2012-09-05,40.61982727050781,41.19916450656938,40.470853042317316,40.71914042920084,5181748
1214,2012-09-06,40.090145111083984,40.603270562015965,39.49425271080893,40.603270562015965,2059057
1215,2012-09-07,40.35497283935547,40.66947189972403,40.22255383662383,40.55360358852774,1292419
1216,2012-09-10,40.37154006958008,40.71914061675773,40.05704091535194,40.17290926112815,2343064
1217,2012-09-11,40.04048156738281,40.354976163507544,39.79219423300276,40.139794705074834,1345773
1218,2012-09-12,40.189449310302734,40.35497419180204,39.77563710655445,40.22255518463255,2846913
1219,2012-09-13,40.106689453125,40.58671343645485,39.8915079913444,39.95771974426923,2572173
1220,2012-09-14,39.725982666015625,40.669475439081374,39.36182700919989,40.38808222744422,13519349
1221,2012-09-17,38.93145751953125,40.09013155647181,38.716276096415,39.9908139449302,12665195
1222,2012-09-18,38.94801712036133,39.6597732935756,38.73283564801519,38.96457230448044,8408810
1223,2012-09-20,38.65006637573242,39.13009029790253,38.40177906912364,38.40177906912364,6301939
1224,2012-09-21,39.80875015258789,40.057037519566805,38.81560068467221,38.81560068467221,8707245
1225,2012-09-24,39.096988677978516,40.22255702566236,38.89835791305784,39.79219411012589,7593484
1226,2012-09-25,38.86524963378906,39.47769258352523,38.269361866026664,39.32871839650978,11733607
1227,2012-09-26,38.73283767700195,39.047336800086654,38.50110100839738,38.73283767700195,9302273
1228,2012-09-27,38.65006637573242,39.17974686119439,38.4183297601711,38.76593468351309,12478679
1229,2012-09-28,39.891510009765625,39.95772176604062,38.898360606542425,38.898360606542425,8847242
1230,2012-10-01,39.74253845214844,40.05703758019128,39.32872617322395,39.74253845214843,5138030
1231,2012-10-03,38.94801712036133,40.05703485033022,38.832148792128706,39.725985049751465,12133968
1232,2012-10-04,39.06388473510742,39.394934529639684,38.56731004330903,39.163197877407015,7257841
1233,2012-10-05,39.13009262084961,39.42803650843761,39.06388087243016,39.31216819377845,11584935
1234,2012-10-08,39.295631408691406,39.54391881791,38.74939551628944,39.06389469736019,6807880
1235,2012-10-09,39.792198181152344,39.89151132869814,39.014230224875504,39.42804248990037,5205666
1236,2012-10-10,39.543907165527344,39.94116420912674,39.063883186425954,39.659770996900065,7436554
1237,2012-10-11,39.44459533691406,39.92461938659777,39.26251972642752,39.72598859051656,5476615
1238,2012-10-12,39.709434509277344,39.858404226023445,38.07073619401808,39.39493540145173,2847441
1239,2012-10-15,39.345272064208984,40.04047742660867,39.2128530642637,39.59355937291248,7208908
1240,2012-10-16,39.262516021728516,39.626671698491606,39.14664769410159,39.42804092115262,4006297
1241,2012-10-17,39.643218994140625,39.725981436758246,39.22940678105252,39.52735067644598,2639928
1242,2012-10-18,39.92462158203125,40.02393474045769,39.527359968023625,39.72599077502744,2525746
1243,2012-10-19,39.5273551940918,39.89151088125926,39.39493616879919,39.7259859771059,3153069
1244,2012-10-22,39.262516021728516,39.4611467990675,39.04733455050724,39.212859449931344,4657141
1245,2012-10-23,38.88182067871094,39.27907785590836,38.83215960267866,39.113552909538214,3935245
1246,2012-10-25,38.63352584838867,39.06388883033727,38.43489505281598,38.99767706842948,12050023
1247,2012-10-29,38.0541877746582,38.25281407552581,37.789345223250436,37.789345223250436,2123473
1248,2012-10-30,37.474853515625,38.18661207747889,37.34243446671412,38.103849610640694,2570824
1249,2012-10-31,37.73968505859375,37.90520995367398,37.42518820695632,37.623816734007555,1852024
1250,2012-11-01,38.71628952026367,38.8652592540035,38.17005369276518,38.17005369276518,4524439
1251,2012-11-02,39.06388473510742,39.163197877407015,38.765940818058425,38.931465715324556,4726469
1252,2012-11-05,38.749385833740234,39.06388493622514,38.66662338468107,39.03077905857143,3632141
1253,2012-11-06,39.610111236572266,39.692873675256564,38.5673054071801,38.96456690892458,4718509
1254,2012-11-07,39.725982666015625,39.92461343247421,39.39493288530133,39.56045777565848,4694784
1255,2012-11-08,39.345272064208984,39.494241755341356,39.1300906280292,39.37837793673269,3005197
1256,2012-11-09,39.57701873779297,40.02393695575038,39.19631228921857,39.2956299432931,5518512
1257,2012-11-12,39.725982666015625,39.974270001551346,39.61011434473562,39.61011434473562,5986709
1258,2012-11-15,39.69287109375,39.82529008900279,39.27905892724164,39.4280331032444,11277862
1259,2012-11-16,39.428035736083984,39.7094289261298,39.16319323774394,39.65976787071314,7952790
1260,2012-11-19,39.74253845214844,39.85840678827741,39.29562478303047,39.428043814256185,4682624
1261,2012-11-20,40.42119598388672,40.53706432775592,39.75909629337804,39.7756469895804,5826060
1262,2012-11-21,39.75908660888672,40.537054453767716,39.51079928542362,40.42118613812164,8050611
1263,2012-11-22,39.428035736083984,39.94116106075896,39.2956167319888,39.80874205666377,3266009
1264,2012-11-23,39.643218994140625,40.05703120722873,39.345275098747166,39.560456551523004,2809752
1265,2012-11-26,39.858402252197266,39.9246140053502,39.411484143790155,39.72598323604148,2935121
1266,2012-11-27,39.24596405029297,40.04048722468699,39.146650898569035,39.891513006950454,7105541
1267,2012-11-29,39.030784606933594,39.41149102869444,38.69973476363705,39.22941541094169,15583782
1268,2012-11-30,39.030784606933594,39.34528375412565,38.8321538029255,39.130102254013075,9986088
1269,2012-12-03,39.378379821777344,39.4280363878652,38.91490656455805,39.11353731905921,5791740
1270,2012-12-04,39.87495422363281,40.057029794912076,39.29561714573553,39.37837958543514,8486828
1271,2012-12-05,39.775634765625,40.139790381521664,39.39492845861238,39.974265509764045,7991825
1272,2012-12-06,39.74253845214844,39.92461854896556,39.27906959778313,39.89151266862149,3888336
1273,2012-12-07,39.295631408691406,39.87496869686811,39.09700058328627,39.82530762290331,3172271
1274,2012-12-10,39.24596405029297,39.44459484389147,39.06388844208221,39.328726506779795,2674532
1275,2012-12-11,38.89836883544922,39.46115541239269,38.832157065167195,39.39494364211067,5034484
1276,2012-12-12,38.81559753417969,39.179753207555294,38.66662333002368,39.04733418727786,6283865
1277,2012-12-13,39.14665222167969,39.31217714024788,38.93147072557119,39.03078388065179,7727857
1278,2012-12-14,38.48454284667969,39.13009166243368,38.319017969835045,39.13009166243368,6097530
1279,2012-12-17,38.51765060424805,38.799043806678796,38.219706709383075,38.501095421663955,3910978
1280,2012-12-18,38.76594543457031,39.030783505674755,38.43489560061439,38.73283955314457,4553554
1281,2012-12-19,38.46800231933594,38.96457708107829,38.153503174172116,38.91491601278338,6136261
1282,2012-12-20,38.3355712890625,38.69972694111067,38.236258152208435,38.69972694111067,2121800
1283,2012-12-21,37.97142028808594,38.31902075869824,37.90520853646932,38.26936419006076,3053451
1284,2012-12-24,37.872108459472656,38.38523838769472,37.690032849873305,38.004527492831336,2156093
1285,2012-12-26,38.170047760009766,38.46799616148106,37.93831560238225,38.00452286592577,2963625
1286,2012-12-27,37.5576057434082,38.401783124031084,37.4417396684678,38.18660166694534,7464142
1287,2012-12-28,37.57416915893555,38.20316301279431,37.17690976465234,37.872113143379046,6441596
1288,2012-12-31,37.987972259521484,38.0707347067529,37.541054146441795,37.57416002336439,1528669
1289,2013-01-01,37.690025329589844,38.26936241382089,37.64036651818225,38.120388224673,6397127
1290,2013-01-02,37.44174575805664,38.0045277765704,37.37553399580763,37.772795589000275,10823940
1291,2013-01-03,37.789344787597656,37.98797557632593,37.45829496976737,37.673476453326955,7768126
1292,2013-01-04,38.0541877746582,38.120395044897215,37.59071667730755,37.90521355885693,7374977
1293,2013-01-07,37.872108459472656,38.12039583082669,37.590717452316625,38.070739254586016,5751436
1294,2013-01-08,38.550758361816406,38.6500715015712,37.739684589935266,37.756235283177695,7147399
1295,2013-01-09,38.2528190612793,38.716292464112925,38.10384931621234,38.65008069509351,8208348
1296,2013-01-10,37.70657730102539,38.63351936133585,37.5741582895953,38.302469587685664,5482985
1297,2013-01-11,37.458290100097656,37.805895057720264,37.35897696371973,37.77278918221098,7053838
1298,2013-01-14,37.094146728515625,37.83900667820306,36.99483132019877,37.441749535086814,10369465
1299,2013-01-15,36.763092041015625,37.44174462288961,36.696882525849325,37.24311383231542,7333310
1300,2013-01-16,37.094146728515625,37.21001283398897,36.547913105310734,36.746543921944436,12729863
1301,2013-01-17,37.292762756347656,37.42518400458768,36.82929400019463,37.11068718826421,8720890
1302,2013-01-18,38.0541877746582,38.21971268548159,37.077589004739984,37.309323430877676,11437257
1303,2013-01-21,37.70657730102539,38.10383882546557,37.47484290848526,37.855551495227935,5767870
1304,2013-01-22,37.57416915893555,38.15350643041227,37.342434699359984,37.772799978614955,5102821
1305,2013-01-23,37.12723922729492,37.93831294761086,36.928610715338394,37.73968219057942,4125262
1306,2013-01-24,36.729984283447266,37.25966486785371,36.64722183245095,37.14379653842881,7597320
1307,2013-01-25,36.74653625488281,36.961717723776,36.51480184721128,36.51480184721128,5876853
1308,2013-01-28,37.04448318481445,37.16035152060945,36.332726965146016,36.779645123126386,4530765
1309,2013-01-29,37.110694885253906,37.54105785733818,36.81274869872407,36.961720669451346,8933771
1310,2013-01-30,36.91205978393555,37.34242495084047,36.6968783230206,37.077584675431666,6691139
1311,2013-01-31,36.481689453125,37.0610264913575,36.28306095849011,36.81273918925786,10621030
1312,2013-02-01,36.564456939697266,36.81274427610568,36.38237911064943,36.4651415561189,6533829
1313,2013-02-04,36.812744140625,36.97826903095476,36.58100974317833,36.59756268122631,4150438
1314,2013-02-05,36.283058166503906,36.72997392884822,36.15063693519577,36.663764435731416,2184943
1315,2013-02-06,36.2003059387207,36.63066888777723,36.08443760931308,36.432040352460795,2852740
1316,2013-02-07,36.94516372680664,37.19345105105716,36.24995832087523,36.24995832087523,5059086
1317,2013-02-08,36.82929992675781,37.3424275754763,36.6141184507187,37.07758728145303,5162866
1318,2013-02-11,37.259666442871094,37.32587595745188,36.53135729233198,36.912063684977916,3760946
1319,2013-02-12,37.358985900878906,38.18661053584893,36.87896181653589,36.9782772217474,9796530
1320,2013-02-13,36.38237762451172,38.070732341153466,36.18374911054352,38.070732341153466,7821046
1321,2013-02-14,34.991973876953125,36.54790755399896,34.37953082292034,36.415488526406854,14843823
1322,2013-02-15,35.51640319824219,35.71810630604117,34.79363790826421,35.16342389949443,8479053
1323,2013-02-18,36.39044952392578,36.7770445146883,35.381938473448514,35.381938473448514,8321446
1324,2013-02-19,36.44086456298828,36.524907128384285,36.03746070504757,36.39043993567088,8484570
1325,2013-02-20,36.3568229675293,36.86107837335797,36.10469526461496,36.47448347414288,7964693
1326,2013-02-21,35.91980743408203,36.625763712867084,35.751720000313234,36.23916877066104,6464828
1327,2013-02-22,36.659385681152344,36.81066188037502,35.97023601824784,36.17193913707879,14054231
1328,2013-02-25,37.66788864135742,37.735122239955444,36.72661142158342,36.81065398978109,15983553
1329,2013-02-26,37.29810333251953,37.617464660568515,37.0459756083018,37.617464660568515,17614848
1330,2013-02-27,36.60895538330078,37.60065963293808,36.50810611299265,37.48299911117746,9561570
1331,2013-02-28,35.06256103515625,36.97873310172733,34.30617804460457,36.84426592643822,11505348
1332,2013-03-01,36.28959274291992,36.642572015773645,35.06256977345705,35.53320956386227,9664596
1333,2013-03-04,36.457672119140625,36.81065133608452,35.73490471686497,36.3063959632505,5835406
1334,2013-03-05,36.50809860229492,36.64256578824281,35.802140176567555,36.49128963410134,4342564
1335,2013-03-06,36.18873977661133,36.64257057816089,36.08789051386758,36.508103374635446,2348098
1336,2013-03-07,36.37363052368164,36.575333590095944,36.020651297356835,36.020651297356835,3784471
1337,2013-03-08,36.97874069213867,37.02916532327241,36.32320908839676,36.60895246448905,5865486
1338,2013-03-11,37.11321258544922,37.23087311269893,36.64257503605228,36.961936393128845,3872022
1339,2013-03-12,36.72661209106445,37.18044287952487,36.34001718222826,37.18044287952487,5729772
1340,2013-03-13,36.91151428222656,37.06279048490184,36.57534392970323,36.67619549142045,4784709
1341,2013-03-14,36.86107635498047,36.97873685515139,36.558524039970145,36.84426966621356,4923712
1342,2013-03-15,36.642574310302734,36.99555360525974,36.45768017677278,36.77704152752402,4917271
1343,2013-03-18,36.55851745605469,36.6425600039555,36.47447490815387,36.608942072875166,3593844
1344,2013-03-19,36.00384521484375,36.777034996256006,35.31469343961882,36.62575883379711,5195989
1345,2013-03-20,35.07937240600586,35.93660697667073,34.8944783174624,35.818946480379346,5025753
1346,2013-03-21,34.1549072265625,35.3987367711771,33.9027795237433,34.961717243464264,4921271
1347,2013-03-22,34.44064712524414,34.69277478602015,33.90277387033524,34.17171049778969,8653798
1348,2013-03-25,34.928104400634766,35.146614196372525,34.62555202502849,34.76001924089775,4166875
1349,2013-03-26,35.29788589477539,35.398735147436675,34.7936305122672,34.7936305122672,3767435
1350,2013-03-28,35.56682586669922,35.76852896333412,34.99533679930142,35.28108247290072,4534130
1351,2013-04-01,35.465972900390625,35.785334203597614,35.21384519578503,35.38193033218876,1691135
1352,2013-04-02,35.80214309692383,36.188737997908575,35.331503348115696,35.61724899131351,4652635
1353,2013-04-03,35.7012825012207,35.835749664020035,35.482770511921814,35.5836220239213,2361750
1354,2013-04-04,35.12980270385742,35.78533428129518,34.8944816885408,35.55001554577913,3713922
1355,2013-04-05,35.18022918701172,35.29788970087089,34.87767683680341,34.87767683680341,8205260
1356,2013-04-08,35.012142181396484,35.634058099097906,34.79363241560981,35.29788782570267,3096875
1357,2013-04-09,34.726402282714844,35.70129760474179,34.55831711820685,35.146615193984836,2293912
1358,2013-04-10,35.163414001464844,35.23064759187217,34.59192506330211,34.810434802075996,1905585
1359,2013-04-11,34.81044006347656,35.23065291678552,34.67597286233795,35.23065291678552,3329986
1360,2013-04-12,35.465972900390625,35.5836311279929,34.64235390817186,34.64235390817186,1819318
1361,2013-04-15,34.978519439697266,35.29788297941561,34.84405226072132,35.29788297941561,2619515
1362,2013-04-16,35.936607360839844,36.27277760549427,34.96171456326215,34.97852125165457,2546545
1363,2013-04-17,35.936607360839844,36.356820166657876,35.718097613734614,35.936607360839844,3775629
1364,2013-04-18,35.97023010253906,36.27278245122629,35.381932095802256,35.684484444489485,5080676
1365,2013-04-22,36.77703857421875,37.18044475308971,35.7181030541843,35.7181030541843,5577118
1366,2013-04-23,36.87789535522461,36.97874691426225,36.54172501163317,36.64257657067081,2951714
1367,2013-04-25,36.92831802368164,37.751934814710715,36.306402047708225,36.676190295011466,7103973
1368,2013-04-26,37.07959747314453,37.21406469503368,36.81066074956526,37.06278850045814,3417359
1369,2013-04-29,37.13002395629883,37.44938533400454,36.82747155211471,36.82747155211471,5263605
1370,2013-04-30,37.71831512451172,38.0376764434019,36.81065579931832,37.04597454587947,5652599
1371,2013-05-02,38.625980377197266,38.82768349366031,37.398959544816684,37.41576851782211,7787838
1372,2013-05-03,37.65107345581055,38.72681997498241,37.533412967838565,38.289795956743674,3489204
1373,2013-05-06,37.68470001220703,37.97044339440618,37.24767817377223,37.499805894430686,1570856
1374,2013-05-07,37.88639450073242,38.23937370673123,37.11320249706846,37.617457854266654,4295563
1375,2013-05-08,38.575557708740234,38.71002494005127,37.86959904485442,37.86959904485442,4623152
1376,2013-05-09,38.15533447265625,38.72682575112991,37.92001574141444,38.65958987380322,3439496
1377,2013-05-10,37.768741607666016,38.50831350001733,37.651081095818824,37.93682675041877,3388720
1378,2013-05-13,37.71831512451172,37.98725181192476,37.44937843709868,37.51661431880245,3486486
1379,2013-05-14,38.441078186035156,38.71001256266645,37.75192871636653,37.75192871636653,5187764
1380,2013-05-15,38.2393798828125,38.861295835723354,37.987252163491995,38.52512554329602,7598979
1381,2013-05-16,38.28980255126953,38.743633334694444,38.05448381459759,38.071292784317144,7843384
1382,2013-05-17,39.01256561279297,39.29831124310881,38.239375845680364,38.32341840991438,4225774
1383,2013-05-20,38.42428207397461,39.029391499163125,38.323432782911176,38.9957735489411,6051683
1384,2013-05-21,37.88639450073242,38.62596856866305,37.600651166200315,38.35703420199761,3901355
1385,2013-05-22,37.86958312988281,38.020861551283296,37.61745546728227,37.98724361768315,4300192
1386,2013-05-23,36.84426498413086,37.936818164763004,36.64256194655564,37.7014971943252,5416658
1387,2013-05-24,36.642574310302734,37.24768134740033,36.34002193165439,37.24768134740033,4295474
1388,2013-05-27,37.70149612426758,37.88639019016378,36.6425609065531,36.70979449056988,1976291
1389,2013-05-28,37.81916427612305,38.22256814183676,37.61746120336592,37.76873964783403,3947350
1390,2013-05-29,38.15533447265625,38.30661291684077,37.718312669035434,37.97044036960892,4123634
1391,2013-05-30,38.45789337158203,38.65959647842005,37.70151014064084,38.05448943770691,4814631
1392,2013-05-31,38.08810806274414,38.65959716926309,37.869595979798014,38.64279047656036,8210037
1393,2013-06-03,37.449378967285156,38.12171955543601,37.197251246728584,38.10491286457281,2337051
1394,2013-06-04,38.054481506347656,38.27299353984647,37.38214099675214,37.38214099675214,6339450
1395,2013-06-05,37.8023567199707,37.95363289029362,37.634271579656215,37.83597465995385,2941759
1396,2013-06-06,37.66788864135742,37.85278274735241,37.55022813396046,37.55022813396046,3741327
1397,2013-06-07,37.19724655151367,37.88639602334069,37.130012957145276,37.33171602005089,3373193
1398,2013-06-10,36.97874069213867,37.48299612267871,36.91150709069347,37.31491097916536,4178032
1399,2013-06-11,36.25597381591797,37.60065490204854,36.0710797106149,36.76022922321693,4988953
1400,2013-06-12,36.306396484375,36.77703392718855,36.037459825709924,36.306396484375,1985386
1401,2013-06-13,35.55001449584961,36.44086478249315,35.41554502252572,36.05426989126305,3320850
1402,2013-06-14,36.67619323730469,36.810660458129234,35.63406429661107,35.71810687957666,5440747
1403,2013-06-17,36.37363052368164,36.79384334554439,35.97022667065349,36.6593761544685,1761508
1404,2013-06-18,36.44086456298828,36.87788635900759,36.08788761216547,36.30639737027487,2599492
1405,2013-06-19,36.138309478759766,36.37362818793171,35.91979973734303,36.28958562895599,3158484
1406,2013-06-20,35.58363342285156,36.07108217369939,35.48278187854509,36.03746423233032,3936637
1407,2013-06-21,36.03746032714844,36.18873648731481,35.2978862153791,35.516395971197156,8100913
1408,2013-06-24,35.600433349609375,36.47447680515601,35.314687759965246,35.83575204001035,7726193
1409,2013-06-25,34.65916061401367,35.97022596021109,34.306181394660506,35.70128930357056,5865050
1410,2013-06-26,35.63406753540039,35.7685347684467,34.44066229286002,34.55832055182524,9917951
1411,2013-06-27,35.81895065307617,36.30639938323938,35.5836319128805,35.80214396290554,10124040
1412,2013-06-28,37.415775299072266,37.68471207649819,35.97024211523419,35.97024211523419,13955319
1413,2013-07-01,37.953643798828125,38.08811331760896,37.14683580534824,37.14683580534824,4880398
1414,2013-07-02,37.43257141113281,37.920017870314254,37.18044369640441,37.68469912586121,4836103
1415,2013-07-03,36.407257080078125,37.230873949944694,36.23917191154205,37.230873949944694,3203552
1416,2013-07-04,36.18873977661133,36.81065572246804,35.718102284471584,36.474485433853744,5239017
1417,2013-07-05,36.17192459106445,36.60894403978872,35.9029879673725,36.30639176301036,2878063
1418,2013-07-08,35.39873504638672,36.13831142912789,35.230649919363806,36.13831142912789,5074736
1419,2013-07-09,36.92831802368164,36.97874265749536,35.58363452430659,35.734910705548536,5626482
1420,2013-07-10,36.3568229675293,37.34852708949946,36.255973710204,37.13001504576004,6811029
1421,2013-07-11,37.09640121459961,37.44937819223303,36.69299504621742,36.96193173187199,5779104
1422,2013-07-12,37.07959747314453,37.23087366772007,36.32321422046587,37.21406469503368,3580274
1423,2013-07-15,36.995548248291016,37.298100583129674,36.65937797411447,36.96193030895313,2918182
1424,2013-07-16,37.045963287353516,37.28128196239968,36.407240843685344,36.407240843685344,2477162
1425,2013-07-17,37.28129196166992,37.71831377814135,36.91150602450225,37.01235756365729,9890923
1426,2013-07-18,37.314918518066406,37.55023731056747,37.062790751857875,37.16364231430151,5820812
1427,2013-07-19,37.43257141113281,37.58384758400972,37.18044369640441,37.58384758400972,4552788
1428,2013-07-22,37.36533737182617,37.583849436575306,37.079593982262985,37.214061191492625,2515956
1429,2013-07-23,37.02915573120117,37.735114063005305,36.70979449721362,37.735114063005305,5415186
1430,2013-07-24,36.97874069213867,37.19725046678575,36.55852783335531,36.67618834573492,2594203
1431,2013-07-25,37.02915573120117,37.567028963032904,35.73489954949362,37.1804341450164,4206471
1432,2013-07-26,36.424049377441406,37.23085690512614,36.32319786653082,37.14681435933398,5399927
1433,2013-07-29,36.34001922607422,36.86108136386336,36.08789150270499,36.709805185801976,2056881
1434,2013-07-30,35.4827766418457,36.37362915864288,35.180224333378966,36.340013502035674,1322467
1435,2013-07-31,33.98682403564453,35.297889533187224,33.02873779820182,34.99533490461552,6050144
1436,2013-08-01,34.575130462646484,34.94491878324422,33.280873620355635,33.885980745060465,4448345
1437,2013-08-02,30.709163665771484,33.734696268180265,29.095545821859993,33.28086546589868,31014744
1438,2013-08-05,31.364694595336914,31.868950018166093,29.482140104854395,30.910863802870402,15799229
1439,2013-08-06,31.44873046875,32.104261922871316,31.07894460530215,31.263836397126003,14382559
1440,2013-08-07,31.364694595336914,31.919376928329388,31.112566883922323,31.60001333669707,5717703
1441,2013-08-08,32.27235794067383,32.6085282646454,31.43193213074489,31.532783683896547,6778874
1442,2013-08-12,31.96979331970215,32.74298522473974,31.801708222076584,32.440430681133705,9452703
1443,2013-08-13,32.322792053222656,32.440450324926594,31.60002432789234,31.919388030606495,2256717
1444,2013-08-14,32.64213943481445,32.99511865769182,32.12107508483363,32.272351243266655,9066232
1445,2013-08-16,32.94468688964844,33.29766606043255,32.10426137816251,32.64213461743355,16654810
1446,2013-08-19,32.4404411315918,32.843847319687626,31.85214310038629,32.64214422563971,5042098
1447,2013-08-20,32.42363739013672,32.60852925006774,31.885763943607422,32.44044408300246,5439143
1448,2013-08-21,32.81023025512695,33.23044314580067,32.49086891417509,32.59172046389695,17512680
1449,2013-08-22,32.97831344604492,33.19682322425277,32.289163890449906,32.608525212369344,11299648
1450,2013-08-23,32.877464294433594,33.011933789099686,32.47406037003707,32.877464294433594,19297499
1451,2013-08-26,32.927886962890625,33.09597209969332,32.67575925768658,32.843844394489274,24410353
1452,2013-08-27,32.171504974365234,34.70959108496462,31.86895034964043,32.944694806904884,13466053
1453,2013-08-28,31.54958724975586,32.54128907957498,30.978098252894036,31.936182144156362,11398478
1454,2013-08-29,32.709373474121094,33.112777328690406,31.5159685995115,31.5159685995115,15533827
1455,2013-08-30,32.8270263671875,33.062345037821835,31.53277025899876,32.57489873155073,8242572
1456,2013-09-02,33.28086471557617,33.448949856364926,32.67576003257714,32.8438451733659,15403306
1457,2013-09-03,32.15468978881836,33.61703115949107,31.650434458214008,33.448943769489404,4877060
1458,2013-09-04,32.3900146484375,32.57490876079009,31.650440478827797,31.80171665082513,4850453
1459,2013-09-05,32.726802825927734,34.172633124790195,32.31856654292389,33.18606518366086,9746210
1460,2013-09-06,33.662353515625,34.1556365295519,32.35259991686541,32.641767014907934,7041237
1461,2013-09-10,34.784996032714844,35.22724829799589,33.764407315709896,33.764407315709896,8723482
1462,2013-09-11,33.679351806640625,35.00611526214022,33.35616663532198,34.665919859257926,5150080
1463,2013-09-12,33.679351806640625,34.24067560565505,33.4242052544789,33.84944950808177,5409563
1464,2013-09-13,33.93450164794922,34.087589122256986,33.49224714998404,33.509255074942175,6331674
1465,2013-09-16,34.88704299926758,35.3633179073016,33.74738988020615,33.934497797394606,14084730
1466,2013-09-17,34.546852111816406,34.88704753012368,33.5262658568946,34.716949820970044,5923058
1467,2013-09-18,34.1556282043457,34.529844086235364,33.645335078367715,34.1896486689167,4635243
1468,2013-09-19,34.1556282043457,35.431361019290684,33.76440209017055,34.97209628307136,10203659
1469,2013-09-20,34.563865661621094,34.88705087861303,34.18965204982445,34.27470091256433,15290056
1470,2013-09-23,33.764400482177734,34.325724278279786,33.62832324456993,34.05356749596646,3730187
1471,2013-09-24,33.73038864135742,33.96852500530404,33.35617270722835,33.52627043963282,8304198
1472,2013-09-25,34.18965530395508,34.30872233886473,33.407205230855894,33.67935977184841,5150528
1473,2013-09-26,33.781410217285156,34.104597689275934,33.526263670196236,34.019548840246294,6791644
1474,2013-09-27,33.662353515625,34.1556365295519,33.52627393127035,33.78142055644962,4575709
1475,2013-09-30,33.35617446899414,33.66235178775236,32.91391987996446,33.407205175669645,5763141
1476,2013-10-01,33.679351806640625,33.747392732895264,33.305138247728735,33.4242052544789,4024187
1477,2013-10-03,33.985530853271484,34.104600173424956,33.543276344684394,34.019551318200435,11166670
1478,2013-10-04,33.3221549987793,33.849456130735255,33.23710613141889,33.849456130735255,16408671
1479,2013-10-07,33.35617446899414,33.407205175669645,32.845881244828725,33.186076727605666,3643908
1480,2013-10-08,33.42421340942383,33.61132138807983,33.23710773786612,33.54328275232264,7001377
1481,2013-10-09,33.69636154174805,33.81543085384167,33.16905821362982,33.16905821362982,5815351
1482,2013-10-10,33.764400482177734,33.866459563932445,33.42420508106051,33.69636186337383,4045318
1483,2013-10-11,33.662353515625,33.98553877943239,33.560294404133614,33.86646943150937,2594571
1484,2013-10-14,33.86646270751953,33.98553203180202,33.44121841665054,33.67935475811759,3588795
1485,2013-10-15,33.662353515625,34.070587654492144,33.42421481977897,33.900489904372634,6566169
1486,2013-10-17,33.203086853027344,33.95151645123438,33.01597887670102,33.59431073408381,7117518
1487,2013-10-18,33.84945297241211,34.01955299835992,33.015974611467485,33.50925753471243,15690831
1488,2013-10-21,33.84945297241211,34.00254276505534,33.696365486866846,33.84945297241211,2023039
1489,2013-10-22,34.68294143676758,35.2442631123113,33.78142193995378,33.78142193995378,9232804
1490,2013-10-23,34.22366714477539,35.14219431866134,34.12160805721076,35.00611707330707,3579487
1491,2013-10-24,33.679351806640625,34.54685054541003,33.40719733001297,34.35974491950295,7207079
1492,2013-10-25,34.08758544921875,34.27469336747694,33.441212850426574,33.88346730073752,5281406
1493,2013-10-28,33.594303131103516,34.32572463537322,33.44121566042773,34.12160646974034,5287076
1494,2013-10-29,34.1556282043457,34.34273614529053,33.339157818522224,33.54327599175255,7086272
1495,2013-10-30,34.07058334350586,34.27470154066134,34.01955494776604,34.24068107210273,3289474
1496,2013-10-31,34.46180725097656,34.87004364593357,33.62832884095251,34.34274022502918,8249061
1497,2013-11-01,33.305145263671875,34.66592716185853,33.20308615988823,34.46180895429124,9616570
1498,2013-11-05,32.369606018066406,33.356171919886,32.16548782115982,33.25411282143271,17767298
1499,2013-11-06,32.743812561035156,32.91391025267018,32.420627408348125,32.420627408348125,9564186
1500,2013-11-07,32.33558654785156,32.74382064717012,32.16548881421065,32.62475361788038,9949028
1501,2013-11-08,32.67578887939453,32.81186847915264,31.859320509240455,32.06343644822965,6427427
1502,2013-11-11,32.64176559448242,32.794853101508615,32.046423494970796,32.624755358791006,7123880
1503,2013-11-12,32.43764877319336,32.726815871068894,32.25054078675027,32.64176699605825,5714533
1504,2013-11-13,32.65876007080078,32.74380890712763,32.165477281524545,32.26753634653623,4914428
1505,2013-11-14,32.65876007080078,32.89689865819383,32.57371123447394,32.69278052817046,2329910
1506,2013-11-18,32.77783203125,32.89690133463381,32.55670596164867,32.76082180118124,4220710
1507,2013-11-19,32.33558654785156,32.77784111673756,32.097450182173915,32.5226945162762,6280476
1508,2013-11-20,31.89332389831543,32.471657891843506,31.825285283517296,32.18249089507947,5017948
1509,2013-11-21,31.774261474609375,32.046418280089405,31.53612513497607,31.978377348395963,4281191
1510,2013-11-22,31.944355010986328,32.046414088078166,31.70621870250378,31.70621870250378,7516975
1511,2013-11-25,32.02941131591797,32.182498813655684,31.876323818180257,31.876323818180257,8325845
1512,2013-11-26,32.06342315673828,32.19950270008632,31.757248221626156,31.8933254578765,7679212
1513,2013-11-27,31.349018096923828,32.216516930215334,31.2469590035193,31.893329416584667,4670852
1514,2013-11-28,32.21651840209961,32.31857519306885,31.178921801428285,31.38303769046485,21937834
1515,2013-11-29,32.35259246826172,32.52269017921928,31.77426071242557,32.097445901825374,19972565
1516,2013-12-02,31.842300415039062,32.21651631467307,31.332007264864284,31.332007264864284,12138526
1517,2013-12-03,31.89332389831543,31.97837274358749,31.70621828439496,31.808275053043367,10819239
1518,2013-12-04,32.52268981933594,32.62474890620071,31.74023989616985,31.842298983034617,21813713
1519,2013-12-05,32.760826110839844,32.87989542988712,32.369602303280786,32.82886473296779,14177075
1520,2013-12-06,33.662353515625,33.98553877943239,32.641767014907934,32.641767014907934,25973812
1521,2013-12-09,34.46180725097656,34.64891521414884,33.50925950790704,33.84945496563915,30640399
1522,2013-12-10,33.47523498535156,34.52984162676156,32.998960050770606,34.46180070246595,28724268
1523,2013-12-11,33.33915328979492,33.50925097534851,33.04998860861234,33.16905560424134,7491141
1524,2013-12-12,33.3221549987793,33.4072038661397,33.13504702916677,33.23710613141889,9916532
1525,2013-12-13,33.16905975341797,33.39018815655748,33.01597227868926,33.067002974997365,12252500
1526,2013-12-16,33.679351806640625,33.81543135205218,32.930922381719114,32.99896100087603,21800566
1527,2013-12-17,33.57729721069336,33.764402848744,33.28813017663675,33.47523812178527,18137305
1528,2013-12-18,34.01955032348633,34.59788206068339,32.23352210889605,32.31857096163378,156704650
1529,2013-12-19,33.764400482177734,34.35974474123059,32.74381427882606,33.169058530222586,508752991
1530,2013-12-20,33.815433502197266,34.10460053587292,33.42420737974798,33.61131532465,55032517
1531,2013-12-23,33.917484283447266,33.98552289026547,33.52625825682229,33.67934569893758,27772323
1532,2013-12-24,33.52627182006836,33.91749800496614,33.49225365644567,33.84945706352427,16656973
1533,2013-12-26,33.679351806640625,33.883469971209095,33.118030314723924,33.37317686688565,58569185
1534,2013-12-27,33.95152282714844,34.0535819522288,33.40721133855102,33.67936592930038,17259233
1535,2013-12-30,33.679351806640625,34.087588135777565,33.543274568326794,33.81543135205218,10546799
1536,2013-12-31,33.985530853271484,34.019551318200435,33.628325199908915,33.713374055133436,12881038
1537,2014-01-01,33.84945297241211,33.98553253175076,33.730385953476,33.96852229844619,3186233
1538,2014-01-02,34.665924072265625,34.83602179437903,34.01955365107387,34.053571811237745,29730385
1539,2014-01-03,34.2576904296875,34.955091560506965,34.070582471599636,34.66592450645317,10720086
1540,2014-01-06,33.985530853271484,34.35974673909852,33.713374055133436,34.35974673909852,6603244
1541,2014-01-07,33.6113166809082,34.01955305247558,33.52626782134799,33.98553258581231,12753362
1542,2014-01-08,33.594303131103516,33.84944968459575,33.50925427993944,33.526264511591805,10653844
1543,2014-01-09,33.62833023071289,33.849456364538014,33.509260892746624,33.59430976069447,12969982
1544,2014-01-10,33.15205001831055,33.8494487325631,32.84587277847262,33.8494487325631,21668655
1545,2014-01-13,33.33915328979492,33.4752328224963,32.93091930588583,32.93091930588583,11775173
1546,2014-01-14,33.15205001831055,33.50925333747495,33.04999093836457,33.30513748468068,6262293
1547,2014-01-15,33.16905975341797,33.8494505807436,33.03298251079196,33.18606998552067,8229009
1548,2014-01-16,33.42421340942383,33.56029298803651,33.22009750215224,33.30514637362331,15169976
1549,2014-01-17,33.084014892578125,33.42421034729569,32.896909238161925,33.3391614836163,11229974
1550,2014-01-20,33.509254455566406,33.64533400240079,32.998961345907425,32.998961345907425,13050752
1551,2014-01-21,33.28813552856445,33.59431053741639,33.23710712945521,33.39019463388118,11629511
1552,2014-01-22,33.37317657470703,33.64533335604971,33.28812772473105,33.305137956145785,12315468
1553,2014-01-23,33.35617446899414,33.49225404636388,33.20308696316417,33.33916423343564,5617086
1554,2014-01-24,33.37317657470703,33.577294737488465,33.254107261901574,33.27111749331631,11973294
1555,2014-01-27,32.84587097167969,33.64533102899902,32.60773466963698,33.13503796443712,12637443
1556,2014-01-28,32.86288833618164,32.99896559343372,32.76082923969356,32.845878102250616,7516995
1557,2014-01-29,32.556705474853516,32.9819496847266,32.45464640306448,32.89690084275198,5177129
1558,2014-01-30,32.52268981933594,32.76082615062184,32.31857164560641,32.55671028399014,28308126
1559,2014-01-31,32.4886589050293,32.65875655939442,32.386602158087896,32.65875655939442,15088682
1560,2014-02-03,32.38661193847656,32.879894823681816,32.30156308561021,32.369601706483735,4482727
1561,2014-02-04,32.43764877319336,32.726815871068894,32.25054078675027,32.33558966176091,8237100
1562,2014-02-05,32.91390609741211,32.94792655428319,32.216507495430555,32.216507495430555,8121381
1563,2014-02-06,32.726802825927734,32.82885958958123,32.40361538403344,32.65876190736212,8396200
1564,2014-02-07,33.16905975341797,33.28812907103907,32.59072801161074,32.726807561334546,6497909
1565,2014-02-10,32.998958587646484,33.339153965650134,32.896901819923436,33.118027892786785,3792896
1566,2014-02-11,32.52268981933594,33.1350420334267,32.48866935468174,33.03298294656193,5013980
1567,2014-02-12,32.556705474853516,32.77783154114852,32.437636173250056,32.62474408701371,5538187
1568,2014-02-13,32.318565368652344,32.6247425697805,32.28454721770303,32.50567327371443,6549052
1569,2014-02-14,32.40362548828125,32.43764595817248,32.30156869280394,32.38661756043383,14754417
1570,2014-02-17,32.50567626953125,32.60773534598003,32.352588808406885,32.352588808406885,4752663
1571,2014-02-18,32.5737190246582,32.6927883468308,32.48867016799145,32.539700866250236,4866082
1572,2014-02-19,32.28456115722656,32.607746419822575,32.16549180974985,32.50568730871373,2804777
1573,2014-02-20,32.35259246826172,32.539700411734614,32.06342543679472,32.182494757304156,5141168
1574,2014-02-21,32.42063903808594,32.55671862446617,32.352600398445034,32.403628801401105,4456386
1575,2014-02-24,32.33558654785156,32.403625179888294,31.995391080569735,32.403625179888294,5118446
1576,2014-02-25,32.42063903808594,32.52269815109651,32.28456175880413,32.352600398445034,4052135
1577,2014-02-26,32.38661193847656,32.72680734994195,32.26754262162456,32.488668716237946,21051173
1578,2014-02-28,32.14847946166992,32.45465677488482,31.72323511589776,32.33558743522932,27401493
1579,2014-03-03,32.21651840209961,32.420634291136174,31.927351342091868,32.01240020596496,15373777
1580,2014-03-04,33.1544303894043,33.30959882329266,32.37858588150369,32.4820322835822,9410466
1581,2014-03-05,33.223384857177734,33.32683123116855,32.895806621588626,33.17166283941141,5385763
1582,2014-03-06,33.654415130615234,33.89578848491019,33.154426967048835,33.223390448496176,7952223
1583,2014-03-07,34.13715362548828,34.29232434448247,33.53371921571353,33.53371921571353,13092149
1584,2014-03-10,34.1026725769043,34.240599504649346,33.68888945521119,34.05094822515643,11546535
1585,2014-03-11,34.08543395996094,34.171638881582595,33.84406064711193,33.93026556873359,7773473
1586,2014-03-12,33.964744567871094,34.05094948551702,33.723371266154096,33.91302255266675,15253272
1587,2014-03-13,34.06819534301758,34.48198087200229,33.82682201008207,33.98199041422215,12326297
1588,2014-03-14,33.913021087646484,34.48197492260603,33.79233327277259,33.895779637170506,11859122
1589,2014-03-18,34.981971740722656,35.15438161186401,33.964751630221855,33.964751630221855,15512927
1590,2014-03-19,35.27507019042969,35.671614331661985,34.94749187442648,34.94749187442648,12921191
1591,2014-03-20,34.240604400634766,35.24058295437387,34.13715802080544,35.068173100811094,6054665
1592,2014-03-21,34.77507400512695,35.464713391430756,34.32680793633784,34.41301285962582,21508819
1593,2014-03-24,35.58540344238281,35.93022315707507,34.82680053775152,34.82680053775152,9956813
1594,2014-03-25,36.4129638671875,36.533651682975524,35.37850489228891,35.37850489228891,14139614
1595,2014-03-26,35.861263275146484,36.72331264825495,35.72333397237398,36.550902773633254,6805235
1596,2014-03-27,36.37849426269531,36.68883111326421,35.86126461944137,35.86126461944137,20892387
1597,2014-03-28,37.05089569091797,37.32675199335911,36.13712183523536,36.32677318931733,6967406
1598,2014-03-31,36.20608901977539,37.34399484839671,36.05091823615419,36.96469212603662,6602071
1599,2014-04-01,37.24053955078125,37.74052768295599,36.24056094797335,36.37849024066673,13292951
1600,2014-04-02,37.37846755981445,37.61984324422473,36.98192580135496,37.292262626370345,8823613
1601,2014-04-03,37.48191452026367,37.7922536884787,36.86123852229213,37.27502407991217,6355761
1602,2014-04-04,36.75778579711914,37.49914951135421,36.67158087721679,37.49914951135421,7240495
1603,2014-04-07,36.861236572265625,37.32674413073271,36.48193394399922,36.79227309579675,6247841
1604,2014-04-09,36.809505462646484,37.033637290455204,36.395720029064506,36.91295182104198,6654828
1605,2014-04-10,37.17157745361328,37.30950441296861,36.61986493927496,36.86123828737604,9464658
1606,2014-04-11,37.11985397338867,37.223300364596234,36.947444100862256,36.96468555580661,6290384
1607,2014-04-15,37.18881607055664,37.30950156616935,36.82675490680186,36.981923308851535,9004170
1608,2014-04-16,37.137088775634766,37.30949861727587,36.44744940907035,37.154330227490505,10220793
1609,2014-04-17,36.964683532714844,37.068129918260745,36.60262235253341,37.05088846426003,10918544
1610,2014-04-21,36.533668518066406,37.30951310675753,36.464705022319,36.82676629806667,4950498
1611,2014-04-22,36.533668518066406,36.72331988521604,35.9819558751691,36.61987347236542,8749084
1612,2014-04-23,36.4129638671875,36.87847134127506,36.27503693925088,36.516410232368955,11101407
1613,2014-04-24,36.4129638671875,36.4129638671875,36.4129638671875,36.4129638671875,0
1614,2014-04-25,36.37849426269531,36.65434820166381,36.06815507366775,36.34401135109491,5635586
1615,2014-04-28,36.58537292480469,36.72330218829055,36.137106910776986,36.29227762450582,4189566
1616,2014-04-29,36.4129638671875,37.033639719818254,36.257795488644305,36.82674932791331,8984063
1617,2014-04-30,36.48193359375,37.206055935867134,36.17159678339029,36.46469447864208,9560866
1618,2014-05-02,36.0509033203125,36.706062084370274,35.89573493935024,36.41296443486311,2642603
1619,2014-05-05,36.24055862426758,36.41296847523575,35.84401690242409,35.96470239502685,1955739
1620,2014-05-06,35.344032287597656,36.25780365245303,35.17162241962808,36.17159871846824,4306301
1621,2014-05-07,35.344032287597656,35.74057404854429,35.17162241962808,35.41299576709379,6851875
1622,2014-05-08,35.706092834472656,36.10263695270104,35.34403396531704,35.65437080701003,6511390
1623,2014-05-09,36.843994140625,36.981921081147796,35.706086358250104,35.792291280691394,19808139
1624,2014-05-12,38.447410583496094,38.964640196451185,36.706070418855575,36.706070418855575,8560913
1625,2014-05-13,38.91291809082031,39.75772365076601,38.654303284872576,38.75774733648484,14210275
1626,2014-05-14,38.619808197021484,39.30944746207845,38.44739838075724,38.94738638023199,8786547
1627,2014-05-15,39.46461868286133,39.861160330064514,37.3267350624993,38.46464033239507,17562208
1628,2014-05-16,41.20596694946289,43.32660734640687,40.36115674305353,40.36115674305353,35379329
1629,2014-05-19,42.15422439575195,43.17144454360398,41.48182400284404,41.48182400284404,25035487
1630,2014-05-20,43.06798553466797,43.99900052163772,42.39558997911527,42.74040965178316,22538200
1631,2014-05-21,42.91281509399414,43.39556165091439,42.412824749056526,42.75764438641608,10213784
1632,2014-05-22,43.240386962890625,43.77486015774699,42.4645428502511,42.792123346353875,17055437
1633,2014-05-23,45.11966323852539,45.516204915994365,41.39560806819887,43.447286935896074,22941667
1634,2014-05-26,44.188663482666016,46.481713854934036,42.412838051748125,45.41277170846498,23747350
1635,2014-05-27,43.757625579833984,44.30933800030955,42.75764944848739,43.30936186896296,11091241
1636,2014-05-28,43.050750732421875,43.79211216750625,42.86110176423166,43.79211216750625,13246147
1637,2014-05-29,43.11970901489258,43.79210452035508,42.895572502822624,43.395562861710665,14803509
1638,2014-05-30,42.0680046081543,43.619692957699,41.43008735129169,43.274873324466846,69911271
1639,2014-06-02,43.17143630981445,43.56797801698708,42.136977242277354,42.171460146578525,13367356
1640,2014-06-03,43.18867874145508,43.636947177975635,42.60248803096673,43.102473812537674,18372713
1641,2014-06-04,42.84386444091797,43.4128161083006,42.688698355404874,43.18868420017015,23251745
1642,2014-06-05,43.757625579833984,44.30933800030955,43.274878965761445,43.343844772164466,19424103
1643,2014-06-06,44.171424865722656,44.27487360764961,43.464546175351295,44.10245903777135,14951210
1644,2014-06-09,47.36100387573242,49.1713075985515,44.1886649199903,44.43003594354914,41900147
1645,2014-06-10,46.878257751464844,48.61959567445046,46.37826722704619,48.067887798161735,22963428
1646,2014-06-11,46.119632720947266,47.292023149942686,45.36103237638502,46.87823774242485,14529763
1647,2014-06-12,47.0506591796875,47.42996178418474,45.585175458110925,46.06792210159991,15766959
1648,2014-06-13,45.998966217041016,47.75754314207811,44.82657536446025,47.343762261976394,10439654
1649,2014-06-16,45.447261810302734,45.86104276424595,44.705900175518025,45.86104276424595,11540459
1650,2014-06-17,46.033447265625,46.481715759305935,45.18864166066014,45.18864166066014,16756330
1651,2014-06-18,46.18861770629883,47.067906216482484,45.3438074303049,46.20585682339369,13262126
1652,2014-06-19,45.2403564453125,46.550669451365295,45.067946593099414,46.20584974693913,4904553
1653,2014-06-20,45.61966323852539,45.98172209060416,45.05071160943719,45.481736279491436,9100975
1654,2014-06-23,45.309329986572266,46.033447747865836,45.08519339892512,45.51621810298908,9955400
1655,2014-06-24,45.654136657714844,46.05067833635507,45.48172682553074,45.84378560235095,10866416
1656,2014-06-25,45.654136657714844,45.947229630895,45.30931699334664,45.51620505043475,14393130
1657,2014-06-26,45.705867767333984,46.03344370752091,45.37828715023011,45.878277633827196,19577916
1658,2014-06-27,47.085147857666016,47.378245573298635,45.343805357094006,45.861034969298494,21315448
1659,2014-06-30,47.99891662597656,48.3437363486876,47.34376008820895,47.51616994956447,33365772
1660,2014-07-01,48.274776458740234,48.843732812581955,47.740307693702874,48.274776458740234,17681327
1661,2014-07-02,48.72304916381836,49.22303973703103,48.481673436698216,48.481673436698216,15633096
1662,2014-07-03,48.447181701660156,48.964411299679654,47.98167880497616,48.87820636667641,10773481
1663,2014-07-04,49.7230110168457,50.44713330842674,48.11960037779108,48.41269805258774,11771805
1664,2014-07-07,50.36093521118164,50.67127204194734,49.67129573085028,50.17128622485734,13259170
1665,2014-07-08,47.498924255371094,50.48161847892474,46.89548976478894,50.343691530746426,14948074
1666,2014-07-09,46.96445846557617,48.06788347269478,46.136892048695664,47.58513210900732,8629784
1667,2014-07-10,47.429969787597656,48.18857044768318,44.82657781322863,47.240316114888316,17933570
1668,2014-07-11,45.75757598876953,47.87821577154512,45.06793673083175,47.34374721740955,11319671
1669,2014-07-14,46.18861770629883,47.136872038696495,45.43001236961378,45.75759300975443,7915363
1670,2014-07-15,46.60239791870117,46.86101270684398,45.89551469162745,46.36102224566785,9737615
1671,2014-07-16,46.981689453125,47.309270010822296,45.96447423143677,46.671352685100054,6411041
1672,2014-07-17,47.826515197753906,48.06789091697955,46.7920558472171,46.91274370682992,8924449
1673,2014-07-18,47.2747802734375,47.636843681216476,46.86099953486708,47.5333949888873,5148178
1674,2014-07-21,47.20582962036133,47.58512754557392,47.03341977184053,47.27479075361977,4656631
1675,2014-07-22,46.80928421020508,47.51616741013448,46.42998627702739,47.240308840558406,6944595
1676,2014-07-23,46.99894714355469,47.65410377580716,46.619644458487215,47.05066917403719,7269605
1677,2014-07-24,46.429988861083984,47.06790160797664,46.2058522992927,46.964457561701295,5942240
1678,2014-07-25,46.48170852661133,46.75756242063181,45.5506934496882,46.37825980866621,8230977
1679,2014-07-28,45.92999267578125,46.75755897375264,45.585172995216816,46.55066623003073,5386124
1680,2014-07-30,46.44722366333008,46.878248277646435,45.86102831709328,45.86102831709328,8577572
1681,2014-07-31,45.8955192565918,46.42999267806466,45.65414823646743,46.27482191897833,19081582
1682,2014-08-01,44.75761413574219,45.86103449078169,44.56796047376249,45.86103449078169,10682255
1683,2014-08-04,45.671390533447266,46.447235029067514,44.25762851715576,45.17139998772498,23311942
1684,2014-08-05,45.671390533447266,46.22310311016073,45.17139998772498,45.86103953938743,16126934
1685,2014-08-06,46.22309875488281,46.51619647210632,45.29208357709453,45.46449344876517,9867110
1686,2014-08-07,46.37826156616211,47.01617898178939,46.15412968416246,46.4644664959248,11406313
1687,2014-08-08,45.48173522949219,46.257579617678545,44.98174475300533,46.11964798491191,5755079
1688,2014-08-11,45.49897003173828,46.136887403599076,44.826569754954875,46.136887403599076,7165189
1689,2014-08-12,45.602420806884766,45.826557383537434,45.2058790339808,45.55069878031766,4457748
1690,2014-08-13,45.61966323852539,46.292058917659816,45.119672750495674,45.51621451156218,7838517
1691,2014-08-14,45.92999267578125,46.2058465494663,45.70586081879762,46.03343670918408,4598772
1692,2014-08-18,46.48170852661133,46.654118379603275,45.63689837618416,45.72310330268014,5649943
1693,2014-08-19,47.085147857666016,47.55065544403347,45.99896660742001,46.58515736176819,7522151
1694,2014-08-20,47.2747802734375,47.44719008373737,46.99892644772388,47.136853360580695,11632976
1695,2014-08-21,47.0506591796875,47.27479104878062,46.75756149998889,47.13686410448612,5097954
1696,2014-08-22,46.2575798034668,47.205834059503125,46.17137487109986,47.0679024261825,3969492
1697,2014-08-25,45.671390533447266,46.37826920313426,45.5162197635562,46.2748251411519,7109144
1698,2014-08-26,45.1713981628418,45.86103768664343,44.96451004723518,45.49897880741451,7855848
1699,2014-08-27,44.6541748046875,45.585190163619174,44.08522305285948,45.06796044797225,14179712
1700,2014-08-28,44.550716400146484,44.930019004981034,43.94728192601949,44.671404230355186,24486863
1701,2014-09-01,45.654136657714844,45.79206358807892,43.861072532233784,44.13692639296194,7250215
1702,2014-09-02,45.68862533569336,45.94724014313785,45.25760065661922,45.4472543215621,8985537
1703,2014-09-03,45.77482604980469,46.03344083339775,45.309323180870514,45.912757675920986,8220774
1704,2014-09-04,46.71860122680664,46.840487166957224,45.464877458371205,46.00467289584324,8542895
1705,2014-09-05,46.82307815551758,47.18874543799139,46.31810455254982,46.89273131576454,5566453
1706,2014-09-08,46.352935791015625,47.258403347577676,45.88278872092287,47.014621985743034,6820385
1707,2014-09-09,46.68378448486328,47.01462524338615,46.49224062342697,46.52706720946357,6490318
1708,2014-09-10,47.41511917114258,47.57183170739118,46.579300083698946,46.579300083698946,5594235
1709,2014-09-11,48.00715255737305,48.12904323554259,47.11910067440689,47.55442115106275,6309287
1710,2014-09-12,47.06686019897461,48.024565187328335,46.892732019273936,47.815610426981685,7528757
1711,2014-09-15,47.62407684326172,47.81562071626767,46.61413412837738,46.68378730465776,3929071
1712,2014-09-16,47.34547424316406,47.98974960035544,46.840500516939144,47.449949285506335,6434969
1713,2014-09-17,47.41511917114258,47.57183170739118,46.5967157367462,47.53700512482612,5122756
1714,2014-09-18,47.55442810058594,48.02457522878667,47.066870040186366,47.29323577642222,16935401
1715,2014-09-19,47.65888977050781,48.45988217401578,47.2758068578326,47.2758068578326,17128011
1716,2014-09-22,47.71113204956055,47.85043837612853,47.17133656646221,47.64148360980587,7010679
1717,2014-09-23,47.536991119384766,48.19868182258394,47.27579891239395,47.885247395372524,10349414
1718,2014-09-24,47.310638427734375,47.850438637308386,47.13651024210328,47.39770252054993,6457902
1719,2014-09-25,47.36287307739258,47.72854507924421,47.10168081472529,47.36287307739258,16106351
1720,2014-09-26,47.71113204956055,47.85043837612853,47.03203496342354,47.38029133278487,5236288
1721,2014-09-29,48.599185943603516,48.79072504677044,47.53700124155054,47.711129416621944,8073293
1722,2014-09-30,47.101680755615234,48.42505771891948,46.70118689806714,48.39023113923508,12952693
1723,2014-10-01,47.34547424316406,48.05939805407353,46.9101536941875,47.36288517571102,7924373
1724,2014-10-07,47.798194885253906,47.97232306535662,46.997207146193084,47.34546350639852,8847590
1725,2014-10-08,48.02456283569336,48.337992599100915,47.641479914404584,47.711128348756844,4593053
1726,2014-10-09,48.07680892944336,48.37282781801767,47.815616626030106,48.111635514604416,9248781
1727,2014-10-10,47.38029479980469,48.00715442111336,47.258404116903094,47.88526373821177,11619666
1728,2014-10-13,46.96238327026367,47.48476784065854,46.857908245596484,46.96238327026367,10406480
1729,2014-10-14,47.38029479980469,47.58924958141747,46.788257039156754,47.066864989150346,14165351
1730,2014-10-15,47.38029479980469,47.38029479980469,47.38029479980469,47.38029479980469,0
1731,2014-10-16,46.64895248413086,47.41511839388492,46.143978854038956,47.362876159128994,11263977
1732,2014-10-17,46.70119094848633,47.188748935767094,46.49223617578616,46.99720981618412,5532569
1733,2014-10-20,47.0494384765625,47.53699637211378,46.49222742870594,46.49222742870594,7878465
1734,2014-10-21,48.73848342895508,49.05191317294701,47.06685497864569,47.27580499228787,6706899
1735,2014-10-22,48.686241149902344,49.27827400303034,48.390222361574246,49.10414585972301,11612786
1736,2014-10-27,49.469825744628906,50.63648543697686,48.80813963843317,49.06933189536798,11023074
1737,2014-10-28,49.62654495239258,49.76584655023217,48.68625090079935,49.36534796159078,7011349
1738,2014-10-29,49.64394760131836,50.14892112323906,48.75589120658144,49.93996639956401,13392055
1739,2014-10-30,50.305641174316406,50.566833437233576,49.313109630525354,49.45241122604203,15543181
1740,2014-10-31,50.77578353881836,50.96732262465866,50.09668182805982,50.305636563949264,12145111
1741,2014-11-03,50.444950103759766,52.238474348698645,50.340475072815444,51.01957694454276,13632949
1742,2014-11-05,49.609127044677734,50.810613308910774,49.469825453172334,50.39270381086565,5298871
1743,2014-11-07,50.46236038208008,50.6713151452381,49.48723972851909,49.48723972851909,4488647
1744,2014-11-10,51.576778411865234,52.02951452367444,49.71361062480386,50.497187451577844,10354057
1745,2014-11-11,51.42007064819336,52.55190394736375,51.15887834838481,51.890217732554696,8362310
1746,2014-11-12,49.78324890136719,51.40263973474324,49.46981917934736,51.17627408681383,6309241
1747,2014-11-13,50.37529754638672,50.61907417320483,49.800675476029795,50.13151619603924,10971261
1748,2014-11-14,50.183753967285156,50.810618275628585,49.80067573408179,50.09668987364268,6123081
1749,2014-11-17,51.10663986206055,51.21111489058696,50.044455028903656,50.28823639350482,4923950
1750,2014-11-18,51.663841247558594,52.16881485750213,50.84544258276132,51.17628328968194,6475424
1751,2014-11-19,51.07181167602539,52.238471501113004,50.584253685646395,51.80315102335864,5431984
1752,2014-11-20,50.897682189941406,51.19370105198871,50.23599602529584,50.915093119196804,3590544
1753,2014-11-21,51.03699493408203,51.19371222570372,50.65391189508599,50.65391189508599,5424821
1754,2014-11-24,49.609127044677734,50.67131171740537,49.173806619017775,50.42753038962423,6633290
1755,2014-11-25,48.442474365234375,49.104160563228604,47.31064109482622,49.104160563228604,55543705
1756,2014-11-26,48.45988082885742,48.93002308858292,48.07679792681589,48.23351043888149,5741991
1757,2014-11-27,49.01708984375,49.55689001083273,48.52953190706774,48.52953190706774,4482174
1758,2014-11-28,49.69618606567383,50.009615795504125,48.564353074293884,49.06932660601324,4619433
1759,2014-12-01,48.181278228759766,49.76584751505171,47.98973911845807,49.435002080680526,2477146
1760,2014-12-02,48.07680892944336,48.47730284997105,47.97232917396018,48.05939327509793,2350906
1761,2014-12-03,47.78078842163086,48.42506369292239,47.67631339321802,48.05939164641819,8617759
1762,2014-12-04,47.536991119384766,47.954900539981296,47.258387988005786,47.74594582968303,4516507
1763,2014-12-05,47.62407684326172,48.12905056246898,47.362884517505584,47.46736428192615,5700055
1764,2014-12-08,47.310638427734375,48.1638684267385,47.17133682393536,47.624068217164485,3081176
1765,2014-12-09,46.997196197509766,47.65888218304483,46.87530555512823,47.15391341250432,4817465
1766,2014-12-10,47.798194885253906,47.98973871748441,46.770841456765396,46.875316475415346,3714413
1767,2014-12-11,47.34547424316406,48.05939805407353,46.92756462673446,48.024576188979616,3222482
1768,2014-12-12,46.94496536254883,47.484760782307426,46.509644951927775,47.39769670018321,4812683
1769,2014-12-15,46.82307815551758,47.084270421150045,46.30069362425263,46.57929681818229,2791969
1770,2014-12-16,46.33552551269531,46.962385132616284,46.02209570273483,46.509653709732206,4811157
1771,2014-12-17,45.62159729003906,46.78825716050059,45.13403928069789,46.1788084679417,6760384
1772,2014-12-18,45.830543518066406,46.43999209687363,45.11661992944661,45.98726075631407,5750448
1773,2014-12-19,47.2932243347168,47.415115001210076,45.447462856389,46.1962177833353,4845177
1774,2014-12-22,47.65888977050781,47.79819135960912,46.92755052331492,47.328049086833325,3767407
1775,2014-12-23,48.425052642822266,48.66882922800146,47.51958528358736,47.64147593794123,6644017
1776,2014-12-24,47.46736526489258,48.39024389030274,46.701199204063215,48.39024389030274,8715919
1777,2014-12-26,47.745948791503906,48.668827035414694,47.53699406824357,48.2335066634258,2310253
1778,2014-12-29,47.71113204956055,48.494708880623534,47.60665702816387,48.05938841892187,1421574
1779,2014-12-30,47.937503814697266,48.233517958143906,47.79819748421715,48.059389768573205,2146065
1780,2014-12-31,48.059383392333984,48.80813828697113,47.86784429863028,48.16386312633231,3960548
1781,2015-01-01,47.745948791503906,48.1290316635598,47.676300366102694,48.05937851463025,778837
1782,2015-01-02,48.32056427001953,48.529518965310864,47.76335804727959,47.76335804727959,3612848
1783,2015-01-05,48.37281799316406,48.790722759628046,47.415113075165294,48.233511680813905,7291352
1784,2015-01-06,47.2932243347168,48.16386520462735,46.718602305281635,48.07680111763629,8288963
1785,2015-01-07,47.97231674194336,48.23350897766869,46.492227406166464,47.014611877617135,3256180
1786,2015-01-08,48.181278228759766,48.37282206259069,47.44993892151189,48.05938755696358,2436600
1787,2015-01-09,48.21609878540039,48.5817660315713,47.69371430599702,48.16386128216578,2079643
1788,2015-01-12,47.536991119384766,48.47728495396293,47.188734843397015,47.92007396767691,3660975
1789,2015-01-13,47.310638427734375,47.9897402411074,47.101683660271185,47.55441977702965,2850708
1790,2015-01-14,47.38029479980469,47.67631368012865,46.94497430624875,47.2932307010935,3939014
1791,2015-01-15,49.78324890136719,50.044441123638435,47.536993900423155,47.536993900423155,6425406
1792,2015-01-16,51.31560516357422,51.8728165028165,49.034527000354615,49.731039993524696,8222495
1793,2015-01-19,51.48970413208008,51.85537607967247,50.28822273620659,51.24592755721351,5082702
1794,2015-01-20,51.33300018310547,52.23846765487224,51.12404542446251,51.89021129831034,6145107
1795,2015-01-21,51.15886688232422,51.55936070756342,50.86284806418093,51.29816846629498,2865190
1796,2015-01-22,51.663841247558594,52.72602597658795,51.07180827139736,51.22852079882423,7016755
1797,2015-01-23,52.081756591796875,52.23847386027782,51.263353111952476,51.820564293348426,4549463
1798,2015-01-27,52.22105026245117,52.58672225877117,51.263345313825305,51.6290173101453,6048058
1799,2015-01-28,52.04692077636719,52.83049753273902,51.89020825921014,52.395177112532444,5448999
1800,2015-01-29,51.820552825927734,52.22104665021707,51.402643351477934,52.18622479695347,6923717
1801,2015-01-30,51.54197311401367,52.412614312382274,50.84546015531879,51.71610135368739,3094145
1802,2015-02-02,51.48970413208008,51.78572293055153,50.84543375858902,51.28075413177398,2427202
1803,2015-02-03,51.26334762573242,52.029513508597745,51.01957100738741,51.855385328267374,1320013
1804,2015-02-04,50.932498931884766,51.97726785006527,50.81060828005802,51.36781931445998,1740828
1805,2015-02-05,50.027042388916016,51.158875627898674,49.69619693734006,50.93250992480804,2453418
1806,2015-02-06,49.95737838745117,50.497178495385064,49.313103277222176,49.59171115588987,2422833
1807,2015-02-09,49.26087951660156,49.95739232225912,48.75590584308794,49.80067977510403,2511094
1808,2015-02-10,50.532005310058594,50.91508822864532,48.755897031904816,48.82555018929473,3982617
1809,2015-02-11,50.75837707519531,51.8379679790773,50.497184813250506,50.845441162510255,5670681
1810,2015-02-12,52.325538635253906,52.93498733950125,50.86285985564838,51.82056496232278,7776840
1811,2015-02-13,52.7608528137207,53.17875761242008,52.01210258296293,52.847916903890884,8270115
1812,2015-02-16,53.19617462158203,53.770796686657775,52.934982344408574,52.934982344408574,3789682
1813,2015-02-18,53.89268112182617,53.979745204138354,52.67378396945564,52.96980279402281,4034642
1814,2015-02-19,53.735965728759766,53.997157984661825,52.63895919867688,53.91009389936114,2708022
1815,2015-02-20,53.370304107666016,53.910099604241,53.039458659101065,53.59666980869651,4586215
1816,2015-02-23,54.29317092895508,54.85038195913171,53.109100442035,53.28322859374467,5857600
1817,2015-02-24,54.58921813964844,54.920058965948435,54.1713084686548,54.29319918298885,3786009
1818,2015-02-25,53.823028564453125,54.93745071984,53.14393154899169,54.88521321457817,3842514
1819,2015-02-26,53.19617462158203,54.48472035485349,52.51707281151932,53.666321665200115,7368101
1820,2015-02-27,54.71108627319336,54.850387864853964,52.96980456861345,53.26581867956889,4870174
1821,2015-03-02,54.57177734375,55.37276972360269,54.11904601165884,54.93744931831168,3288237
1822,2015-03-03,54.171302795410156,54.467321721068316,53.68374471266574,54.39766854202038,3773373
1823,2015-03-04,53.78820037841797,54.79814749308846,53.318058121587754,54.38023801642973,4927543
1824,2015-03-05,54.0319938659668,54.38025026712751,52.795685531258194,53.631499949337936,2511965
1825,2015-03-09,52.55928421020508,53.99351482237833,52.3668847012839,53.6262092569636,2904210
1826,2015-03-10,51.947113037109375,52.594266395368486,51.31744838665574,52.5592842351271,4007085
1827,2015-03-11,51.737213134765625,52.47181935539256,51.57979582154936,52.261931185980664,3350372
1828,2015-03-12,52.3493766784668,53.31135963424456,51.789676555270354,51.789676555270354,4034334
1829,2015-03-13,51.28246307373047,52.611751868769595,51.072579614446006,52.55928100394848,3743353
1830,2015-03-16,51.334938049316406,51.66725668550022,50.91516164667042,50.91516164667042,1546607
1831,2015-03-17,51.64977264404297,52.122019953516,51.09007230483901,51.45737313185664,4288235
1832,2015-03-18,51.29995346069336,51.859653722821974,51.03759440762962,51.597294669758234,3493449
1833,2015-03-19,51.10755157470703,52.20946334152672,50.722762110655964,51.299951051362214,2641643
1834,2015-03-20,51.842166900634766,52.4193606868743,50.58284233599559,51.07258309336616,3763675
1835,2015-03-23,52.19196701049805,53.136461402874914,51.96459013666788,52.29691346777847,4249360
1836,2015-03-24,51.754703521728516,52.769162249438835,51.59729094802243,52.12200901630176,5170910
1837,2015-03-25,51.24747848510742,51.96459127473002,51.142532025528595,51.68474353844547,6008163
1838,2015-03-26,50.75774002075195,52.296916870647934,50.390439257944315,51.3874045715175,11848617
1839,2015-03-27,50.63530731201172,51.05507891562262,50.09309580014878,50.75773773100481,3479176
1840,2015-03-30,50.7227668762207,50.932650332829716,50.233026158452745,50.74025558272809,4359504
1841,2015-03-31,50.81022262573242,51.22999430611572,50.54786354625647,50.8976756522244,4797950
1842,2015-04-01,51.229984283447266,51.36990814953357,50.757737083855254,50.757737083855254,2808077
1843,2015-04-06,51.754703521728516,52.27942159000785,51.020097277211555,51.21249674902502,5315447
1844,2015-04-07,51.754703521728516,51.84215653310841,51.072572879743106,51.49234448758886,2457023
1845,2015-04-08,51.52733612060547,52.401866395292615,51.422394385495174,51.61478914807419,4009038
1846,2015-04-09,52.82164764404297,53.03153587804258,51.56232298467613,51.61479385701833,2422269
1847,2015-04-10,53.416316986083984,53.53875216526304,52.576768927560536,52.9965453291373,2200148
1848,2015-04-13,53.99350357055664,54.46574602897328,52.73417927731023,53.45129206164097,2208671
1849,2015-04-15,53.0140266418457,54.57069210723856,52.82163191899015,54.20338662092874,2330815
1850,2015-04-16,52.7166862487793,53.25889776201742,51.59729055834837,52.874103565926056,2492100
1851,2015-04-17,52.50680160522461,53.03151965741392,52.156984825802354,52.71668503039683,3666806
1852,2015-04-20,52.401851654052734,53.38132813294264,51.99956878978949,52.54177550971441,2278982
1853,2015-04-21,52.06953430175781,53.17144605963989,51.80717526314391,52.47182195666949,2312891
1854,2015-04-22,51.43988037109375,52.3144105995034,51.28246303212796,52.12201584710533,4849646
1855,2015-04-23,51.29995346069336,52.10451932557021,51.03759440762962,51.77220070513406,3515131
1856,2015-04-24,51.02009963989258,51.7547059184283,50.39043982665039,51.07257524485422,2613457
1857,2015-04-27,50.705265045166016,51.68474157419648,50.54785247872438,51.10754793002259,2052351
1858,2015-04-28,50.530364990234375,51.247482581812584,50.19804636990972,50.477894128565204,3429520
1859,2015-04-29,50.04064178466797,50.652813064186304,49.84824699467178,50.495395694457734,2061972
1860,2015-04-30,49.74330139160156,50.65281397211476,49.113641390663055,49.70831922607584,4099911
1861,2015-05-04,50.425418853759766,50.58283142499083,49.32350713199508,50.02313595666334,3652050
1862,2015-05-05,50.07561492919922,51.29995726768906,49.51591462553496,50.04063277060203,7999174
1863,2015-05-06,49.18358612060547,49.935685846019084,48.99119138527577,49.935685846019084,6031578
1864,2015-05-07,49.07864761352539,49.34100667594959,48.29157042625278,48.97370114177769,5448071
1865,2015-05-08,48.97370147705078,49.74328996328238,48.86875974921469,49.32351356267786,2987105
1866,2015-05-11,50.02314758300781,50.14557802976624,48.90374689692362,49.23606556540166,3927933
1867,2015-05-12,48.72883987426758,50.04063530332972,48.483969496323795,49.988164435093324,4551824
1868,2015-05-13,49.27104187011719,49.49841877302474,48.29156994468621,48.7987946135369,4097879
1869,2015-05-14,48.76381301879883,49.25354893950971,48.361525365893506,49.25354893950971,3467677
1870,2015-05-15,48.99119186401367,49.56838082027273,48.728832816202306,49.04366272464999,6305129
1871,2015-05-18,48.99119186401367,49.30602177246136,48.53643333436277,48.79879238217414,14967798
1872,2015-05-19,48.53641891479492,50.337954303589655,48.30904208983519,48.97368386457454,6595326
1873,2015-05-20,49.2535514831543,49.463439672764004,48.6413803644934,48.658869070031784,5168468
1874,2015-05-21,48.79878616333008,49.306015488976755,48.518938445846565,49.14859818249905,2628801
1875,2015-05-22,49.306026458740234,49.65583855573653,48.06419541225548,48.72883744762239,5380668
1876,2015-05-25,50.0581169128418,50.163063379063395,49.341004077828266,49.58586967641909,5557091
1877,2015-05-26,50.04064178466797,50.23303657466416,49.51592354508083,50.16307698949785,2220470
1878,2015-05-27,50.09309768676758,50.23302155990772,49.60336175846223,50.04062682741873,1137269
1879,2015-05-28,50.09309768676758,50.46040319146883,49.16609668950573,50.46040319146883,3848527
1880,2015-05-29,50.26800537109375,50.530364421114534,49.410963909840596,49.84823373783838,3473570
1881,2015-06-01,50.0581169128418,51.38740560590684,49.76078045345508,51.299952589703736,15815832
1882,2015-06-02,49.84823226928711,49.98815614291668,49.445944608736305,49.84823226928712,4635659
1883,2015-06-03,50.09309768676758,50.28549716388623,49.23605625376098,49.72579692669598,6029264
1884,2015-06-04,50.495391845703125,50.77524439893124,49.81326103301044,50.023149261773845,8566490
1885,2015-06-05,50.687782287597656,51.17751823724785,50.02314030274167,50.372952373153225,8696044
1886,2015-06-08,51.12505340576172,51.3174481693289,50.35546486223215,50.88018302973947,4215142
1887,2015-06-09,51.544837951660156,51.824690557589285,50.82772484169051,51.07259527879954,2699663
1888,2015-06-10,51.47486877441406,51.84216961705732,51.14254534944675,51.61479267901003,2875048
1889,2015-06-11,51.07257843017578,51.544820947245626,50.67029073840512,51.282461884593474,2113307
1890,2015-06-12,50.86267852783203,51.05507323165568,49.7607716671633,50.897660677062404,2614529
1891,2015-06-15,49.393470764160156,50.722759344881055,49.20107604262539,50.722759344881055,3574132
1892,2015-06-16,50.407928466796875,50.60032794727171,49.14860409730881,49.253550562466835,2705206
1893,2015-06-17,49.60336685180664,50.495385786219806,49.131119579916664,50.26800887594097,3030212
1894,2015-06-18,49.65583801269531,49.91819708257335,49.2710437612815,49.428461101060385,4549773
1895,2015-06-19,48.97370147705078,49.81325427825982,48.51894766358761,49.655836941875606,9119658
1896,2015-06-22,49.428462982177734,49.74329292908694,49.11363303526852,49.271045636407955,1849073
1897,2015-06-23,48.76381301879883,49.60336098925029,48.67636000636369,49.323508502680085,4200054
1898,2015-06-24,48.921234130859375,49.16610450625799,48.641386340087024,48.641386340087024,3101425
1899,2015-06-25,49.428462982177734,49.63835119499399,48.57142142344067,49.043668716119655,11124905
1900,2015-06-26,48.65887451171875,49.41096959268552,48.58891493711158,49.14861051249034,4184617
1901,2015-06-29,48.79878616333008,49.04365647460003,48.16912642667759,48.20410857752032,3452315
1902,2015-06-30,48.65887451171875,49.11363309750194,48.151649803452955,48.79879840556344,2588831
1903,2015-07-01,49.79576873779297,50.058127843691835,48.41401362683742,48.67637273273629,1988394
1904,2015-07-02,49.498409271240234,50.02313203475958,49.18357940883189,50.00563858735246,2965570
1905,2015-07-03,49.498409271240234,50.00563858735246,49.14859725864672,49.14859725864672,3051297
1906,2015-07-06,48.97370147705078,49.74328996328238,48.86875974921469,49.14860751986432,2083899
1907,2015-07-07,48.48396682739258,49.498420954431175,48.36153164516047,49.32351490685107,3234495
1908,2015-07-08,48.274070739746094,48.69384708325427,47.714375274574415,48.30905289247668,2440394
1909,2015-07-09,47.92426681518555,48.46647841273145,47.88928940116278,48.30906107110807,2478234
1910,2015-07-10,48.501468658447266,48.676374736245606,47.87180393159462,47.95925697049379,2901055
1911,2015-07-13,48.97370147705078,49.11363010700567,47.941758671228946,48.41400593575152,1612390
1912,2015-07-14,49.04366683959961,49.3060259094239,48.55393085818697,49.008684681363675,2264950
1913,2015-07-15,48.8862419128418,49.21856524756229,48.7987889031395,48.99118837126221,1504877
1914,2015-07-16,48.833770751953125,49.026170218878136,48.65886473363734,48.86875290454216,1827243
1915,2015-07-17,49.393470764160156,49.58586548569493,48.79878840638642,48.85126400737716,1696436
1916,2015-07-20,49.04366683959961,49.58587368605108,48.99119597456079,49.58587368605108,1668294
1917,2015-07-21,48.97370147705078,49.28853614981921,48.85127104278536,49.026177085598896,1315889
1918,2015-07-22,49.95316696166992,50.11058426275356,48.55391893294066,48.868748790478946,1890132
1919,2015-07-23,49.760780334472656,50.12808110379553,49.23605749387891,50.05811679314842,1225377
1920,2015-07-24,49.69081497192383,50.00564487391164,49.393473774912685,49.74328583148352,1692284
1921,2015-07-27,49.11362075805664,50.005639508754776,48.991185602467105,49.44593932936632,1296310
1922,2015-07-28,49.44594192504883,49.568377087065635,48.78130000290968,49.323506763032015,1547151
1923,2015-07-29,48.97370147705078,49.42846003514402,48.79879543423724,49.21857183484176,1900932
1924,2015-07-30,49.8132438659668,50.11058502552361,48.93871383469914,49.04365554059963,2942993
1925,2015-07-31,49.67332458496094,49.97066580030486,49.113629055642924,49.97066580030486,1956499
1926,2015-08-03,49.18358612060547,49.98815670614266,49.07864440035831,49.34100344560593,1508372
1927,2015-08-04,49.32351303100586,49.848235898420405,48.9562122429087,49.14860699007768,1001510
1928,2015-08-05,49.23605728149414,49.480927623072965,49.008680389816526,49.3235102971109,1107859
1929,2015-08-06,49.34102249145508,49.63836380643669,49.043681176473456,49.078663344935684,1295185
1930,2015-08-07,48.833770751953125,49.778265148710155,48.746317742795235,49.166094084604886,2213871
1931,2015-08-10,48.29157257080078,49.49842146476823,48.06419565552839,49.008685475420705,2570753
1932,2015-08-11,48.256587982177734,49.25355336238998,47.43452864254202,48.97370085068952,3873211
1933,2015-08-12,47.5744514465332,48.23909818134609,47.46950972242059,47.92426351974845,1472522
1934,2015-08-13,48.204105377197266,48.483953076101386,44.07632097827399,47.50448138530812,2470225
1935,2015-08-14,48.39651107788086,48.641381428553835,48.169134177758764,48.204116334230605,1304682
1936,2015-08-17,48.309059143066406,48.78130640445866,47.906776196187835,48.44898302746373,813782
1937,2015-08-18,48.06418991088867,48.51894368708122,47.80183086817074,48.309055503980936,1461999
1938,2015-08-19,47.731868743896484,48.41400418404035,47.609433569430934,48.099169522663246,2417706
1939,2015-08-20,47.60942840576172,47.906769584463056,46.99725734445929,47.25961637073176,2256015
1940,2015-08-21,46.664947509765625,47.29460739305776,46.54251232561708,47.22464307507851,4024183
1941,2015-08-24,45.86036682128906,46.35010270635518,44.67100688766299,45.77291381521907,7651174
1942,2015-08-25,44.98583984375,46.752393534214384,43.77898637941917,45.82538781063556,12357515
1943,2015-08-26,45.80790710449219,46.455060455687466,44.775959484102664,44.98584769862956,2616303
1944,2015-08-27,47.17217254638672,48.43149706661067,45.563035923024465,46.33262444778085,5402025
1945,2015-08-28,47.2771110534668,48.09916556154406,46.76988169157999,47.434523626562026,2205183
1946,2015-08-31,45.70296096801758,47.38205703326287,45.51056147963472,47.0497336635479,2305711
1947,2015-09-01,45.16075134277344,45.86037552409934,44.77595709411816,45.24820436543917,3973158
1948,2015-09-02,43.796478271484375,45.475574145557495,43.28924892169698,45.23070856726275,4507483
1949,2015-09-03,44.49611282348633,44.79345407289134,43.76150642631822,43.86644816392916,3114461
1950,2015-09-04,43.236778259277344,44.391156084804265,42.83449536520762,44.391156084804265,3868544
1951,2015-09-07,43.24032211303711,44.159572610904874,42.621588438771155,43.417101792697174,3112256
1952,2015-09-08,44.566162109375,45.07882021567786,42.81604166105499,43.13424407108002,2951677
1953,2015-09-09,44.548484802246094,46.139501774079505,44.053502703433416,45.75059035066223,3201416
1954,2015-09-10,43.6115608215332,44.10654300293766,42.674629407543314,44.10654300293766,3984541
1955,2015-09-11,43.947444915771484,44.4777840040368,43.52317172697677,43.84137422084473,1783681
1956,2015-09-14,45.09650802612305,45.23793080849155,43.66458976657095,44.12421980358812,2400945
1957,2015-09-15,45.37935256958008,46.015762269099135,44.54848714811259,45.07882616665071,3189547
1958,2015-09-16,46.35163497924805,46.49305774076498,45.255600185445644,45.43237983620555,2668351
1959,2015-09-18,47.200191497802734,47.695178515213954,46.493072667736975,46.66985237525341,2710372
1960,2015-09-21,48.27854919433594,48.43764804922447,46.56378512193947,46.95270142631645,3040868
1961,2015-09-22,46.316287994384766,48.437644257139254,45.69755908441471,48.33157836218391,2618545
1962,2015-09-23,45.184898376464844,46.669844801341476,44.477779661155296,46.33396628884286,5775906
1963,2015-09-24,44.336341857910156,45.9803963282557,44.03582030956746,45.25559693492642,9733917
1964,2015-09-28,44.83134078979492,45.60916853008875,44.08886515029854,44.70759405063621,2407051
1965,2015-09-29,45.37935256958008,46.13950420372693,44.33635058160624,44.49545420534989,2414852
1966,2015-09-30,46.79358673095703,46.91733345252132,45.37934944554848,45.397030288889205,3047665
1967,2015-10-01,46.157196044921875,47.34162109426262,46.05112533867031,47.0234137709646,2020545
1968,2015-10-05,46.84661865234375,47.42999535626531,46.298603634335436,46.31627968183696,1811432
1969,2015-10-06,46.75823974609375,47.553748387675284,46.56378399633408,46.970376342940064,1868486
1970,2015-10-07,46.86430740356445,47.094120037140165,46.56378097713964,46.88198345404877,1403044
1971,2015-10-08,46.82895278930664,47.02340853593443,46.52842634823595,46.98805643324294,1318938
1972,2015-10-09,46.86430740356445,47.2001859309579,46.63449476998874,47.02340624429106,1421375
1973,2015-10-12,47.12946701049805,47.2708897709639,46.59912806215991,46.84661669411143,1574616
1974,2015-10-13,47.04108428955078,47.27089690944416,46.82894771908935,47.02340344466322,715400
1975,2015-10-14,47.023406982421875,47.20018667186364,46.74056139749744,46.988054880898304,1722301
1976,2015-10-15,47.74821853637695,47.88964136423313,47.0941325626528,47.200198484680634,2959602
1977,2015-10-16,47.73051834106445,48.08407766513967,47.2355362464502,47.87194590705873,3651488
1978,2015-10-19,47.3062629699707,47.85427815401353,46.970379602037,47.7305313976455,1640198
1979,2015-10-20,48.04873275756836,48.47300113265939,47.20018641647438,47.376966104959635,3296804
1980,2015-10-21,48.04873275756836,48.508358029447635,47.69517338059786,48.084084858900646,3504240
1981,2015-10-23,48.20783233642578,48.6321055134546,47.90730590231838,48.260865284690375,2367650
1982,2015-10-26,47.99569320678711,48.3846094658964,47.81891352496068,48.26086272952675,1788557
1983,2015-10-27,47.341609954833984,48.17247058329227,47.182506330621884,47.92498191785244,1680870
1984,2015-10-28,46.33396530151367,47.35928645777283,46.12182873235008,47.07644089585844,4725765
1985,2015-10-29,45.30864715576172,46.17486474383962,44.61920445903432,46.17486474383962,6657486
1986,2015-10-30,45.520774841308594,46.61680975982674,45.34399517043326,45.43238500587093,3034065
1987,2015-11-02,45.59149169921875,45.75059533190713,44.95508196392104,45.52077790792263,1507300
1988,2015-11-03,46.54609680175781,46.72287645756671,46.03343388172997,46.12182370963442,2879807
1989,2015-11-04,46.386993408203125,47.34160547217479,46.104147875780825,47.09411203471396,10212719
1990,2015-11-05,46.298614501953125,46.84662964859637,46.104158751971646,46.59914094820687,9402139
1991,2015-11-06,46.42236328125,46.84663169853574,45.62685460395074,46.81127959368759,4219805
1992,2015-11-09,45.98040771484375,46.28093413306339,44.77830204196517,45.60916750570568,5260832
1993,2015-11-10,45.361671447753906,45.94504334381717,45.149534904970444,45.679873864201596,1531108
1994,2015-11-13,46.0334358215332,46.457708931535045,45.078823721756706,45.25560338501492,1386876
1995,2015-11-16,45.609161376953125,46.210214132625666,45.45006256194931,45.78594103503856,1462412
1996,2015-11-17,46.22789764404297,46.59913786323458,45.6798825336796,45.69755858416001,1602664
1997,2015-11-18,46.28092956542969,46.52841821830706,45.874332500960946,46.192539733233055,1327429
1998,2015-11-19,46.61681365966797,46.917340084388385,46.121831498899226,46.56378071305987,2523368
1999,2015-11-20,46.28092956542969,46.91733443906329,46.10414990103643,46.669840990730606,2168468
2000,2015-11-23,46.45771408081055,46.599136868001075,46.1395068153121,46.1395068153121,2177227
2001,2015-11-24,46.61681365966797,46.88198318816436,46.298611184563484,46.31628723494755,1241516
2002,2015-11-26,47.3062629699707,47.536075634393285,46.45772131916455,46.49307342487837,4171542
2003,2015-11-27,47.200191497802734,47.37697120531918,46.84663208276985,47.25322924642285,1605635
2004,2015-11-30,48.154788970947266,48.402282403250396,47.129467942964986,47.21785776943682,2006989
2005,2015-12-01,48.084083557128906,48.79120229192622,47.854270927410944,48.119440452959935,2520479
2006,2015-12-02,47.871944427490234,48.27853667851922,47.58909409969892,48.08407617901486,1390936
2007,2015-12-03,47.3062629699707,48.08409081843611,47.129483259575395,47.7305313976455,1173194
2008,2015-12-04,46.22789764404297,47.270899713328475,46.12183175024874,47.270899713328475,1376556
2009,2015-12-07,46.36932373046875,46.616812406471965,45.85666073764193,46.316285989830575,1525844
2010,2015-12-08,46.0334358215332,46.38699514804964,45.73290943490317,46.31628136456425,1469647
2011,2015-12-09,46.01575469970703,46.56376967720145,45.62683852432967,45.85665110213524,2198948
2012,2015-12-10,46.22789764404297,46.31628748735679,45.69755858416001,45.96272811410149,1086874
2013,2015-12-11,45.25560760498047,46.31628568343521,45.043471030198376,46.31628568343521,1514970
2014,2015-12-14,45.30864715576172,45.750596372777764,44.813660196339015,45.00812072909962,1552518
2015,2015-12-15,45.78595733642578,45.89202804631498,44.99044859181264,45.30865592602337,1842404
2016,2015-12-16,47.14714431762695,47.41231379888469,45.85665380126363,45.962719675584715,2623492
2017,2015-12-17,47.5714225769043,47.78355914406105,46.58145352865798,47.12947339343422,1092627
2018,2015-12-18,47.871944427490234,48.26085583558877,47.04107908250182,47.3769575527192,28017527
2019,2015-12-21,49.30385971069336,49.4629633261915,47.871946353031205,47.871946353031205,6238035
2020,2015-12-22,48.967979431152344,49.71045502320018,48.77352370736972,49.339219624904054,9652753
2021,2015-12-23,49.515995025634766,49.67509384169157,49.07404587749615,49.07404587749615,3720080
2022,2015-12-24,49.5336799621582,49.79884949862585,49.268510425690565,49.498323064871315,2224191
2023,2015-12-28,50.258487701416016,50.47062432399301,49.37458910355923,49.65743473669068,5761043
2024,2015-12-29,49.834205627441406,50.41757763958308,49.63974988854616,50.276154848072366,8576492
2025,2015-12-30,49.85188293457031,50.081700371455575,49.5867133955083,49.5867133955083,8189382
2026,2015-12-31,49.9049186706543,50.20544029980055,49.35689876803727,49.851880928611195,7159928
2027,2016-01-01,49.85188293457031,50.152409371265136,49.76349308821631,49.99331052510158,3229824
2028,2016-01-04,49.834205627441406,51.03630654846643,49.462970200293775,49.67510198983187,6809859
2029,2016-01-05,49.197792053222656,50.1877562159077,48.86190878617499,49.86955379186287,4259054
2030,2016-01-06,49.321529388427734,49.48063298337579,48.791190465873775,49.00332699398629,5320149
2031,2016-01-07,48.82655715942383,50.117047837728705,48.61442058870596,49.32153929412843,6787347
2032,2016-01-08,50.081695556640625,50.20543749327492,49.10940734022161,49.498318790424726,10345830
2033,2016-01-11,50.64738464355469,51.44289307691369,49.144752807310496,49.67509176288316,8283638
2034,2016-01-12,50.470619201660156,51.88485681469809,50.223125701196,50.735788754104775,6611338
2035,2016-01-13,50.52364730834961,51.05398636238466,49.53367819687732,50.612037150688785,7462021
2036,2016-01-14,50.505958557128906,51.08933526161872,49.993300429079355,49.993300429079355,10278564
2037,2016-01-15,49.18012237548828,50.647397700535926,48.89727677778012,50.258481407095054,7430643
2038,2016-01-18,48.84423065185547,49.86955166128629,48.57906117723776,49.49831151954855,7411237
2039,2016-01-19,48.0664176940918,49.42762250616023,47.65982529450171,48.95031629992106,7282040
2040,2016-01-20,47.60677719116211,49.60438644570612,46.157182979698696,47.58909634739658,15997901
2041,2016-01-21,46.74054718017578,48.56137646848342,46.66983340772607,47.65980224474944,10416175
2042,2016-01-22,47.05876541137695,48.01337768362183,46.70520602098347,47.09412230950753,8099084
2043,2016-01-25,47.023406982421875,47.536069999985386,46.40467806937569,47.376966361305406,8893503
2044,2016-01-27,48.879600524902344,49.233159952996296,47.16484113501199,47.30626394715824,14527719
2045,2016-01-28,50.806488037109375,51.089338382875404,49.67509624495608,49.85187591276407,22594616
2046,2016-01-29,52.27375030517578,52.46821078721926,51.089330548845304,51.19539641508381,11216960
2047,2016-02-01,51.884849548339844,52.468221522926775,51.67271297700215,52.29144184605464,12278379
2048,2016-02-02,51.70806121826172,53.15765528511869,51.266112100040374,51.79645104190599,18267134
2049,2016-02-03,50.925960540771484,51.974694408036115,50.286050471857635,51.13925907524469,12098041
2050,2016-02-04,52.18798065185547,52.436835289583094,50.7837384366478,51.494746176635516,8726120
2051,2016-02-05,51.6369743347168,52.40130702762286,51.31701685327671,52.27687965393305,6170693
2052,2016-02-08,50.641544342041016,51.92135940237574,50.35714313833572,51.5658554868289,3820374
2053,2016-02-09,50.463809967041016,51.72585220005566,50.12607920086602,50.41048532549553,7297377
2054,2016-02-10,50.961517333984375,51.38812413241488,50.12608183312686,50.12608183312686,8119293
2055,2016-02-11,48.5974006652832,51.13925289780188,47.67308944750437,50.78374895418162,7247688
2056,2016-02-12,49.18398666381836,50.05497335103796,48.45520542728623,49.05955930538251,16065640
2057,2016-02-15,49.30842208862305,50.00165689772101,49.09511869952889,49.450622740741764,8464543
2058,2016-02-16,49.5217170715332,49.96609704761694,48.98846110023272,49.45061434662727,6766384
2059,2016-02-17,49.62835693359375,49.717232911970484,48.82847312820317,49.717232911970484,7804863
2060,2016-02-18,49.71725082397461,50.392707538623505,49.41507142425922,49.80612683437136,8779283
2061,2016-02-19,50.12607192993164,50.48157591777752,49.43284204673104,49.69947003761545,6323086
2062,2016-02-22,49.64614486694336,50.30382337988111,49.18398679464253,50.12607138788034,2293985
2063,2016-02-23,48.7396125793457,49.87722739143522,48.5974119332925,49.770573290521355,3873885
2064,2016-02-24,49.66392135620117,50.12607463662344,48.9351400704972,49.05956261549664,11387961
2065,2016-02-25,46.837650299072266,49.85943356716332,46.588800452445376,49.80610894444545,19051305
2066,2016-02-26,47.513118743896484,48.31300267054243,46.92653334022453,47.45978929132183,12511003
2067,2016-02-29,46.233314514160156,47.761980009516456,45.93113510549699,47.761980009516456,11485783
2068,2016-03-01,47.548667907714844,47.76197126429369,46.30440395314152,46.57103194340723,14281573
2069,2016-03-02,48.135250091552734,49.130659259224956,47.65531877713426,47.993044648887185,13550709
2070,2016-03-03,48.2241325378418,48.66851255108095,47.65532515652933,48.526307089379024,7057560
2071,2016-03-04,49.29064178466797,49.46839377992055,48.15302708631888,48.49075780603137,29228314
2072,2016-03-08,48.95291519165039,49.66392323259816,48.3841077945258,49.59282049977063,20131612
2073,2016-03-09,49.68169021606445,49.84166893375997,48.561853657689625,48.66850774343039,7284193
2074,2016-03-10,49.64614486694336,50.090524846945286,49.09511079864214,49.80611876664523,3713460
2075,2016-03-11,49.13066482543945,49.91277556138409,48.935139552369115,49.646147558925456,4685588
2076,2016-03-14,49.27286148071289,49.4150621061668,48.952908867983794,49.2728614807129,4423191
2077,2016-03-15,49.39728546142578,49.77056268046947,49.11288422994782,49.11288422994782,11655129
2078,2016-03-16,49.3261833190918,49.77056326211369,48.88180337606991,49.55726474692797,6170234
2079,2016-03-17,49.059566497802734,49.859450576946294,48.668515916575984,49.50394654177138,7509036
2080,2016-03-18,48.650726318359375,49.450610208372126,48.526298971102314,49.237306873335875,9195901
2081,2016-03-21,49.059566497802734,49.219545242364276,48.437434436246626,48.54408853989835,4674151
2082,2016-03-22,49.13066482543945,49.53949346484302,48.881810094412074,49.05956209605116,6628643
2083,2016-03-23,48.86402130126953,49.46837984359991,48.68626935609355,48.81069668208276,11545428
2084,2016-03-28,49.45061492919922,49.77056755138256,48.52630360368957,49.024013040231885,8691695
2085,2016-03-29,49.1129035949707,50.126086395249224,48.899600176342084,49.77058230481246,11478000
2086,2016-03-30,49.68169021606445,49.89499356571472,49.183985614768,49.379515694377105,5797932
2087,2016-03-31,49.45061492919922,49.930546273389936,49.23731157379985,49.23731157379985,15715729
2088,2016-04-01,49.16621398925781,49.77056787467843,49.09511126305236,49.699469970304406,3935188
2089,2016-04-04,49.27286148071289,49.80611744253848,49.16621221708028,49.3261861125292,5649881
2090,2016-04-05,49.4328498840332,50.05498196139906,49.308422504193594,49.699477917189995,7744995
2091,2016-04-06,49.66392135620117,50.232728731835145,49.53949398937004,49.71724599289117,10418272
2092,2016-04-07,49.84166717529297,50.09052187807696,49.628363833168265,50.00164588734426,12408704
2093,2016-04-08,50.090538024902344,50.17941404428448,49.85945651704267,49.85945651704267,4133630
2094,2016-04-11,50.57046127319336,50.819311193910686,49.96610251090641,50.00165387724656,12360599
2095,2016-04-12,50.89039993286133,51.63695913338982,50.4815665651175,50.4815665651175,8901453
2096,2016-04-13,51.548095703125,51.67251824864701,51.157040329369735,51.31701424011163,10239725
2097,2016-04-18,51.88581848144531,52.17022456417924,50.74820861600384,51.548092586852505,7347390
2098,2016-04-20,52.6146125793457,53.29006929346788,51.60142509724637,51.79695039123389,7716065
2099,2016-04-21,51.95692443847656,53.16563710522197,51.58364233576949,52.73903036550866,6315086
2100,2016-04-22,51.92137145996094,52.36575145759188,51.29923946327762,52.010247459487125,4320738
2101,2016-04-25,51.121498107910156,51.93915554505776,50.67711801775764,51.93915554505776,3605005
2102,2016-04-26,51.601417541503906,51.99247289405079,50.85485819970194,51.35256282029277,8964411
2103,2016-04-27,51.317020416259766,51.903605958405734,51.068170473434236,51.654751193747906,3177289
2104,2016-04-28,50.42824935913086,51.70806463089201,50.25049737199267,51.26368466304656,9408511
2105,2016-04-29,50.97928237915039,51.13925627123378,49.948317017178724,50.570453781384636,4383214
2106,2016-05-02,50.78375244140625,51.19258586210803,50.3393724813662,50.83708189407599,3383764
2107,2016-05-03,51.61918640136719,52.18799369993695,50.837080584935926,50.837080584935926,4572397
2108,2016-05-04,50.748207092285156,51.58363757928921,50.48157428817652,51.47698831511077,4435593
2109,2016-05-05,50.925960540771484,51.299237797931006,50.51712709875788,50.83708454413051,2770226
2110,2016-05-06,50.641544342041016,50.96149690166708,49.948309777992485,50.89039901165599,3714029
2111,2016-05-09,51.01483917236328,51.24591581119879,50.35715579888401,50.65933516743737,5027038
2112,2016-05-10,50.42824935913086,51.10371076772095,50.1260700166297,50.890407418788875,7758595
2113,2016-05-11,50.28605651855469,50.552684540538564,49.59282173266383,50.054979863868404,4574270
2114,2016-05-12,51.157047271728516,51.31702120417995,50.19718438969039,50.44603915816913,4877581
2115,2016-05-13,51.45920944213867,51.61918332098834,50.62377422426565,50.94372680379575,6719824
2116,2016-05-16,51.352569580078125,51.86805236108605,50.83709162090228,51.53032159810402,4500368
2117,2016-05-17,51.512542724609375,51.90359808611736,50.694880637486925,51.90359808611736,4754541
2118,2016-05-18,50.854862213134766,51.51254560952692,50.73043484270947,51.19259295831317,2573082
2119,2016-05-19,51.33478546142578,51.761387321459814,50.94373014002128,50.94373014002128,6035130
2120,2016-05-20,51.47699737548828,51.60142475348422,51.085941968286235,51.40589463896713,3055890
2121,2016-05-23,52.66792678833008,52.93455476649682,51.54809024439603,51.76138876946445,10093334
2122,2016-05-24,52.15245056152344,53.05898869267483,51.9746985540622,52.97011268894421,3545037
2123,2016-05-25,53.21895980834961,53.32561390031818,52.2768751827007,52.614605907853864,7201959
2124,2016-05-26,53.53892135620117,53.823322646200616,52.82790848753872,53.325617977785626,11348343
2125,2016-05-27,53.62778091430664,54.17881005286579,52.89899499672631,53.82330613848429,7635493
2126,2016-05-30,53.947757720947266,54.37435971685291,53.094548907303384,53.71668103710264,6049447
2127,2016-05-31,53.32561111450195,54.16104642636933,53.165632395822406,54.03661906982206,4297008
2128,2016-06-01,52.93455123901367,53.538909877983826,52.75679926541432,53.538909877983826,5018958
2129,2016-06-02,53.39670944213867,53.538914891800125,52.65015011874137,52.93455619623295,3951078
2130,2016-06-03,53.46780776977539,53.627786476572204,53.05897919019912,53.538910488758624,3453446
2131,2016-06-06,53.058990478515625,53.57446842440391,52.810135730961306,53.396716410959954,2395810
2132,2016-06-07,53.290069580078125,53.66334689672815,53.0589929163504,53.112317558467225,3771426
2133,2016-06-08,54.232147216796875,54.35657457997021,53.07675922787446,53.32561395422114,3804592
2134,2016-06-09,54.32103729248047,54.907618074494344,54.161063345658214,54.28548591924237,4520638
2135,2016-06-10,54.88983154296875,55.156459545115,54.338802267265834,54.35657553867626,8988984
2136,2016-06-13,53.96552276611328,54.658757533760614,53.805548850232114,54.658757533760614,7199310
2137,2016-06-14,53.521141052246094,54.17882443277747,53.43226505006163,53.9477477914642,2914984
2138,2016-06-15,54.88983154296875,55.01425890833666,53.73444353366836,53.73444353366836,5287666
2139,2016-06-16,54.96092987060547,55.56528373397028,53.98329394103205,54.889827146994904,5385026
2140,2016-06-17,55.831905364990234,56.15185794118702,54.35656500342733,55.10312422910696,8985642
2141,2016-06-20,55.68971633911133,55.991895710195095,55.192011692413665,55.81414370624367,5237563
2142,2016-06-21,55.45863723754883,55.92079049858335,55.120906516294106,55.65416250448693,5276594
2143,2016-06-22,55.316444396972656,55.707494985932506,54.96094035476758,55.47641832286564,4797461
2144,2016-06-23,55.68971633911133,56.116323077327436,54.33880303781315,55.280887694389385,5027803
2145,2016-06-24,55.38753128051758,55.511958634873004,53.538913522348444,54.552095983366826,6010853
2146,2016-06-27,54.74763107299805,55.81414308483253,54.392127069053224,54.40990034051781,5121198
2147,2016-06-28,55.26311111450195,55.45864121730294,54.62320581148307,54.94315846299251,5842035
2148,2016-06-29,56.61402893066406,57.00508431205827,55.298662144655836,55.3875381485258,9838712
2149,2016-06-30,57.98271942138672,58.2493474287052,56.631801291207395,56.880656026770666,18696297
2150,2016-07-01,58.711509704589844,59.15588978484612,57.947176930915546,58.30268099512057,9960809
2151,2016-07-04,58.80036926269531,59.47582583126125,58.533741289169456,59.26252730990546,5753019
2152,2016-07-05,57.325042724609375,58.94258422892429,57.165063972827774,58.76483220331463,5510329
2153,2016-07-07,58.07160568237305,58.3560070116872,56.95176399634621,57.23617014749294,5911690
2154,2016-07-08,58.46265411376953,58.80038004908969,57.44946666414505,58.12492335661737,7803900
2155,2016-07-11,59.226985931396484,60.844527314680406,58.99590927976049,59.04923391908696,11133401
2156,2016-07-12,59.226985931396484,60.080194626115826,59.03145582475685,59.36918657687772,9182267
2157,2016-07-13,57.53833770751953,59.88466506689695,57.129504250923546,59.315857703740065,11106820
2158,2016-07-14,58.67595291137695,58.871483021719655,57.556116176985206,57.78719283299747,7428442
2159,2016-07-15,58.391544342041016,59.15587694987914,57.9827157212747,59.031449590037724,6629943
2160,2016-07-18,58.018280029296875,58.94259164309933,57.804981429201064,58.515989621074816,3891623
2161,2016-07-19,59.1558837890625,59.3691871703325,57.94717105764181,58.05382033736082,5987973
2162,2016-07-20,59.84910583496094,60.43568639223667,59.33362317508868,59.3691745347059,7071425
2163,2016-07-21,57.7694206237793,59.8491202098439,57.52056586851846,59.83134211484978,4189305
2164,2016-07-22,59.13813400268555,59.74248819749497,57.89386940993015,58.12494615564652,7206087
2165,2016-07-25,60.06241226196289,60.29348887862079,59.066998250606325,59.20919887456263,3967394
2166,2016-07-26,60.93339538574219,61.50220271542574,59.44028156988308,60.16906279671334,8278821
2167,2016-07-27,61.306671142578125,61.75105106971898,60.98671855940286,61.502196381787776,8851677
2168,2016-07-28,62.639827728271484,63.58191246217528,61.20003348498567,61.46666151279799,31420184
2169,2016-07-29,62.56871795654297,63.10197395220531,62.1065646890349,62.959773317728335,12377513
2170,2016-08-01,62.995330810546875,63.95518880302362,62.444296668320725,62.568724043780314,11965659
2171,2016-08-02,63.59967803955078,64.06183612493561,62.58649551392766,63.101973412224574,6487056
2172,2016-08-03,62.533172607421875,63.670787436326,61.7510666316533,63.63523606882924,10713465
2173,2016-08-04,63.35083770751953,63.75966639809294,62.693154254771564,62.85313300500267,9047354
2174,2016-08-05,62.74646759033203,64.4173382425022,62.5864936907613,63.63522754960736,8816394
2175,2016-08-08,63.45747756958008,63.99073356205139,62.39096558463747,62.924221577108774,9540514
2176,2016-08-09,62.604278564453125,63.86631601180082,62.39097517032657,63.45748731912708,6314021
2177,2016-08-10,61.99991989135742,62.7464793615695,61.715518579768194,62.60427870577489,3789657
2178,2016-08-11,61.875484466552734,62.764244407775955,61.306677139803625,61.89325773664469,5017074
2179,2016-08-12,63.29751205444336,63.63523800133875,61.92882052799317,61.92882052799317,4369997
2180,2016-08-16,63.10198211669922,65.09280572245571,62.65760206281751,63.56414026583551,22372774
2181,2016-08-17,62.08878707885742,63.5641325357935,61.946586443274754,63.26195317153557,11599079
2182,2016-08-18,64.70173645019531,65.12834313926646,62.65758864023908,62.92421661545076,20664320
2183,2016-08-19,64.32847595214844,65.05725734529297,63.7418952184184,65.05725734529297,16563739
2184,2016-08-22,64.68396759033203,64.98614694720555,64.25736087217749,64.50621559473956,11335483
2185,2016-08-23,64.75505828857422,65.19943822809829,63.99072575695901,64.5062084155393,7423678
2186,2016-08-24,64.80839538574219,65.05724528813974,64.38178866472995,64.80839538574219,5319170
2187,2016-08-25,64.79061889648438,65.76825490298764,64.16848689234592,64.87949489707557,12995397
2188,2016-08-26,64.27513885498047,65.19944537301643,64.06183549626775,64.9328173800834,7097916
2189,2016-08-29,64.07960510253906,64.47066043417715,63.137520545750405,64.41733580300632,2956326
2190,2016-08-30,65.16389465332031,65.3416466372121,63.88407940493323,64.31068127317482,5212793
2191,2016-08-31,65.30609130859375,65.5904925368102,64.64840804378348,65.09278797651598,6435761
2192,2016-09-01,65.5194091796875,65.76825910413997,64.79062303518715,65.23500306652933,6116318
2193,2016-09-02,65.34166717529297,65.76826917762337,64.80841105600547,65.60829523493672,3858397
2194,2016-09-06,66.33706665039062,66.72812204317385,65.34165730678966,65.67938323823229,9001076
2195,2016-09-07,65.67937469482422,66.47925864890267,65.3771953478061,66.15930603163756,5024999
2196,2016-09-08,66.81202697753906,67.26006888005777,65.10946288640221,65.91593831093587,5980354
2197,2016-09-09,65.88009643554688,66.9016329081954,65.73671914273855,66.66864723816467,5051740
2198,2016-09-12,64.60765075683594,65.7367152710263,64.42843401294651,65.44997042542933,4144478
2199,2016-09-14,64.21338653564453,64.89441419578341,63.98040569160213,64.50013630348363,6680869
2200,2016-09-15,62.654212951660156,64.6614372919266,62.38538774234944,64.6614372919266,8920122
2201,2016-09-16,63.10224151611328,64.69726783441605,62.0627803724329,63.19184990011566,21690721
2202,2016-09-19,63.586124420166016,63.872874172766466,62.45705972706486,62.97679031132648,4266806
2203,2016-09-20,63.837032318115234,64.30299399948218,63.44275443149983,63.675735272183296,4769662
2204,2016-09-21,62.833412170410156,64.55389108379939,62.56458703634524,63.83702405962626,4957941
2205,2016-09-22,63.99833679199219,64.62559559209365,63.156016859542575,63.47860612728139,4676363
2206,2016-09-23,63.066402435302734,64.3029953204409,62.97679404384781,63.89079769206151,7599534
2207,2016-09-26,62.97679138183594,63.90871958588809,62.67212189145421,62.97679138183594,6333433
2208,2016-09-27,63.156002044677734,63.85494448389575,63.03054934177223,63.31729420992849,6069513
2209,2016-09-28,63.96249008178711,64.19547094085007,63.15601451163841,63.15601451163841,4515648
2210,2016-09-29,62.15238952636719,65.27076327290621,61.54305542454228,64.07000994008642,13380901
2211,2016-09-30,63.28145980834961,63.69365741237578,61.48929208513489,62.40329567934796,11831869
2212,2016-10-03,64.94816589355469,65.55749991877434,62.94093734707106,63.49650732029567,9403402
2213,2016-10-04,64.87649536132812,65.48583441822151,64.6793588284568,65.05571215905361,7967290
2214,2016-10-05,65.0198745727539,65.73674183802805,64.66144094011683,64.93026616459464,5347763
2215,2016-10-06,63.76533889770508,65.32452573281277,63.621966457347504,64.98401679465927,5654229
2216,2016-10-07,63.42483139038086,64.37467929843952,63.19185056184814,63.76534033621606,3980080
2217,2016-10-10,63.819114685058594,64.15962365985841,63.51444517803087,63.51444517803087,4458994
2218,2016-10-13,62.72588348388672,63.747420035415274,62.259921830976275,63.63989191907162,14897308
2219,2016-10-14,63.69366455078125,63.980409474005825,61.84773256130227,63.0126417119479,4958871
2220,2016-10-17,63.10224151611328,63.67573128447573,62.654199596101385,63.19184990011566,4534814
2221,2016-10-18,63.227699279785156,63.72951019814489,62.72589322299217,63.353152009375094,7289895
2222,2016-10-19,63.99833679199219,64.78688779517962,63.12017252722341,63.424842059586055,9020687
2223,2016-10-20,64.03416442871094,64.6076590551306,63.74741954628407,64.2850698470089,4037879
2224,2016-10-21,63.42483139038086,64.28507091349877,63.12016190926914,64.28507091349877,10350237
2225,2016-10-24,63.120174407958984,63.92665003211927,62.779660533131185,63.29939121332794,2945373
2226,2016-10-25,63.926639556884766,64.14170066040028,62.94094728887439,63.28146110790445,3002870
2227,2016-10-26,62.90510177612305,63.9087186197635,62.65420121138751,63.80118563924876,3927291
2228,2016-10-27,62.90510177612305,63.38898803452415,62.25992333929897,62.76172933033615,7017500
2229,2016-10-28,63.04847717285156,63.442755063394,61.668511848302494,63.012637705901966,4282450
2230,2016-11-01,63.40691375732422,64.35676663122464,62.42122141476583,62.815499324102504,5277438
2231,2016-11-02,62.76174545288086,63.263551572824454,62.528764560932125,63.06641501692183,4859666
2232,2016-11-03,62.70797348022461,62.97679867435535,62.47499261762465,62.77965728171944,4078615
2233,2016-11-04,62.20616912841797,63.03056446838694,61.381768926882124,62.72589493437515,4179894
2234,2016-11-07,62.367454528808594,62.582515638860166,62.206162342444664,62.474987514617546,7660803
2235,2016-11-08,63.44273376464844,63.65779480197818,62.33158912308207,62.45704179998813,3265787
2236,2016-11-09,64.58975219726562,64.98403013536553,59.84050692756429,60.933727478981986,13247214
2237,2016-11-10,67.54682159423828,68.1023916732287,64.93025366284444,66.3102238551095,18046820
2238,2016-11-11,65.62920379638672,67.56474414844598,65.0557090983334,66.6686602019772,8770575
2239,2016-11-15,66.29230499267578,66.88371940811338,65.43206540098777,65.43206540098777,11489252
2240,2016-11-16,67.56474304199219,68.28161018742766,65.71881111480916,66.8658004921325,10203154
2241,2016-11-17,69.14185333251953,70.39637081310525,66.02347936472276,67.36760523677889,9392264
2242,2016-11-18,68.80132293701172,70.00207606595805,68.60418646786218,69.44650611721649,12168642
2243,2016-11-21,66.32814025878906,69.4106694975789,66.05931511927075,69.4106694975789,12187225
2244,2016-11-22,65.86217498779297,66.91955583412886,64.78687440978325,66.6328109579526,11976002
2245,2016-11-23,65.10945892333984,67.2242204637601,64.37467219256025,66.02346726578389,13625626
2246,2016-11-24,66.32814025878906,66.99124324191406,64.62558104183974,65.21699537646688,18404432
2247,2016-11-25,67.61852264404297,68.17409282485278,66.31023600779305,66.7045139723519,14716858
2248,2016-11-28,68.2816162109375,69.8228836265276,67.0091788601672,67.0270985957573,10318399
2249,2016-11-29,67.9052505493164,68.65796195415525,67.56473674235697,68.33537274110033,12406804
2250,2016-11-30,68.78341674804688,69.07016164354171,67.24214956545522,68.38913887056687,7446808
2251,2016-12-01,66.059326171875,68.99848346699501,65.7725763914723,68.99848346699501,11056167
2252,2016-12-02,65.88009643554688,66.63280777652818,65.41412995705102,66.31021372927505,9676372
2253,2016-12-05,66.34606170654297,66.68657550336843,64.82271920986273,65.84425573877324,12282830
2254,2016-12-06,65.5575180053711,66.88372424881705,65.41414553997426,66.45360685262654,4550359
2255,2016-12-07,65.39623260498047,66.48945323657027,65.23493552615766,66.20270827596,4265108
2256,2016-12-08,66.543212890625,66.65074102046646,65.0736342339144,65.93387385734583,5413273
2257,2016-12-09,66.11307525634766,66.66864523379732,65.86216986304207,66.66864523379732,3451184
2258,2016-12-12,66.2206039428711,66.47150933838077,65.73671774385416,66.04138719224004,3689403
2259,2016-12-13,66.39982604980469,66.86579255597304,65.3962141099382,66.48943443234869,4417447
2260,2016-12-14,65.21700286865234,66.45360059712431,65.03778608838489,66.3102232836573,7312670
2261,2016-12-15,65.71881103515625,66.57905063632288,64.69727438183554,64.87649116797719,5253972
2262,2016-12-16,65.88009643554688,66.75825561538706,65.12738509456557,65.79048805832447,26025533
2263,2016-12-19,65.98761749267578,66.310206643894,65.53957565443795,66.00553722157926,3627943
2264,2016-12-20,65.21700286865234,66.11308676998962,65.14531421191884,65.95178972312239,5757036
2265,2016-12-21,65.68297576904297,65.84427284345402,65.14532533642898,65.25285833989206,5279390
2266,2016-12-22,65.14529418945312,65.75463299970815,64.91231341902554,65.5933360024157,2653684
2267,2016-12-23,65.34246063232422,65.48583309529488,64.15962687429119,65.09155517595055,4805945
2268,2016-12-26,64.08792114257812,65.36035800066661,63.89077981958475,65.36035800066661,5932940
2269,2016-12-27,64.8944091796875,65.12739000572135,63.28145826805411,64.05208939796576,4555998
2270,2016-12-28,64.51805114746094,65.59335175684032,64.19546193696031,64.89440927768331,3739977
2271,2016-12-29,64.53598022460938,65.03778623820091,64.15962206824099,64.23131072513962,14737238
2272,2016-12-30,65.77257537841797,66.34607006882364,64.60766626354285,64.6614303273007,4872601
2273,2017-01-02,65.82633972167969,66.38191468038058,65.44998641221014,65.77257565769354,1811713
2274,2017-01-03,67.4034423828125,67.56473455333126,66.13100044259103,66.27437774291774,7819727
2275,2017-01-04,66.93746185302734,67.69017307574727,66.68656135316394,67.40342825831341,7829503
2276,2017-01-05,68.40705108642578,68.55042351841848,66.70449191029414,67.04500569014672,6362320
2277,2017-01-06,67.6722640991211,69.12391786805318,67.4751227519454,68.51458381880758,6298387
2278,2017-01-09,66.86579895019531,67.81564692368036,66.3460683371131,67.81564692368036,2956484
2279,2017-01-10,66.86579895019531,67.49305768798665,66.32814860351704,66.88371868379139,4626997
2280,2017-01-11,68.03070831298828,68.60420299077131,66.63281837821903,67.13462439819179,21835704
2281,2017-01-12,70.9698715209961,71.59713031458587,68.10239788873318,68.10239788873318,26857806
2282,2017-01-13,70.66519927978516,71.65089163188274,70.2709213666328,71.65089163188274,23933005
2283,2017-01-16,71.47167205810547,72.06308647402615,70.52182407355814,70.6114324657148,8473484
2284,2017-01-17,70.88025665283203,71.9197130150272,69.9304038199764,71.4716710604977,10193606
2285,2017-01-18,71.13114929199219,71.5612714649642,70.62934333123538,70.96985712330203,21229809
2286,2017-01-19,72.33190155029297,73.0129242632744,70.70103098539802,71.29244531873543,8756982
2287,2017-01-20,71.47167205810547,72.61865656077089,70.77272465465694,72.61865656077089,12987134
2288,2017-01-23,71.75841522216797,72.47528234197658,71.34621760059127,71.6329625038882,7334154
2289,2017-01-24,72.88746643066406,73.37135261900582,71.90177432393895,72.0451516105331,7122776
2290,2017-01-25,72.7978744506836,73.13838829067694,72.36775707873916,72.99501583336213,10336365
2291,2017-01-27,73.31759643554688,74.1778359396032,72.60072937190562,72.94124317176158,11095330
2292,2017-01-30,73.72980499267578,73.99863018153097,72.58282043716697,73.22799894579276,5832917
2293,2017-01-31,74.26744079589844,75.002232418178,73.28174863019824,73.65810673767771,7593736
2294,2017-02-01,73.7656478881836,74.76926482398807,73.38929457573602,74.76926482398807,7325455
2295,2017-02-02,73.1025390625,73.837330757047,72.85163849440306,73.80148642972853,7773806
2296,2017-02-03,72.29606628417969,73.76564486678002,72.08100517377562,72.83371662940665,4479429
2297,2017-02-06,72.08100128173828,73.19214624085734,71.59711988641442,72.4932037467417,6337200
2298,2017-02-07,71.65089416503906,72.9770955505353,71.39998870373522,72.2781529567319,6562928
2299,2017-02-08,72.08100128173828,72.65449592466096,71.07738930279817,72.04516181657806,9024346
2300,2017-02-09,72.45736694335938,73.69395988206846,71.97348063622687,72.54697533869626,12790725
2301,2017-02-10,71.65089416503906,73.76565140471872,71.41791330043793,73.55059027525354,16817238
2302,2017-02-13,72.77993774414062,73.10252691326195,71.50750079755329,72.29605155967594,9508762
2303,2017-02-14,71.99139404296875,73.10253901979513,71.72256888058654,73.08461928692945,9403263
2304,2017-02-15,72.20646667480469,72.61866435062879,71.59713245971551,72.18854693907765,7302351
2305,2017-02-16,72.45860290527344,72.92688909233748,71.72014559697242,72.04434898812929,6272531
2306,2017-02-17,72.96292877197266,73.215085936511,71.8822635853567,72.76480877542102,4966775
2307,2017-02-20,74.3677978515625,74.71001047277258,72.69276766977791,73.44923433162843,9917513
2308,2017-02-21,74.25971984863281,74.85408465908066,73.6833641683303,74.36778440114357,7428835
2309,2017-02-22,72.62069702148438,75.25031788017847,72.36854480927114,75.16026247171261,26345564
2310,2017-02-23,71.73817443847656,72.7648073224255,71.52204042830523,72.7648073224255,13404307
2311,2017-02-27,69.43275451660156,72.0443619280495,69.12656508430236,72.0443619280495,14798634
2312,2017-02-28,69.21661376953125,70.18920936548824,69.00047978626775,69.12655835032305,10051421
2313,2017-03-01,69.39672088623047,70.13517332980709,69.10854062872772,69.70291027228136,10348326
2314,2017-03-02,68.35208892822266,69.8830361890136,68.08192262675719,69.8830361890136,10629352
2315,2017-03-03,68.74832153320312,68.89240922441464,67.72168879386504,68.08191046480337,8454072
2316,2017-03-06,69.8289794921875,70.67550131054433,68.83836999717428,69.10853622308697,14858083
2317,2017-03-07,70.08114624023438,70.58545562087981,69.72092455608488,70.08114624023438,11746802
2318,2017-03-08,70.45938873291016,71.17983222062269,69.93707013581063,70.3513241640813,7938282
2319,2017-03-09,70.04512023925781,70.53142047019941,69.34269091529248,70.53142047019941,9777769
2320,2017-03-10,69.3606948852539,70.4953920825039,68.46014077857633,70.24323986412541,16388459
2321,2017-03-14,69.75695037841797,71.57606799884945,69.37871466405554,71.48601257435642,11886293
2322,2017-03-15,69.50479888916016,69.90104376632469,69.34270204337912,69.88303463428898,7772586
2323,2017-03-16,70.27926635742188,70.40534492429859,69.43274930657664,69.93705868826424,5161993
2324,2017-03-17,69.88302612304688,70.9636911732495,69.55882269933066,70.89164488224161,9522200
2325,2017-03-20,69.73892211914062,70.04511147704731,69.43273764705242,69.88301467755682,9378518
2326,2017-03-21,69.61287689208984,70.08116324075493,69.4867982948891,69.88304322073981,8126819
2327,2017-03-22,69.19861602783203,70.45939219324706,68.96447285999045,69.00049601330925,8203222
2328,2017-03-23,69.54080963134766,69.70291133402583,69.01848626566819,69.52280050252519,5875356
2329,2017-03-24,69.79296875,70.2972781154912,69.61285791333748,69.82898700867719,6164329
2330,2017-03-27,70.18921661376953,70.6394937563096,69.75695348842287,69.88303206549803,7104197
2331,2017-03-28,70.85562896728516,70.96369841482506,70.1171763952848,70.1171763952848,6020578
2332,2017-03-29,70.9096450805664,71.12577904054734,70.51340518738978,71.07174677200678,6451066
2333,2017-03-30,70.40534973144531,71.23386259476219,69.97308661155009,71.0717608711642,13016042
2334,2017-03-31,71.0717544555664,72.008331792858,70.4773896657261,70.4773896657261,8522874
2335,2017-04-03,70.67550659179688,71.8282178628219,70.60346519099467,71.8282178628219,9945512
2336,2017-04-05,70.24325561523438,71.28789763606359,69.95507530498574,70.90966189495347,7061975
2337,2017-04-06,71.03572845458984,71.3058947014565,69.55881866122168,70.74755307892634,7466431
2338,2017-04-07,70.24325561523438,70.69353276954178,70.06314475351141,70.62148647052466,9205565
2339,2017-04-10,70.35130310058594,70.47738165035118,70.0090905920544,70.26124769158487,5763232
2340,2017-04-11,71.73817443847656,72.6207147250981,70.06314440983344,70.3693289646047,10668096
2341,2017-04-12,71.17982482910156,72.58469339291142,70.60347400743755,72.04436083323672,6620702
2342,2017-04-13,72.04437255859375,72.42260345759598,70.8916609560206,71.25188272109716,5910355
2343,2017-04-17,72.87286376953125,73.17905317602528,71.68413417469473,72.02634184068985,11138596
2344,2017-04-18,72.890869140625,73.59330333778288,72.63871690802348,72.94490629872868,7675098
2345,2017-04-19,76.07884216308594,76.90735503192616,72.7467913280977,73.07098989163532,29099215
2346,2017-04-20,75.2503433227539,76.51111946755155,74.00757631141097,76.36703174245302,11822555
2347,2017-04-21,74.06159973144531,75.80867601439519,73.41320260321346,75.43044517056322,7938078
2348,2017-04-24,73.79142761230469,74.54789412597395,73.52126134926704,74.38579729964293,7520828
2349,2017-04-25,75.14226531982422,75.61055156415034,73.77341996149819,74.2056879453526,6293621
2350,2017-04-26,74.09761047363281,75.10623403134278,73.57529200940375,75.10623403134278,5977354
2351,2017-04-27,74.8360824584961,75.70061361609275,73.89950500200811,74.20569444356647,13646716
2352,2017-04-28,74.9261245727539,75.17827680241945,74.18766724073163,74.56590291395834,5477289
2353,2017-05-02,74.20568084716797,75.23231354625453,73.66534836194545,75.23231354625453,5123042
2354,2017-05-03,76.02481079101562,77.01542051054027,74.3137576391094,74.52989164598782,10859280
2355,2017-05-04,75.8807144165039,76.63718091128379,75.28634962982656,76.00679297993709,12952295
2356,2017-05-05,75.28634643554688,76.36701141486178,74.76402307455044,76.36701141486178,4993008
2357,2017-05-08,75.6465835571289,75.82669442382856,74.45784890541931,75.32238497423354,6855459
2358,2017-05-09,75.05220794677734,76.18690526763586,74.83607396046638,75.66458187453595,4729357
2359,2017-05-10,75.82667541503906,75.98877222294114,75.28634295039465,75.53849516907081,4623710
2360,2017-05-11,74.9981689453125,76.18690339794058,74.2777255991691,76.00679256140474,4946190
2361,2017-05-12,74.29573822021484,75.50248177952528,74.06159022845652,74.92612613626159,5386419
2362,2017-05-15,74.45783996582031,75.28635278465727,74.33176628292325,75.25032963847838,5353854
2363,2017-05-16,74.71000671386719,74.90812671460796,74.29575269406921,74.47586356231353,4077710
2364,2017-05-17,75.21432495117188,75.53852357470697,74.25973821516608,74.78206174839859,3694898
2365,2017-05-18,75.01618194580078,75.43043588706628,74.6019280045353,74.92612652875094,5797418
2366,2017-05-19,74.11561584472656,76.27694550600832,73.52124627921945,75.53848827357942,17793954
2367,2017-05-22,72.94491577148438,74.81806573079096,71.75618119775517,74.56591346544451,7423973
2368,2017-05-23,72.54867553710938,73.30514215299773,71.08977458807757,73.10701726850652,6465473
2369,2017-05-24,72.00834655761719,73.44923356094887,71.50403708361515,72.90890093469949,6650433
2370,2017-05-25,71.66612243652344,72.38656582254744,70.4773928039116,72.29651039929443,9992276
2371,2017-05-26,72.83683776855469,73.44921655753369,71.43197424269475,72.04435303167375,6466364
2372,2017-05-29,75.32237243652344,75.91673722053388,73.16103751007064,73.17905152523407,14504778
2373,2017-05-30,73.52125549316406,75.25032237037323,72.78280305400797,75.25032237037323,10884114
2374,2017-05-31,74.90811920166016,75.39441947431014,73.82745410057998,73.82745410057998,7781359
2375,2017-06-01,74.80005645751953,75.53850900681499,74.33177019003747,74.76403330944716,6369921
2376,2017-06-02,74.24170684814453,75.05221054633866,73.95353144696129,74.96215512274146,6713770
2377,2017-06-05,73.95352935791016,74.6919867420387,73.55728452811184,74.47585275434695,5093948
2378,2017-06-06,73.2871322631836,74.07962207415002,72.8728782243776,74.04359892168424,5324457
2379,2017-06-07,73.86347198486328,74.09761509625027,72.8368392348228,73.44921803612951,7605903
2380,2017-06-08,74.6919937133789,74.81806740596511,73.34115738568065,73.84547169930443,7487370
2381,2017-06-09,74.63794708251953,75.10623818781387,74.38579484350177,74.70999337127839,6432439
2382,2017-06-12,74.27774047851562,74.89011939973716,73.84547731572994,74.34978678188996,3684911
2383,2017-06-13,75.73663330078125,76.78127527199669,74.20569104884599,74.36778788520621,15775215
2384,2017-06-14,75.82667541503906,76.72722952277972,75.4664537719428,76.00678623658719,13639132
2385,2017-06-15,75.77263641357422,76.45705649748477,75.41241480248253,75.64655787252846,5595511
2386,2017-06-16,75.6285629272461,76.18690949669428,74.78204583641931,75.64657694383318,6127735
2387,2017-06-19,76.51110076904297,76.7092207319075,75.62855572904125,75.64656974391379,6393073
2388,2017-06-20,75.03418731689453,77.4476743272818,74.06158690713994,76.45706478934683,12876594
2389,2017-06-21,74.09761047363281,74.9261232052323,73.75540283551423,74.9261232052323,13855413
2390,2017-06-22,72.87286376953125,75.17828155438285,72.04435585625964,74.15164878475899,33713902
2391,2017-06-23,74.20568084716797,74.56590250398298,72.90888190547015,73.12501587672294,9034020
2392,2017-06-27,74.11561584472656,74.45782344293853,72.58467400131865,74.20567124727997,6947747
2393,2017-06-28,74.78204345703125,75.26833883047786,73.2691104028303,74.20568777515378,7103873
2394,2017-06-29,74.9261245727539,75.82667871974283,74.529879770915,74.9261245727539,7577681
2395,2017-06-30,75.84468078613281,76.02479159875972,74.85407131668488,74.89009445637396,7751039
2396,2017-07-03,76.16889953613281,76.60116755576797,75.46647011150043,75.64658097204511,8768284
2397,2017-07-04,75.89873504638672,76.72724795604468,75.55652733472314,76.72724795604468,4530105
2398,2017-07-05,75.6645736694336,76.1688829922588,75.466453720194,76.1688829922588,6062229
2399,2017-07-06,75.59253692626953,76.00679086388631,75.28634753383314,76.00679086388631,5577232
2400,2017-07-07,75.44844055175781,75.79065307062567,74.99816349315209,75.53849596347895,7641379
2401,2017-07-10,76.13287353515625,76.36701665290398,75.64657328394524,75.64657328394524,2844699
2402,2017-07-11,76.34900665283203,76.85332094628343,75.97077581856301,76.5471315212078,13833624
2403,2017-07-12,77.08745574951172,77.44767741402684,76.34899840576432,76.34899840576432,9211263
2404,2017-07-13,77.48371124267578,78.16813152247254,77.24956810561633,78.15012239109092,9596900
2405,2017-07-14,77.51973724365234,77.89796810314107,77.26758008011329,77.89796810314107,4889330
2406,2017-07-17,78.06004333496094,78.33020953882813,77.53772005315709,77.53772005315709,6302565
2407,2017-07-18,77.5917739868164,79.24879481047627,77.35763085523632,78.15012056223614,7549621
2408,2017-07-19,78.76248931884766,79.0686787256471,77.82591196868078,78.31221221644236,8521832
2409,2017-07-20,78.7804946899414,79.2487808707307,78.40225903393276,78.88855922833316,10233967
2410,2017-07-21,77.55574035644531,79.05066414194722,76.90734332804415,79.05066414194722,4948380
2411,2017-07-24,78.07807922363281,78.25819008794736,76.81730317343103,76.81730317343103,6137724
2412,2017-07-25,78.16812896728516,78.74448466831272,77.91597182126701,78.34823981849256,6113154
2413,2017-07-26,78.27621459960938,78.51036267787914,77.64582645065104,78.4743395207745,5258903
2414,2017-07-27,78.04204559326172,78.92459066421306,77.71784705819647,78.42028128902054,21380991
2415,2017-07-28,77.32160949707031,78.09608520521527,76.38503206325376,77.84393293683908,8260545
2416,2017-07-31,80.43750762939453,80.76171100529703,77.32159150467793,77.32159150467793,17403810
2417,2017-08-01,80.83377075195312,81.26603876075072,79.48293933173524,80.61763674755433,15263765
2418,2017-08-02,79.89718627929688,81.41011929088091,79.50094633962321,80.92381904531325,12014487
2419,2017-08-03,80.31145477294922,80.88780562204418,78.97863244132249,79.60902045761246,5285543
2420,2017-08-04,80.90581512451172,81.10393510710394,79.82515001403884,80.8337688294857,7975937
2421,2017-08-07,81.39210510253906,81.50016964558472,80.32944925737476,81.04989257319627,4619568
2422,2017-08-08,80.2934341430664,81.62625636493445,79.77111561835984,81.59023321837758,3229672
2423,2017-08-09,79.93321228027344,81.12194679922217,79.53696744062387,80.18536941981937,4573769
2424,2017-08-10,78.31222534179688,79.89720003074599,77.5737727244131,79.89720003074599,6813656
2425,2017-08-11,78.85253143310547,79.42888700408913,76.36700322442051,76.54711403498925,8860877
2426,2017-08-14,80.2394027709961,80.67167076291429,78.8885714035261,78.97862682802409,4990789
2427,2017-08-16,79.5009536743164,80.92382651127953,79.12271794361506,80.58161881491509,5221989
2428,2017-08-17,79.05066680908203,79.82514242075247,78.79850968629674,79.4288976074409,2837686
2429,2017-08-18,80.31145477294922,80.61763932934849,78.78051244767357,78.88857701042393,7721084
2430,2017-08-21,79.35685729980469,81.03189209659223,79.08669102752535,80.6896795307106,5203218
2431,2017-08-22,79.06867980957031,80.09531259429197,78.54635640929213,79.95122489671088,6646897
2432,2017-08-23,79.15874481201172,79.53697567466746,78.40227820088033,79.1047125296066,5312780
2433,2017-08-24,79.59100341796875,80.04128052772414,78.90657830248507,79.06868001632475,5492256
2434,2017-08-28,78.20416259765625,79.5730032959924,78.04206085551267,79.5730032959924,9753985
2435,2017-08-29,77.55574035644531,78.72646074192774,77.01540787083803,78.27618367058834,12235532
2436,2017-08-30,77.66382598876953,78.33023717055505,77.17752567309795,78.11410315405435,9313551
2437,2017-08-31,78.97863006591797,79.24879635048799,77.46569691799792,77.89796492763783,8143692
2438,2017-09-01,77.9880142211914,78.78050388125313,77.73585708776652,78.78050388125313,8803556
2439,2017-09-04,78.3842544555664,78.97861922285554,76.65518754021193,78.02403279226161,6239751
2440,2017-09-05,77.87995910644531,78.38426854858001,77.77188965653224,78.34824539860898,3937595
2441,2017-09-06,77.1955337524414,77.82592177524171,76.72724746126055,77.44769091588947,4800221
2442,2017-09-07,77.77188110351562,77.86193652562935,76.92535915848286,77.62779340529755,5008597
2443,2017-09-08,76.76325988769531,78.04204488669356,76.51110275947238,77.87994806353812,8588797
2444,2017-09-11,78.90421295166016,79.05060192568646,77.09263512700865,77.22072734072636,6205180
2445,2017-09-12,78.79441833496094,79.16039325583921,78.42844341408266,78.90421378953594,4307268
2446,2017-09-13,78.22715759277344,79.0871996320132,77.95267640773007,78.79441672298879,3679773
2447,2017-09-14,78.30035400390625,79.05060058547937,77.82458364157124,78.06246634081253,6793237
2448,2017-09-15,77.76969146728516,78.11736963179693,76.15940278903334,77.84288347402006,9054445
2449,2017-09-18,78.81272888183594,79.54467880552903,77.76969924780268,77.76969924780268,10470233
2450,2017-09-19,78.99569702148438,79.19698121567639,77.87947068283697,79.19698121567639,5530915
2451,2017-09-20,77.91606903076172,79.12378908542236,77.76968007488368,79.01399364562492,5687495
2452,2017-09-21,77.42202758789062,77.91609482088504,76.98286057489278,77.91609482088504,5113744
2453,2017-09-22,76.6900634765625,77.34882132050065,76.15940281311933,76.87305093923655,5195124
2454,2017-09-25,76.90966033935547,78.26376974085605,75.99472289613975,76.4887901082469,13057600
2455,2017-09-26,77.12923431396484,78.13566534485939,76.90964836899916,78.13566534485939,6570371
2456,2017-09-27,76.17770385742188,77.97098009969538,75.68363668764935,77.58670839201281,7885119
2457,2017-09-28,76.48877716064453,77.18412850701253,75.02487749930032,75.39085241463637,11633088
2458,2017-09-29,77.2207260131836,77.82458362306869,75.42744497966994,77.2207260131836,13782560
2459,2017-10-03,75.44574737548828,77.67819534341461,75.20786467418479,77.64159685924812,12296210
2460,2017-10-04,76.5070571899414,77.09261791919636,75.0431578487297,75.0431578487297,12075908
2461,2017-10-05,75.00658416748047,76.63517470848493,74.71380618799458,76.48878571874198,17352392
2462,2017-10-06,74.93338012695312,75.33594854316657,74.4942082643629,75.02487385133841,13466622
2463,2017-10-09,73.54267883300781,74.96998006282024,73.06691341102123,74.96998006282024,21446056
2464,2017-10-10,74.93338012695312,75.39084874887952,73.56097426117393,73.57927102051009,14560236
2465,2017-10-11,74.23802185058594,75.42744023555188,73.70736124175853,75.17126079248587,11830976
2466,2017-10-12,74.03675079345703,74.73210221074483,73.74397281686836,74.31123200795376,5518551
2467,2017-10-13,75.26277923583984,75.79344498282619,73.2682134572815,74.07336046018759,11394674
2468,2017-10-16,75.29936218261719,76.3423917325325,75.07977623044773,75.64703539002049,11521216
2469,2017-10-17,74.98828887939453,75.72023880635162,74.64061067854867,75.11638110938264,4936452
2470,2017-10-18,78.1539535522461,78.41013795397826,75.39084519172293,75.46403718946641,18484486
2471,2017-10-19,77.09264373779297,77.95268588155625,76.69007029136621,77.89779063064647,559370
2472,2017-10-23,78.1539535522461,78.39184119550539,77.2207195930898,77.93436763131167,14162373
2473,2017-10-24,78.70292663574219,79.01400631928692,77.36711913283527,78.06247050767766,7050716
2474,2017-10-25,79.08720397949219,80.14853029389795,78.24545865410968,79.05060549337074,16306452
2475,2017-10-26,77.58670806884766,78.9591141103589,77.1292393883439,78.46504694264428,23524154
2476,2017-10-27,77.49520111083984,78.15395391283045,77.00113402742087,77.71478703278738,9985329
2477,2017-10-30,77.73309326171875,78.50164160024288,77.53180903765767,77.5684025592305,4118717
2478,2017-10-31,77.53181457519531,80.11193600610652,77.1109394085214,77.84288931389797,16442260
2479,2017-11-01,76.98284149169922,78.09906295737169,76.3606821726951,77.89777874679216,12417385
2480,2017-11-02,78.75782775878906,79.16039621572556,77.51350901019458,77.58670598264816,16259892
2481,2017-11-03,76.873046875,80.69748662823257,76.70836114561178,80.69748662823257,26293141
2482,2017-11-06,77.11094665527344,78.06248261445725,76.67177964908713,77.1292483829396,7985183
2483,2017-11-07,75.99470520019531,77.6598889735559,75.57383506708956,77.44030800939788,9702210
2484,2017-11-08,76.17770385742188,76.83645677454997,75.81172891149451,76.12280860830336,12777065
2485,2017-11-09,76.122802734375,76.78155560067118,75.024877981313,76.78155560067118,9492091
2486,2017-11-10,77.34883117675781,77.58671391577602,75.57385156987037,75.75683905586179,8999608
2487,2017-11-13,77.2207260131836,78.0807680460999,76.59856667945203,77.55010244004343,7885278
2488,2017-11-14,75.73851776123047,77.23901575146377,75.4274381226446,77.22071899313306,4927717
2489,2017-11-15,75.7568359375,75.95812017826384,74.80530005674181,75.64704047211268,8653007
2490,2017-11-16,76.23258972167969,76.43387889547111,75.07976977670072,75.79342281894365,18027175
2491,2017-11-17,76.34239196777344,76.83645415686121,76.03131228156256,76.59857144288326,9193722
2492,2017-11-20,76.41559600830078,76.96455849492742,75.26277577915553,76.96455849492742,8277194
2493,2017-11-21,75.61044311523438,76.4704802493195,75.31766018622743,76.4704802493195,15596732
2494,2017-11-22,75.7751235961914,76.17769699320702,75.06147053039768,76.17769699320702,8665005
2495,2017-11-23,76.5070571899414,76.78153831641859,75.59212010168409,76.08618712211332,6824919
2496,2017-11-24,77.29391479492188,77.5318024480424,76.12279810781162,76.30578555553373,7734712
2497,2017-11-27,76.90966033935547,77.53181978628348,76.12281513096062,77.51351805910717,14811199
2498,2017-11-28,76.25089263916016,76.85475024228658,75.46404261887929,76.85475024228658,21546865
2499,2017-11-29,76.39729309082031,76.76326805242705,75.95812115135098,76.34239783934991,7324543
2500,2017-11-30,75.4091567993164,76.30579741808808,75.07978033498192,76.30579741808808,19256592
2501,2017-12-01,74.27462005615234,75.88491352705093,74.00013889141083,75.7568213240678,8172074
2502,2017-12-04,74.20143127441406,74.64059817873057,73.52437671259226,74.47591245105649,7124561
2503,2017-12-05,73.3048095703125,74.0916548189594,72.04219384854284,73.92696904906785,17485101
2504,2017-12-06,73.28650665283203,73.50608766091781,72.7009457156126,73.08521744361586,5557173
2505,2017-12-07,74.03675079345703,74.29293524586184,72.99372118559883,73.28650412604048,11119755
2506,2017-12-08,74.32952880859375,74.58571326113142,73.15841193777877,74.29293528439092,14615599
2507,2017-12-11,74.7686767578125,75.17125006960745,74.14651755196107,74.585689340074,8231500
2508,2017-12-12,74.25633239746094,74.84189328010685,73.89035746628883,74.84189328010685,8310332
2509,2017-12-13,73.37799072265625,74.09163883257982,73.1401030554959,73.56097818117806,12105970
2510,2017-12-14,73.23161315917969,73.7805756574919,72.6460571320629,73.67078514337089,12838407
2511,2017-12-15,72.77412414550781,73.98184428379851,72.28006200568895,73.70736311107592,22654959
2512,2017-12-18,73.15840911865234,73.23160112809056,70.77957201678103,72.81073094129927,16832008
2513,2017-12-19,74.14652252197266,74.29291643705729,72.90220899071535,73.45117128072755,20133065
2514,2017-12-20,74.27462005615234,74.42100901791075,73.17669539718626,74.32951529633024,14097971
2515,2017-12-21,74.32952880859375,74.95168821398353,73.96355385574164,74.95168821398353,7881749
2516,2017-12-22,74.31121063232422,74.51249481284788,73.87203882991608,74.29291387549536,7399925
2517,2017-12-26,74.09163665771484,74.65890074079265,73.63416802483871,74.25632735109119,7946762
2518,2017-12-27,73.6341781616211,74.8418984969852,73.48778917171869,74.10994858362017,7831439
2519,2017-12-28,72.8839340209961,73.94526043951957,72.64605128364909,73.72567446510187,15796200
2520,2017-12-29,73.32308959960938,73.81715672422729,72.99371317114826,73.0303116551667,8561565
2521,2018-01-01,73.2682113647461,73.83547558909146,72.84734111045991,72.84734111045991,6388017
2522,2018-01-02,73.46949768066406,73.85376942720994,72.93883196985938,73.65248517213418,4383705
2523,2018-01-03,73.79885864257812,74.09163658177783,73.41458201304462,73.74396339945973,8187397
2524,2018-01-04,73.32308959960938,74.2380268808083,73.19500235132348,73.92695217628261,4204055
2525,2018-01-05,73.65245819091797,73.94523608447503,73.41457056806983,73.67075494782094,4923559
2526,2018-01-08,73.39629364013672,74.38442798458946,73.2133061662642,73.92695929990818,11797863
2527,2018-01-09,73.56098937988281,73.70737837621559,73.30480491341052,73.59758290607607,7380366
2528,2018-01-10,73.1401138305664,73.89036549934511,72.6460515908538,73.89036549934511,8710385
2529,2018-01-11,72.40816497802734,73.3048056559091,72.20688072651265,72.8656336986092,12305664
2530,2018-01-12,71.85919952392578,72.57285268388623,71.62131679189,72.49965570609687,9411915
2531,2018-01-15,72.93881225585938,73.28649038122303,71.42001747993,72.3898499298233,9962401
2532,2018-01-16,71.80428314208984,72.93880618084123,71.1272286702663,72.86560922459212,13205546
2533,2018-01-17,72.24346923828125,72.71923465642983,70.99915548294042,71.73110533477063,13012437
2534,2018-01-18,72.09707641601562,73.12180416839193,71.63960778301686,72.68263229517217,24603506
2535,2018-01-19,71.76769256591797,72.46304883529152,71.10893974255082,72.09707394145373,8082214
2536,2018-01-22,71.47492218017578,72.07877982597157,71.36513168597753,71.7860018655411,9833311
2537,2018-01-23,71.67620086669922,71.85918831878595,71.01744802472793,71.47491665494475,16134097
2538,2018-01-24,71.71280670166016,72.07878164335222,71.42002873384763,71.47492398233088,11061376
2539,2018-01-25,71.10895538330078,72.04218958231553,70.68808515558537,71.98729432893583,13143678
2540,2018-01-29,71.0540542602539,71.73110889961518,70.99915901140902,71.18214648346056,11002896
2541,2018-01-30,71.3468246459961,71.785996517778,69.79143129889265,70.92595449778563,22826262
2542,2018-01-31,70.92597198486328,71.47493447801337,70.26721897862461,71.34684223684096,14372442
2543,2018-02-01,71.31024169921875,71.42003717301176,69.16928704456922,71.18215442557369,17028230
2544,2018-02-02,70.59656524658203,71.18212598126166,69.90120908198352,71.18212598126166,22083930
2545,2018-02-05,71.9140853881836,72.07877110956571,69.53524365098268,69.53524365098268,21997294
2546,2018-02-06,71.3468246459961,71.58470734160615,69.53524687971114,69.53524687971114,13495253
2547,2018-02-07,71.5481185913086,72.04218077518024,70.77957024638775,71.65790908464615,14316750
2548,2018-02-08,71.60369873046875,72.14109897297213,71.28867117544429,71.9001973227234,33536651
2549,2018-02-09,71.60369873046875,72.01138115303873,70.78833388532878,71.15895838235917,15183068
2550,2018-02-12,73.56797790527344,73.77181658364684,71.64075483383412,71.9743113197396,11747845
2551,2018-02-14,72.4375991821289,73.54945769465144,71.78901504982409,73.54945769465144,13853923
2552,2018-02-15,73.34562683105469,73.49387364322708,72.15964227997699,72.64145070309887,8833619
2553,2018-02-16,72.47466278076172,73.47533746164741,72.17816918553198,73.41974051404915,6252218
2554,2018-02-19,71.95579528808594,72.99352788111143,71.75195154623717,72.49319054892644,4332550
2555,2018-02-20,72.27083587646484,72.77116827184793,71.80756141640673,72.23377291429027,8479558
2556,2018-02-21,71.88166809082031,72.60437811624959,71.64076642462676,72.4931892517266,9258406
2557,2018-02-22,70.51036834716797,72.08550610139147,70.13974888190319,71.64076073233446,25535938
2558,2018-02-23,71.62225341796875,71.84462114286072,70.5474526223588,70.64010751668037,11567495
2559,2018-02-26,72.69703674316406,73.08618522196413,71.529586279915,72.2708253076095,8362326
2560,2018-02-27,73.29002380371094,73.47533354757014,72.47465891999101,73.10471405985173,17333449
2561,2018-02-28,73.27149963378906,73.45680940248532,72.41907670852594,72.93794305550563,5795018
2562,2018-03-01,73.16030883789062,73.56799129568921,72.47466175343602,73.04911997111898,8106682
2563,2018-03-05,72.99353790283203,73.03060086342484,71.99286812792279,72.93794597536753,6992551
2564,2018-03-06,71.5851821899414,73.1973781703691,71.19602866261104,73.04912633509136,9525018
2565,2018-03-07,71.65929412841797,71.90020081722353,70.88099219783876,71.43692645697979,9481007
2566,2018-03-08,72.41905975341797,72.6043694787286,71.30720140155417,71.84459658884619,10429826
2567,2018-03-09,71.49251556396484,72.511719116429,71.08483313760951,72.45612720075518,9887071
2568,2018-03-12,72.27083587646484,72.51173759032514,71.52959674037186,71.7149065243951,14242997
2569,2018-03-13,72.28935241699219,73.0120624611829,71.62223931993059,72.23376049671184,10581316
2570,2018-03-14,72.0299301147461,72.71557733032097,71.71490749910464,72.14111900278102,8577503
2571,2018-03-15,72.19669342041016,72.54878394017196,71.82607393722866,71.88166585433619,6132848
2572,2018-03-16,71.25162506103516,73.06765976059553,70.91806346109931,72.04845604864491,10373796
2573,2018-03-19,71.97431945800781,72.30787598162914,71.34426936380052,71.67782588742183,13496140
2574,2018-03-20,72.23374938964844,72.67848971035419,71.45544754485341,71.9372508156633,9661410
2575,2018-03-21,71.97431945800781,72.45612779377049,71.75194676664414,72.45612779377049,9675146
2576,2018-03-22,71.41838073730469,72.15961959195982,71.2516050111159,71.97430987829604,11371840
2577,2018-03-23,71.99286651611328,72.36348606004489,70.78834797148625,70.78834797148625,9062739
2578,2018-03-26,72.23374938964844,72.4561220634253,71.9928477542435,72.04843966597572,15451169
2579,2018-03-27,72.62290954589844,72.771156343447,72.30788195932725,72.30788195932725,7563470
2580,2018-03-28,71.62225341796875,72.56733132930881,71.2701628088069,72.45614746686283,14095921
2581,2018-04-02,72.23374938964844,72.34493321311288,71.49251049495756,71.49251049495756,6821616
2582,2018-04-03,73.5865249633789,73.93861552372007,72.10404685979347,72.19670174126756,6269850
2583,2018-04-04,72.65996551513672,74.08685148638834,72.14109926018565,73.73476097757424,9689298
2584,2018-04-05,72.73409271240234,73.54945254842589,72.64143784284182,73.34561384613211,8673501
2585,2018-04-06,72.62290954589844,73.34561959586476,72.54878866054855,73.1973727983162,7948746
2586,2018-04-09,72.5858383178711,72.82674499163852,72.34493667095188,72.64143525910863,4610445
2587,2018-04-10,72.99353790283203,73.62359315236147,72.75263619925292,72.95647494223924,7562115
2588,2018-04-11,73.01205444335938,73.45679478361168,72.56730907625888,73.38267390699373,5790314
2589,2018-04-12,72.77115631103516,73.34561956319705,72.67850143425247,73.08618389746603,3537785
2590,2018-04-13,73.19739532470703,73.38270513538376,72.78971273584817,72.82677570335359,3438013
2591,2018-04-16,73.8274154663086,74.45747057562994,72.93792974426832,73.10471051639698,9628436
2592,2018-04-17,75.9399642944336,76.77385827531653,74.93928950663434,75.30990905369342,23457958
2593,2018-04-18,75.97702026367188,76.27351386329829,75.73611355877044,76.01407819348853,8814122
2594,2018-04-19,77.1259536743164,77.4224473197478,75.95849800666238,76.1623417863899,10627620
2595,2018-04-20,76.79237365722656,77.68186443429538,76.42175417573071,77.38536583298963,5446620
2596,2018-04-23,76.64413452148438,77.051816997199,76.05114228652211,77.051816997199,4139986
2597,2018-04-24,76.5144271850586,77.16301143143349,75.90290590098934,77.16301143143349,3594644
2598,2018-04-25,76.84798431396484,77.83012510981598,75.56934486389966,76.49589373297607,5924775
2599,2018-04-26,76.71825408935547,77.34830420256681,76.4217554829779,76.92209279692561,7950190
2600,2018-04-27,77.05180358886719,77.34829714132891,76.75531003640548,76.90355681263634,7371596
2601,2018-04-30,77.03327178955078,77.45948314058394,76.7367732211619,76.922082941337,5644871
2602,2018-05-02,76.03260803222656,77.49655703918485,75.865827249766,76.7182550991165,7210903
2603,2018-05-03,76.5144271850586,76.92210971672131,75.32844757922571,75.9770318256006,3782713
2604,2018-05-04,76.86650848388672,77.01475528831799,75.79171286819869,76.71826167945544,22466426
2605,2018-05-07,77.5706787109375,77.83011436921636,76.71825587976177,76.71825587976177,6003886
2606,2018-05-08,78.84932708740234,79.31260151149169,77.40391188961345,77.64481358477006,19748071
2607,2018-05-09,78.5157699584961,79.20141710672455,78.25633427208018,78.5713618836283,13934330
2608,2018-05-10,77.08887481689453,78.49722688257866,75.86582747125965,78.27485418093153,13973187
2609,2018-05-11,76.66267395019531,77.45950496609917,76.32911233841524,77.38537904640377,10688957
2610,2018-05-14,77.47801208496094,77.75597666516296,76.34762480287856,76.34762480287856,13962128
2611,2018-05-15,79.25701141357422,80.05384243601232,77.32978775418263,77.45950560128868,56040833
2612,2018-05-16,79.10874938964844,79.68320756757552,78.77518783926665,79.46083487627045,18183776
2613,2018-05-17,79.10874938964844,80.05382704413451,78.6825329701269,78.75665887617805,17900935
2614,2018-05-18,78.9234390258789,79.68321201130443,78.60841647471446,79.20140867564817,18414996
2615,2018-05-21,78.81226348876953,79.47938167015595,78.42311498643099,79.47938167015595,16669979
2616,2018-05-22,78.10808563232422,79.31259909830769,77.64481122233057,79.21994421630896,9411261
2617,2018-05-23,78.3119125366211,78.73812392408608,77.71892037600321,78.20072870575137,18219990
2618,2018-05-24,78.47869110107422,78.71959274574422,78.34897328414478,78.71959274574422,17260447
2619,2018-05-25,78.58988189697266,78.96050139143301,77.92276881768346,77.92276881768346,30090956
2620,2018-05-28,76.69971466064453,78.75665568839852,76.45881301600168,78.6640008230091,17488299
2621,2018-05-29,76.71825408935547,77.71892369040238,76.25497972956101,77.18152844914992,15749359
2622,2018-05-30,77.64482116699219,78.55283611076781,76.71827222833356,76.71827222833356,36016623
2623,2018-05-31,77.62627410888672,78.83078752644317,74.71690992572671,77.7930549005187,274352477
2624,2018-06-01,76.3291015625,77.0518115835277,74.25363139937936,76.68119209107218,17096388
2625,2018-06-04,74.75397491455078,76.69972741119004,74.34629243369466,76.69972741119004,14456405
2626,2018-06-05,73.69770050048828,74.55012833004227,72.30787743508898,74.4204105052353,13788817
2627,2018-06-06,74.5316162109375,75.32845235707578,73.19738969810585,73.19738969810585,8130515
2628,2018-06-07,75.14311981201172,75.58786017269942,73.4753321490239,74.66131147103951,7683528
2629,2018-06-08,73.34562683105469,74.56866931503853,72.91941536099058,74.45748546262155,12429285
2630,2018-06-11,72.5302505493164,73.84595274159317,72.08551018193221,73.6050460540555,19668041
2631,2018-06-12,72.28935241699219,72.80821871768997,71.67783124021092,72.80821871768997,13416832
2632,2018-06-13,73.43826293945312,73.88300326225382,72.30787060361601,72.75261595326471,10866676
2633,2018-06-14,73.69770050048828,73.88301024254152,72.8638066612487,73.45679884118877,7205187
2634,2018-06-15,73.32709503173828,73.75331154140429,72.7341077653062,73.69771458668303,9527937
2635,2018-06-18,73.62359619140625,73.93862382917472,72.73411023470969,73.32709752127433,4303444
2636,2018-06-19,73.6421127319336,74.01273223691923,72.93793667783062,73.21590130656985,8099053
2637,2018-06-20,73.80889892578125,74.01273765771329,72.93794201990517,73.64211812558295,8160216
2638,2018-06-21,72.4375991821289,73.62358360622576,71.82607800561125,73.41973986282072,10942576
2639,2018-06-22,73.27149963378906,73.5309353207035,71.93726829380614,72.71557032770028,7677797
2640,2018-06-25,71.97431945800781,73.4938603176698,70.97364486029548,73.27148762630613,8701812
2641,2018-06-26,70.69568634033203,72.15963540992426,70.047102200334,71.86314181380753,9869227
2642,2018-06-27,69.37999725341797,71.3442838959127,68.82406792519578,71.14044012612159,13094540
2643,2018-06-28,68.49049377441406,69.95443761397162,67.87896764866986,69.82472482545435,22542641
2644,2018-06-29,69.25028228759766,70.54745077411559,68.23107847676214,68.65728997410525,8435793
2645,2018-07-02,68.58313751220703,69.4355601145769,68.00867443074274,69.3058423202561,13100144
2646,2018-07-03,68.3978500366211,68.73140659692982,67.15627364789242,68.2125402779108,9990760
2647,2018-07-04,67.82337188720703,70.13974336284446,67.50834436115078,68.6572656184365,10626271
2648,2018-07-05,67.32304382324219,68.10134575055486,66.91536640941753,67.87897305320145,7739370
2649,2018-07-06,67.37863159179688,67.78630895010222,67.02654111669918,67.32303465489359,7229617
2650,2018-07-09,68.37930297851562,68.56461270181636,67.45275436201194,67.52688026207142,10238815
2651,2018-07-10,68.21253967285156,68.69434303048503,67.97163296718595,68.56462519516867,7258266
2652,2018-07-11,67.78633117675781,68.471978363855,67.6010213979126,68.11989280015878,3825437
2653,2018-07-12,67.67514038085938,68.0457599005469,67.30452086117185,67.89751309804168,11523981
2654,2018-07-13,67.360107421875,67.95309961154251,67.17479767678194,67.52688820319818,4793733
2655,2018-07-16,67.21186065673828,67.63807206524476,66.93389603899294,67.10067682037958,12191173
2656,2018-07-17,67.24891662597656,67.54541017670196,66.71151641008274,66.97095203710349,4698206
2657,2018-07-18,66.15560150146484,68.11988803595449,65.98882572827787,67.67514258709103,5845129
2658,2018-07-19,65.76646423339844,67.0080408821951,65.63674636975999,66.37798555986546,5980121
2659,2018-07-20,65.15492248535156,65.95175335959337,64.52486736050079,65.78497258335392,5273662
2660,2018-07-23,65.61819458007812,65.97028005682009,65.09932330597715,65.21051216193374,6336970
2661,2018-07-24,65.87762451171875,66.13706014609697,65.32169531820674,66.04440528051163,6260188
2662,2018-07-25,65.09931945800781,66.34089560162103,64.74723400207733,66.2111777907633,7757736
2663,2018-07-26,67.39716339111328,68.11987333281284,64.56192559040768,65.32169345580627,33869484
2664,2018-07-27,66.6744613647461,68.4905009155129,66.0444112380411,67.91603768095551,19690254
2665,2018-07-30,67.89752960205078,68.1013683766869,66.73007883662991,67.04510148345842,10288607
2666,2018-07-31,67.56395721435547,68.78699963086989,67.39717641808123,68.06428954948018,11713824
2667,2018-08-01,68.45343780517578,68.84258626411466,66.76711608712725,67.82338265305239,10299992
2668,2018-08-02,69.93592834472656,70.51038665429851,68.4719790660955,68.99085047366314,12305598
2669,2018-08-03,70.49185943603516,70.76982411405072,70.0471139404704,70.34361261313012,7491196
2670,2018-08-06,70.2138900756836,71.10337598064653,69.91739644964571,71.10337598064653,4944677
2671,2018-08-07,70.08415985107422,70.65862306197965,69.54676462043827,70.36212446145957,3270258
2672,2018-08-08,70.23240661621094,70.67715200342946,69.62088547892179,70.08415982942091,6225545
2673,2018-08-09,71.3813247680664,71.52957657497,69.62088231614418,70.23240342565278,6328977
2674,2018-08-10,70.62156677246094,71.84460916282427,70.08416646426708,71.78901724087119,4909902
2675,2018-08-13,69.67648315429688,70.41772217635805,69.36146059139995,69.89885586628499,2537940
2676,2018-08-14,69.6394271850586,70.0471046371895,69.13908982571279,69.5097093471765,2304692
2677,2018-08-16,69.56531524658203,70.4177383064716,69.34294248365649,69.45413137854425,3661689
2678,2018-08-17,69.34293365478516,70.04710979201735,68.84259625861907,69.86180001764839,4022502
2679,2018-08-20,69.5467758178711,69.99151624998439,68.7870027443809,69.49117886536386,2487784
2680,2018-08-21,69.50971221923828,69.78767687182125,68.87965699597721,69.54677517828584,3655095
2681,2018-08-23,70.49185943603516,70.78835308184523,69.50971857908344,69.50971857908344,9442607
2682,2018-08-24,70.76980590820312,72.1225659878387,70.25093964809132,70.60302513355902,8393334
2683,2018-08-27,73.30855560302734,73.49386535405458,70.75128204422133,70.84393691973493,14042229
2684,2018-08-28,73.06766510009766,74.29070763307396,72.54879872328496,73.2344408854038,8224129
2685,2018-08-29,71.548095703125,73.7718121788507,71.1960052503961,73.01204439371675,6955827
2686,2018-08-30,72.99353790283203,73.45681234311856,71.30722095092887,71.62224857569358,22347117
2687,2018-08-31,74.67984771728516,74.95781233618052,72.21522407493396,72.21522407493396,11854651
2688,2018-09-03,72.08552551269531,75.97703094588616,71.90021573016242,75.18019485951504,8999761
2689,2018-09-04,72.06697082519531,72.80820974248934,71.02923835172292,72.08550481423653,5387824
2690,2018-09-05,72.51171875,73.01205604223277,71.43692328729334,71.95578954237432,7334087
2691,2018-09-06,73.8644790649414,74.77249878452321,72.45612707829241,72.64143681479088,16457730
2692,2018-09-07,72.5302505493164,74.45747388852675,71.47398400815013,74.45747388852675,4580610
2693,2018-09-10,72.54906463623047,73.31986607372316,71.49626889211319,72.62426651787413,6293799
2694,2018-09-11,70.27426147460938,73.2634516980684,70.01106002608672,72.58665525874576,9560546
2695,2018-09-12,72.86864471435547,73.41384545507985,70.34944867763586,70.34944867763586,13582243
2696,2018-09-14,75.25625610351562,75.93305259520874,72.90626120205992,73.41386112073742,22816500
2697,2018-09-17,75.91425323486328,76.53465085710768,74.22225693793388,74.22225693793388,15162744
2698,2018-09-18,74.7862548828125,76.66625074765702,74.50425550308582,75.76385375249468,4937349
2699,2018-09-19,74.5606460571289,75.19984661993045,73.77104686184893,74.8238474888271,6025625
2700,2018-09-21,75.35025787353516,75.91425666465969,73.3574590850059,74.82386002178202,11174973
2701,2018-09-24,74.29745483398438,75.33145258659107,73.15065936647397,75.19985695247519,3992299
2702,2018-09-25,72.4174575805664,74.67345263543113,72.06026142343529,74.07185803398605,10770907
2703,2018-09-26,72.51144409179688,72.9438471446234,70.76304926451256,72.73704457592066,7286693
2704,2018-09-27,73.1506576538086,73.6582575586215,72.24826065626078,72.56786097409224,8101331
2705,2018-09-28,70.83826446533203,74.42905457281371,70.4434622688169,73.13186046950318,10284429
2706,2018-10-01,72.3422622680664,72.90626104318673,69.8982675758783,70.80066459610777,4684738
2707,2018-10-03,71.04507446289062,72.30467294971692,70.81947389662356,71.62787125091575,10349581
2708,2018-10-04,71.15784454345703,71.79704504951123,69.39065184404899,70.68784567130369,11239097
2709,2018-10-05,70.42466735839844,72.02266393205576,70.06746608436062,71.0638629279721,7035573
2710,2018-10-08,70.18026733398438,71.08266435897843,68.61986663472709,70.12386337632229,4680183
2711,2018-10-09,70.14266967773438,71.2330663464518,69.67267067399276,70.33066927923102,5552286
2712,2018-10-10,70.36827850341797,71.0450751085538,70.0110771785975,70.0110771785975,3526073
2713,2018-10-11,69.82305145263672,70.87584691145712,69.20265394655276,69.91705122931047,10016561
2714,2018-10-12,70.85706329345703,71.34586019086342,69.97346419446983,70.02986305189128,6856067
2715,2018-10-15,70.72545623779297,71.43985360084399,69.9734579398835,70.85705695989009,6926558
2716,2018-10-16,70.38707733154297,70.98867715485808,69.5974778821804,70.66907677061415,6530627
2717,2018-10-17,71.1014633178711,71.47746250876723,70.68786318792225,70.70666620735629,4151254
2718,2018-10-19,71.12027740478516,71.98507363849659,70.33067796106556,71.06387343752102,9497796
2719,2018-10-22,71.12027740478516,71.8158719363366,70.78187400046518,71.21427721713711,4377225
2720,2018-10-23,71.79707336425781,72.4362741223948,69.86067826728913,70.68787354861307,4599675
2721,2018-10-24,71.59026336669922,72.28586287078356,71.21426418609312,72.00385838551371,4510189
2722,2018-10-25,71.92864990234375,72.2482501738046,70.19905293309778,71.32705029132588,7455415
2723,2018-10-26,70.83826446533203,71.81585824760133,70.61266393872556,71.571459802034,6390862
2724,2018-10-29,71.2706527709961,71.62784888120012,70.46225566917015,71.214253921997,8374975
2725,2018-10-30,69.99226379394531,71.27065993224072,69.78546119374978,71.06385733204517,5105532
2726,2018-10-31,69.91704559326172,70.21784281444462,67.22865321706774,69.59744535837122,9622136
2727,2018-11-01,70.85706329345703,71.17666361859904,69.76666668398605,69.97346419446983,5603131
2728,2018-11-02,71.38346099853516,72.30466103405705,70.95106295934102,71.08266369296061,6034462
2729,2018-11-05,69.95466613769531,71.25186025509903,69.5598639368909,71.0826636831674,4872816
2730,2018-11-06,70.72545623779297,71.06385445188926,69.55985785607032,70.34945708883824,7337064
2731,2018-11-07,71.08265686035156,71.43985298891002,70.72545563197832,71.43985298891002,223308
2732,2018-11-09,72.07904815673828,72.26704771546902,70.98865173606282,71.06384849966646,9231137
2733,2018-11-12,69.91704559326172,72.53024121406689,69.27784512348073,72.00383842727602,3906667
2734,2018-11-13,69.2026596069336,70.68785313997074,68.75145860206818,70.31185400252113,7750412
2735,2018-11-14,69.91704559326172,70.31184258354101,69.22144628198566,69.29664813718831,9918943
2736,2018-11-15,70.34945678710938,70.87585457342531,69.76666014865509,69.93585670507014,8814911
2737,2018-11-16,70.72545623779297,71.43985360084399,70.01105887474193,70.31185615397979,5537047
2738,2018-11-19,71.3270492553711,71.62784650660403,70.55625311170272,70.76305058444856,5155461
2739,2018-11-20,70.83826446533203,71.85345918533828,70.49986112551471,71.85345918533828,2673334
2740,2018-11-21,68.4694595336914,70.63145458301669,68.16866226240681,70.49985386439917,6426666
2741,2018-11-22,67.60466766357422,69.07106337490451,66.85266933983405,69.07106337490451,6231287
2742,2018-11-26,68.60106658935547,68.75146523889089,67.24746854390632,67.69866959232776,5022526
2743,2018-11-27,68.638671875,69.54106892919519,67.79267368047661,68.41307133649734,6727512
2744,2018-11-28,69.29664611816406,69.55984240407716,68.24384567507053,68.39424428127997,9281286
2745,2018-11-29,67.86788177490234,70.87587585691689,67.41668572248997,69.54108052294947,16395530
2746,2018-11-30,67.73625946044922,69.01466061837645,67.04066513017172,68.05585974993103,10573839
2747,2018-12-03,69.108642578125,70.87583502328779,68.09344312040447,68.09344312040447,11107638
2748,2018-12-04,70.40584564208984,70.76304682127058,68.48824924296814,68.95824811040904,6304336
2749,2018-12-05,68.99586486816406,70.57506346497637,68.61986568795307,69.59746457646472,5774768
2750,2018-12-06,68.99586486816406,69.71026739041717,68.69506756392137,68.99586486816406,8600328
2751,2018-12-07,68.67626190185547,70.31185929278658,67.92426357037587,69.10866502230829,8378029
2752,2018-12-10,67.41666412353516,68.58225737702988,66.42026232324203,67.86786003139336,6431248
2753,2018-12-11,67.79266357421875,68.16866271573225,66.60826219859939,66.85266572043497,6514193
2754,2018-12-12,68.638671875,69.10867087195744,67.9430723395399,68.01826911916379,7396629
2755,2018-12-13,68.638671875,68.80786845401538,68.09347099860318,68.56346999556061,4251108
2756,2018-12-14,69.82305145263672,70.02984892139328,67.86785405789682,68.24385316459185,9276710
2757,2018-12-17,72.39865112304688,73.90264764890954,71.32705257840679,71.43985027792066,23727234
2758,2018-12-18,73.82743835449219,74.07184184520573,71.77824635407391,72.53024454134244,15507368
2759,2018-12-19,74.82384490966797,75.01184446873935,73.33864635307827,73.33864635307827,11434466
2760,2018-12-20,74.42904663085938,74.80504576847741,73.28225130105025,74.09064842696608,7938383
2761,2018-12-21,74.03424835205078,74.86144338124308,73.56424943780017,74.44784841655424,8722621
2762,2018-12-24,72.925048828125,74.37264650305934,72.64304947975394,74.07184923805606,8563441
2763,2018-12-26,73.43264770507812,73.80864683127241,71.94744911668484,72.793447150622,4766041
2764,2018-12-27,73.90265655517578,75.01185616659886,72.75586110592704,73.33865779000783,46486470
2765,2018-12-28,74.09064483642578,74.57944165171554,73.54544407337498,74.25984648008001,5142112
2766,2018-12-31,74.6922607421875,75.19986068407309,73.69586387837687,73.95906025948437,6317785
2767,2019-01-01,75.1998519897461,75.38785156872231,73.73345119387965,74.24105107707841,3961625
2768,2019-01-02,73.41385650634766,75.19985251919613,72.94385755559806,74.86144919480442,7876559
2769,2019-01-03,72.58665466308594,73.31985504951444,72.19185759335667,73.2822541143462,7942863
2770,2019-01-04,73.65824127197266,73.97784151913697,71.96624536325874,72.68064261586402,4017540
2771,2019-01-07,74.61705017089844,74.7862518317576,73.63945134109936,73.73345113050668,3592512
2772,2019-01-08,74.20343780517578,74.63584084478708,73.62064124716404,74.41024036755817,3990870
2773,2019-01-09,74.29745483398438,74.72985797401759,73.54545646845223,74.20345503829286,4087529
2774,2019-01-10,73.56424713134766,74.24104350672316,73.2822477916388,74.24104350672316,3589725
2775,2019-01-11,73.07544708251953,73.65824879269294,72.66185212023369,73.28224966347703,2995789
2776,2019-01-14,72.37987518310547,73.07546970766867,71.8158712148438,72.96267197390604,5370460
2777,2019-01-15,72.36106872558594,74.82386672743282,71.59027234856383,74.82386672743282,11498868
2778,2019-01-16,72.19185638427734,73.00025352768829,72.04145264612339,72.379855957155,8515441
2779,2019-01-17,72.90625,73.15064841223646,72.19185267968781,72.19185267968781,5325531
2780,2019-01-18,72.79345703125,73.95905550062785,72.37986201614854,72.94386078199442,4366941
2781,2019-01-21,71.90984344482422,73.20704238462737,71.68424806382731,72.92504305856704,4067143
2782,2019-01-22,71.3270492553711,71.90984584206528,70.87584827870732,71.81584606357819,3577455
2783,2019-01-23,70.04866790771484,72.00386064842446,69.82306737229804,71.27066528308914,6173490
2784,2019-01-24,70.21786499023438,71.10146411875625,69.76666901596599,70.199067070404,6157088
2785,2019-01-25,69.87946319580078,71.10146051809443,69.65386267018353,70.5374617539589,3868441
2786,2019-01-28,70.6126480102539,70.9134452446666,68.43185021141255,69.93584658310421,7440853
2787,2019-01-29,69.78546905517578,70.61266934951306,69.05226856247613,70.23667014296258,17469350
2788,2019-01-30,70.34945678710938,70.65025916487194,68.95825790201778,69.59745849242523,12711500
2789,2019-01-31,70.9134521484375,72.00384860410655,70.23665575521245,70.87585121552175,25774313
2790,2019-02-01,71.51504516601562,72.13544265243539,69.89825109839876,71.79704448709862,9474849
2791,2019-02-04,69.40946197509766,71.251856858238,69.0898616658208,71.251856858238,3678667
2792,2019-02-05,69.97344970703125,70.2930499660026,68.99585101480712,69.22145149759949,5500377
2793,2019-02-06,70.23665618896484,70.96985143618411,69.465854908783,70.02985360655842,4322649
2794,2019-02-07,69.40946197509766,70.57506040314645,69.18386145679546,70.29306103022247,4309303
2795,2019-02-08,68.0558853149414,70.66908236375019,67.86788567401463,69.40948374957749,7692145
2796,2019-02-11,68.56346130371094,68.8830616010891,66.87146512915999,67.52946364148536,7913450
2797,2019-02-12,68.14986419677734,70.08626398322946,67.84906690363928,68.80786273785503,11930402
2798,2019-02-14,65.78106689453125,67.2474625208394,64.85986696143506,66.73986266178262,36962390
2799,2019-02-15,68.24385070800781,68.50705211314555,66.77745526464608,67.07825249924856,16005610
2800,2019-02-18,67.96187591552734,68.99587379488678,67.51067990078732,68.2250774156543,7973918
2801,2019-02-19,67.47308349609375,68.80787880838987,67.26628084642302,67.77388085948502,10824411
2802,2019-02-20,68.3566665649414,68.65746385705326,67.15346719686389,67.96186438175266,9658184
2803,2019-02-21,68.3566665649414,68.80786250310918,67.9994653182204,68.695064793521,9197823
2804,2019-02-22,68.3942642211914,68.65746568365292,67.86786639608357,68.31906744607039,12182132
2805,2019-02-25,68.4130630493164,68.61986054300117,67.11586393492323,68.05586181497195,29907322
2806,2019-02-26,68.13106536865234,68.69506411061658,67.24746631961202,67.49186475450018,13683801
2807,2019-02-27,68.22506713867188,69.2966657994616,67.62346744315701,68.16866828280192,13566494
2808,2019-02-28,68.75145721435547,69.46585454112704,67.90545917216987,68.77025513092264,69863939
2809,2019-03-01,68.883056640625,69.0898541182521,68.46945658555632,68.84545570837976,7227772
2810,2019-03-05,68.807861328125,69.72906130668632,68.65746268463732,69.18386048675167,15733697
2811,2019-03-06,69.37187194824219,70.0862745518494,68.31907616368818,68.84547405596518,20336766
2812,2019-03-07,70.36827850341797,71.2518726546186,69.40947736302334,70.31187453647651,12295538
2813,2019-03-08,70.3118667602539,70.85706764840566,69.65386815032657,70.68786596592668,6211299
2814,2019-03-11,73.05667114257812,73.69587189445264,70.59387304547681,70.8758724772186,17678891
2815,2019-03-12,73.82743835449219,75.95183731337703,73.1882429552024,73.1882429552024,26457157
2816,2019-03-13,73.22586059570312,74.54185772375214,72.60545786977066,74.48545376698355,6930222
2817,2019-03-14,72.71421813964844,73.54756214594299,72.57855626485785,73.2374823668731,8466765
2818,2019-03-15,74.90418243408203,75.27240154799362,72.52042354453583,72.52042354453583,14301914
2819,2019-03-18,76.3770523071289,76.66775403276162,74.90416566680022,75.25300668612094,14247336
2820,2019-03-19,77.13288879394531,77.59800846032381,75.69875799392659,76.0475990580088,16995997
2821,2019-03-20,76.51274108886719,77.46236390579284,76.16389994678848,77.22980664920338,9060589
2822,2019-03-22,76.93909454345703,77.8499559435433,76.41583027164134,76.70653206073963,8782833
2823,2019-03-25,78.29570007324219,78.87710363050309,75.62123950408716,76.43520553569114,14506515
2824,2019-03-26,78.62516021728516,79.03214587376549,77.28793515020526,78.35384170349205,8371544
2825,2019-03-27,77.59800720214844,79.34221775147218,76.93908637116431,78.68329692048805,11579885
2826,2019-03-28,76.84220123291016,77.52050547178648,76.14451371860649,77.52050547178648,17034861
2827,2019-04-01,75.795654296875,77.40420290940759,75.62123114609729,76.82279941640594,10617688
2828,2019-04-02,77.4429702758789,77.83057263498793,75.97008341414201,75.97008341414201,17946031
2829,2019-04-03,77.88871765136719,78.5088825228759,77.57863784420975,77.67553844109568,15076661
2830,2019-04-04,77.2685546875,78.78020824199592,76.93909685570911,78.08252077287612,10130253
2831,2019-04-05,76.08635711669922,77.79180633545693,75.98945653316534,77.79180633545693,9883976
2832,2019-04-08,76.88094329833984,77.6367699871858,75.7956588162366,76.74528668097196,13511642
2833,2019-04-09,76.88094329833984,77.26854565011863,76.37706234390477,77.11350576084578,10655872
2834,2019-04-10,76.99722290039062,77.38482523073574,76.64838185451863,76.64838185451863,8637199
2835,2019-04-11,75.95069122314453,77.28792130792,75.83441263194355,77.19102072952157,13713296
2836,2019-04-12,76.3770523071289,76.60961473907362,75.60184770544167,76.22201243823,11004111
2837,2019-04-15,76.76466369628906,77.84994816426305,76.39643936401578,76.66776310960591,8965316
2838,2019-04-16,76.29953002929688,77.4623369361744,76.16387342924864,77.13287918497991,4918434
2839,2019-04-18,75.31114959716797,76.68713572837737,75.00106984447633,76.49333456864687,11593259
2840,2019-04-22,75.50496673583984,76.24141024722901,74.9623244251949,75.27240424350799,7772049
2841,2019-04-23,74.80728912353516,75.40807077996764,74.43906471656405,75.11736896094656,6686014
2842,2019-04-24,74.4002914428711,75.44681992571576,73.66384800470321,74.84603310882585,7288151
2843,2019-04-25,74.2452621459961,75.8925724236542,73.91579903902561,74.49720266643436,17599280
2844,2019-04-26,73.95455932617188,75.34992906440831,73.7801361374445,74.03207665445524,8664580
2845,2019-04-30,72.24909973144531,74.61347517397881,71.86149737224945,74.30339013230605,14290974
2846,2019-05-02,73.72198486328125,73.9545473247793,72.26847605041011,72.50103851190816,8897549
2847,2019-05-03,73.97392272949219,74.78788868742072,73.72198226225538,73.99330600062927,10782838
2848,2019-05-06,73.81887817382812,74.74912267092458,73.19871342336621,73.64445503060068,5477945
2849,2019-05-07,74.2452621459961,75.1173675871092,73.83827645249342,73.83827645249342,9450289
2850,2019-05-08,73.64447784423828,75.09799222128775,73.21811937483636,74.40030468944067,10180731
2851,2019-05-09,72.83050537109375,73.66384941596466,72.2297185426939,73.6057101118469,7921214
2852,2019-05-10,71.91962432861328,73.0436699258834,71.7258231822842,73.02429191412753,5938686
2853,2019-05-13,70.79558563232422,72.11343785943907,70.56302842254485,71.88087539246625,5504435
2854,2019-05-14,70.40798950195312,71.39637875973007,70.17543227159989,70.50489010033161,11334983
2855,2019-05-15,69.18704223632812,71.55141786163219,68.78006183058952,70.98939229447518,7616268
2856,2019-05-16,70.48551177978516,70.81497486429102,69.32270460425426,69.51650580017606,8660893
2857,2019-05-17,70.60179138183594,71.16381696074676,69.90410916963778,70.42737345738338,10183233
2858,2019-05-20,72.88863372802734,73.21809674480392,71.33822447937787,72.1328071164336,6287120
2859,2019-05-21,71.29946899414062,73.1018188408076,71.22194642252761,72.96615696908142,7748239
2860,2019-05-22,70.58240509033203,71.82273471904904,70.4661264876619,71.28008722073949,6972640
2861,2019-05-23,71.57080078125,72.90803121833194,70.97001913977505,72.0940650938992,13966122
2862,2019-05-24,71.95841217041016,72.30725331112728,71.4157645546341,71.95841217041016,7240775
2863,2019-05-27,72.61734008789062,73.48944565151992,71.9584190385766,72.26849891387789,6424176
2864,2019-05-28,73.72198486328125,74.14834849982878,72.7917402744824,72.96615817771092,11255911
2865,2019-05-29,73.70262145996094,74.80728942817854,73.3925363640924,74.1871244936358,8310232
2866,2019-05-30,74.1095962524414,75.15612482822984,72.92741104332713,74.96232362954264,34989609
2867,2019-05-31,73.37315368652344,74.57472218517798,73.02431257586736,74.22587581732785,11849847
2868,2019-06-03,74.82666015625,75.00108333425656,73.64446971494806,73.74137031224197,12106965
2869,2019-06-04,74.78788757324219,75.97007783603844,74.40028524259287,74.63284769242108,11447117
2870,2019-06-06,75.75688934326172,76.80341768285297,75.25300844327649,75.58247145812504,26132949
2871,2019-06-07,74.32276916503906,75.98946248671827,74.09021195209206,75.75690001657773,8783688
2872,2019-06-10,75.31114959716797,75.95069237284004,74.57470624163064,74.78788541445702,11231885
2873,2019-06-11,75.05923461914062,75.85381754087257,74.76853278086874,75.69877761189984,6589306
2874,2019-06-12,74.0902099609375,75.03983257413299,73.76074690852543,74.80727536743589,7509749
2875,2019-06-13,75.1367416381836,75.36930412830745,73.5088147217046,74.10959633543007,11041648
2876,2019-06-14,75.42745208740234,76.33831887815931,74.9429490345736,75.19489482780021,34979466
2877,2019-06-17,75.21426391601562,76.14450861554968,75.03984073483063,76.12513059861533,10860754
2878,2019-06-18,76.66776275634766,77.07474311566436,75.25301524873095,75.46619443557431,17815522
2879,2019-06-19,77.63677215576172,78.10189709376561,76.74528882464666,76.7840448551524,32722391
2880,2019-06-20,77.88871765136719,78.58640510326217,77.24917476335884,77.77243903798161,11459458
2881,2019-06-21,77.48173522949219,78.31507928956988,76.95847096849661,77.98561621729905,16601442
2882,2019-06-24,77.15228271484375,77.81120894955374,76.57087906910944,77.5205071266866,9883389
2883,2019-06-25,78.14065551757812,78.41197928258947,77.13289354969292,77.13289354969292,10375296
2884,2019-06-26,81.2608413696289,81.76472225177446,77.92746057111786,78.08250043814783,31182825
2885,2019-06-27,80.50502014160156,81.35774735274894,79.94299992910288,81.04766759807333,13741562
2886,2019-06-28,80.1949462890625,81.24147473820211,79.3228410005106,80.29184687667937,12067819
2887,2019-07-01,80.25309753417969,81.39652674111156,79.71045521420294,80.33062011868813,11211814
2888,2019-07-02,80.36937713623047,81.0864373474208,79.98177474869242,80.38875515272983,12203723
2889,2019-07-03,80.98953247070312,81.2608562305194,80.11742714482827,80.6988306954115,13693989
2890,2019-07-04,81.47403717041016,81.70659964705142,80.5050312320663,81.00891747432131,12324046
2891,2019-07-05,79.7879409790039,82.17169905193914,79.14839830997896,81.41587255215109,12525923
2892,2019-07-08,78.00499725341797,79.98177037315821,77.65615091796286,79.4585061271691,8948141
2893,2019-07-09,79.36160278320312,79.53602068768805,77.36544646005984,78.27631304079235,6875651
2894,2019-07-10,79.57479095458984,80.02053265927864,78.72206357912033,79.34222846517143,12675299
2895,2019-07-11,80.8538818359375,81.06706105072841,79.8848705893413,80.00115446238594,7808266
2896,2019-07-12,80.11741638183594,81.33836787979268,79.22593316024779,80.85386498606155,6349095
2897,2019-07-15,79.43913269042969,80.13682019053175,78.64454984394051,79.71045648333508,6656137
2898,2019-07-16,80.97015380859375,81.16395499057379,79.18718188293873,79.38098306491877,6627472
2899,2019-07-17,80.62132263183594,81.60970667841885,80.02053573961203,80.93140245820081,6388864
2900,2019-07-18,79.59414672851562,80.97013800634963,79.45849013335935,80.97013800634963,8419638
2901,2019-07-19,79.72982025146484,80.48564692719177,78.60577450225536,79.76858153740861,10869152
2902,2019-07-22,79.10966491699219,80.31123338191118,78.52826132982433,79.84611366649324,9061812
2903,2019-07-23,81.57093811035156,81.78412257200796,79.14842325421313,79.34222444270421,14046808
2904,2019-07-24,81.31898498535156,82.55931450190967,80.83448208938245,81.26084568927385,18181391
2905,2019-07-25,82.6174545288086,83.10195742906356,81.33836897501267,81.39650827160469,28085772
2906,2019-07-26,81.99729919433594,82.94692709091544,81.49341822300408,82.61746402941682,10950941
2907,2019-07-29,80.58255004882812,82.3655219435995,80.05928581510702,82.30738264145126,5948953
2908,2019-07-30,80.71821594238281,81.31899752313603,80.11742910443591,80.54379277006417,10050004
2909,2019-07-31,81.70660400390625,82.92755575707947,80.2143337278454,80.42751819996492,26229893
2910,2019-08-01,82.94692993164062,83.81903528225487,81.31899784094989,82.1523419023203,27069006
2911,2019-08-02,81.6097183227539,82.92757091582544,80.75699604998431,82.539963191773,20863783
2912,2019-08-05,77.96621704101562,81.39649820189287,76.29952411601248,81.39649820189287,18063375
2913,2019-08-06,76.78404235839844,78.5088749187843,76.06698221664956,77.75304823340323,11846580
2914,2019-08-07,77.07474517822266,77.88871117583146,76.39644105641422,77.13288973727525,9432897
2915,2019-08-08,78.5670166015625,80.87325275686354,76.37706430910312,76.764666670855,6595239
2916,2019-08-09,78.29570007324219,80.95077736950567,78.00499829461174,78.87710363050309,9175926
2917,2019-08-13,78.29570007324219,79.61354708492816,76.26078762282904,77.69491324308974,7558090
2918,2019-08-14,79.51663970947266,79.92362006196339,76.648383456413,77.92746907040659,8024154
2919,2019-08-16,81.8422622680664,83.04383069388953,78.41198016394965,79.10966234297277,11894601
2920,2019-08-19,81.21468353271484,82.37181321413911,80.86166263132307,82.0384025160859,8100095
2921,2019-08-20,80.82241821289062,82.72481498399907,80.66552066191124,81.1950545516278,8711658
2922,2019-08-21,80.37133026123047,81.43039796822168,80.13598129076756,81.05776165497342,5649369
2923,2019-08-22,79.52800750732422,80.62629569458689,78.76312462392701,80.21443895440943,5059207
2924,2019-08-23,79.03768920898438,80.25364907481064,78.72388882410702,79.25342265093845,7611285
2925,2019-08-26,79.58683776855469,79.82218674058117,78.11591334361896,79.37109899412047,7846961
2926,2019-08-27,81.0185317993164,82.13643536174561,79.6456690819923,79.6456690819923,18828020
2927,2019-08-28,80.70474243164062,82.86209828257611,80.15559304980083,81.56768157990447,15756988
2928,2019-08-29,80.33211517333984,81.11660829854176,79.88103269038565,80.70475153588455,8660979
2929,2019-08-30,78.64546203613281,81.27351097899017,76.09585921862629,80.54785372843212,15630977
2930,2019-09-03,77.29219055175781,79.39071035208059,76.89994405899405,78.99846385931683,9494810
2931,2019-09-04,77.23336791992188,78.05708676037708,76.60577235956627,77.44910139995764,8565768
2932,2019-09-05,78.1943588256836,79.74373466890296,77.40986580535657,78.05707680327339,14199248
2933,2019-09-06,79.82219696044922,80.15560228330777,78.46894418817392,78.5866160291611,13782929
2934,2019-09-09,79.58683776855469,80.35171527741097,79.1553655398701,79.72412511225212,4769289
2935,2019-09-11,78.99847412109375,79.97909048038365,78.37087858711138,79.62606965507614,7723322
2936,2019-09-12,78.3120346069336,79.23381495380055,77.52754160026957,79.23381495380055,11516235
2937,2019-09-13,79.48878479003906,79.62607214867583,78.07669612440327,78.2532092026769,7223537
2938,2019-09-16,79.29264831542969,80.0183053872955,78.7827246853856,78.84156591514018,6031015
2939,2019-09-17,78.62583923339844,79.50839397311276,78.19436696327901,79.39072213589125,5823968
2940,2019-09-18,79.25342559814453,79.62606190648631,77.76289100514484,78.64544564262238,7206830
2941,2019-09-19,78.90039825439453,79.52799367518145,78.09628979269827,79.52799367518145,6306748
2942,2019-09-20,76.95879364013672,81.9403271112491,76.64499851825533,78.52777988991265,51859153
2943,2019-09-23,73.86004638671875,77.76290178605565,73.11477898689635,77.27259358614822,24586363
2944,2019-09-24,74.703369140625,75.29173893100567,72.56562344083495,73.70314262505147,18234411
2945,2019-09-25,77.95903015136719,79.7829757099638,75.74283268707319,75.89973557742607,48245282
2946,2019-09-26,78.1551284790039,78.99845730443421,77.31179433339051,78.42969780904606,15826874
2947,2019-09-27,77.70405578613281,78.35126682651307,76.89995251561402,77.58638395343684,10034452
2948,2019-09-30,78.07670593261719,78.4493423357023,76.74306853871985,77.27260251987786,9111327
2949,2019-10-01,77.07646179199219,79.48877680502528,76.88033853369383,78.25320134178237,7634447
2950,2019-10-03,78.09632873535156,78.4493549932064,76.29199831611368,77.1549377948392,9432906
2951,2019-10-04,77.09608459472656,78.37088598209212,76.7234482149612,78.07670104654622,19442087
2952,2019-10-07,77.07646179199219,77.42948259289247,76.25274304310229,77.1549079032012,11655995
2953,2019-10-09,77.54716491699219,78.01786292869798,76.64499993477145,77.46871879516429,8504262
2954,2019-10-10,78.09632873535156,78.29245206963273,77.0764916532383,77.62563592518835,6982965
2955,2019-10-11,78.8415756225586,80.11637687435423,78.01785682659228,78.07669274340755,10517558
2956,2019-10-14,77.82173919677734,79.35149974575604,77.54716447149559,78.841581336158,11162487
2957,2019-10-15,78.93962860107422,79.23381347307549,77.7824993097958,77.82172502343268,5013200
2958,2019-10-16,77.88056182861328,78.93962950805955,77.13529454168396,78.84156788293244,6668842
2959,2019-10-17,77.54716491699219,78.35127357697421,77.076472225471,77.95902700728091,7899823
2960,2019-10-18,79.44955444335938,79.72412914464203,77.27258831241862,77.54715769351718,8795448
2961,2019-10-22,80.43016052246094,81.41077673033463,78.84156439377891,78.84156439377891,10675241
2962,2019-10-23,80.90087127685547,81.19505618593226,79.35149529431065,80.41056309506081,5777589
2963,2019-10-24,80.05753326416016,81.29311408157464,79.86141000046693,80.95970346925937,5428181
2964,2019-10-25,79.60645294189453,80.56745908765978,78.90041130186826,80.56745908765978,3993616
2965,2019-10-27,79.37110137939453,80.13598423142103,78.84157282665124,80.01831240196341,388417
2966,2019-10-29,78.86119079589844,79.58684800288478,78.25321075014975,79.33188880047999,5943950
2967,2019-10-30,78.42970275878906,79.95946298614345,78.17474360759391,79.95946298614345,6419057
2968,2019-10-31,77.80210876464844,78.8023405120253,77.60598551851771,78.5669915526317,15582577
2969,2019-11-01,77.39026641845703,77.99824646606481,77.17453293580512,77.84134890411939,8803683
2970,2019-11-04,76.39002990722656,77.91979024829025,76.1154552192632,77.62560536269402,15175738
2971,2019-11-05,76.64500427246094,77.07647658757946,76.05663438462247,76.39004505176791,8153818
2972,2019-11-06,76.5273208618164,77.07647030182926,76.37042330189179,76.64499802189822,9183411
2973,2019-11-07,76.1742935180664,77.21374574902455,75.95856005661275,76.88034045772055,15498054
2974,2019-11-08,75.17405700683594,76.64498128527592,74.86025663532543,76.58614537817498,11762251
2975,2019-11-11,75.2132797241211,75.74281354477223,74.66413570722429,75.17405933162976,10089055
2976,2019-11-13,74.23267364501953,76.23313206277253,73.86004262418292,75.31135695005067,9456977
2977,2019-11-14,73.74235534667969,74.5856895479338,73.31088846812038,74.52684831887255,19380370
2978,2019-11-15,73.6050796508789,74.095387800587,73.25205352694194,73.74236167665003,18256039
2979,2019-11-18,74.78181457519531,74.91909659245769,73.21282859337526,73.6246852855296,11766437
2980,2019-11-19,76.66460418701172,76.88034297571528,74.60530985589622,74.91910495923062,22218922
2981,2019-11-20,76.9195556640625,77.33141768111632,76.09584227032212,76.86071975310728,9597590
2982,2019-11-21,76.9980239868164,77.25298320368722,76.09585896706278,76.80190069381041,12107895
2983,2019-11-22,77.95903015136719,78.92003109376216,76.88035204120756,76.88035204120756,16199814
2984,2019-11-25,77.90016174316406,78.60620854299509,77.58636671225001,78.05706457880403,6529113
2985,2019-11-26,76.25275421142578,78.21398708166046,76.05663092440231,78.0766997167071,21594044
2986,2019-11-27,76.5273208618164,76.88034702187737,76.13507430191264,76.46848494186774,12155700
2987,2019-11-28,76.93917846679688,77.56677399017684,76.17429559139877,76.95878866557769,6724188
2988,2019-11-29,75.8212890625,76.84113131518455,75.350591001204,76.64500800967541,17547179
2989,2019-12-02,75.07600402832031,76.48809256216816,74.68375750892835,76.48809256216816,19957065
2990,2019-12-03,74.29151916503906,75.35058169183286,74.17384200416119,75.35058169183286,7451455
2991,2019-12-04,73.89927673339844,74.52686701242425,73.62470199618606,74.31113351903223,10311154
2992,2019-12-05,73.4677963256836,74.0953918556939,73.15399590058632,73.93848898305318,4569931
2993,2019-12-06,73.19320678710938,73.80119199493153,72.89902194079698,73.52661734363339,5388071
2994,2019-12-09,73.7227554321289,74.07577625481275,72.78136479824393,73.35011909029451,5459781
2995,2019-12-10,71.68307495117188,73.72275919553138,71.46734147079236,73.72275919553138,10563080
2996,2019-12-11,71.29083251953125,71.89881791613408,69.93758499841807,71.78114074896025,39214905
2997,2019-12-12,72.46756744384766,73.87965611459555,71.01625837350532,71.6830743290082,63493233
2998,2019-12-13,72.8401870727539,73.56584410136051,72.56561241754605,72.8401870727539,12987237
2999,2019-12-16,73.33049774169922,73.70313402687567,72.7421280199575,73.03631288082836,8479418
3000,2019-12-17,73.76197814941406,74.07577324121497,72.80097203547479,73.48740345395026,17903634
3001,2019-12-18,73.4285888671875,74.13463068890711,73.01673202454866,73.36975293540846,10099352
3002,2019-12-19,73.11477661132812,73.40896152171423,72.52640679055591,73.3893460022446,5749401
3003,2019-12-20,72.9970932006836,73.52662705804507,72.60484668710973,72.82058546168565,9690984
3004,2019-12-23,72.8794174194336,73.54623326420997,72.46755541042297,72.82058150962737,17045076
3005,2019-12-24,73.40896606445312,73.50702770731681,72.76175496540513,73.13439133636096,3748896
3006,2019-12-26,72.50678253173828,73.54623469244567,72.192987459889,73.46778858457517,3925143
3007,2019-12-27,74.15422058105469,74.33072831538074,72.76174230261388,72.76174230261388,7122947
3008,2019-12-30,74.64452362060547,75.11521620023238,74.01692819425291,74.13460000911381,6925363
3009,2019-12-31,74.62491607666016,75.40941443354427,74.23266955831005,74.33073118789757,11907723
3010,2020-01-01,76.68421173095703,76.84110926630694,74.62491229382368,74.74258943547385,13620373
3011,2020-01-02,76.5273208618164,77.15491642169934,76.23313594188858,76.7038339418469,5673692
3012,2020-01-03,75.70360565185547,76.40964731584397,75.01716886716616,76.19391384078757,7358268
3013,2020-01-06,75.7428207397461,76.0762313488781,73.74236240513808,75.31135381988771,7355290
3014,2020-01-07,75.19368743896484,76.29198105455478,74.97795394814105,75.76244710776898,14023712
3015,2020-01-08,74.74259948730469,74.89949704375512,74.0757782221599,74.64453784950013,9451757
3016,2020-01-09,75.68399047851562,75.86050355541263,74.97794881129629,75.29174392557502,7714854
3017,2020-01-10,75.37018585205078,75.97816580430413,74.91909811695169,75.97816580430413,4118638
3018,2020-01-13,76.40965270996094,76.48810415380207,75.23291297345227,75.46826198479096,27682638
3019,2020-01-14,76.58615112304688,77.01761802094111,76.19390461937307,76.40963806832018,5994314
3020,2020-01-15,76.19390869140625,76.80188867651948,75.66437481910997,76.64499113070161,7114590
3021,2020-01-16,77.05684661865234,77.54715476659092,76.13506623649103,76.13506623649103,8552344
3022,2020-01-17,77.42949676513672,77.60600453780188,75.9585720586695,76.86073708389546,4698386
3023,2020-01-20,80.27326965332031,82.76403609200915,79.72412559538654,80.175208024397,49337827
3024,2020-01-21,78.6846694946289,80.13598375699536,78.05707931432511,79.88102458122394,17283910
3025,2020-01-22,78.46892547607422,79.37109022899995,75.72320018607721,78.64543851564733,56787054
3026,2020-01-23,79.2142105102539,81.35195638033247,76.05662784509126,77.17453159990129,226059260
3027,2020-01-24,77.25297546386719,77.7236734479972,76.19391297985108,77.0568521905104,16151679
3028,2020-01-27,75.70360565185547,77.05685306119749,75.42903093797975,77.03724286171393,8213919
3029,2020-01-28,74.703369140625,75.70360097638255,74.1738352652456,75.70360097638255,9174575
3030,2020-01-29,75.46825408935547,76.01739817823817,74.23267323913919,74.70337121257246,17600091
3031,2020-01-30,76.25275421142578,76.58616486340262,75.07601448928499,75.46826106333192,26386034
3032,2020-01-31,73.29127502441406,76.68421148124867,72.60484365433273,76.60576005373736,63986362
3033,2020-02-03,73.4874038696289,74.13460957524417,69.60416431575327,70.95741164200628,16329297
3034,2020-02-04,76.23312377929688,76.60576007982709,73.74235745725962,73.87964479535937,14207381
3035,2020-02-05,74.27189636230469,76.76266285435572,73.7423624907373,76.13506735176415,14550344
3036,2020-02-06,75.66439056396484,75.99780124332158,73.9973424873663,74.50726094742828,9175642
3037,2020-02-07,74.68376922607422,75.62515995627307,73.95811198731386,75.62515995627307,18058457
3038,2020-02-10,73.19320678710938,74.95831586498373,72.46754976883551,74.80141834432042,30471811
3039,2020-02-11,74.33072662353516,74.99754779185699,73.78158259560259,73.93848012927138,32456571
3040,2020-02-12,74.27189636230469,75.27212819086174,73.95810127110089,74.54647105724598,16386952
3041,2020-02-13,74.74259948730469,74.97794848207252,73.62469575229575,74.05616802267272,18581113
3042,2020-02-14,72.21260070800781,75.0760034704004,71.93802601840035,74.72297734942397,23830630
3043,2020-02-17,72.01646423339844,72.87940853935497,70.82011470576963,72.56560819165128,17670292
3044,2020-02-18,72.56562042236328,73.09515427571597,70.93779846739183,71.62422986094951,30879880
3045,2020-02-19,73.5462417602539,73.72275483024686,71.78113234106107,72.9578719538563,22313738
3046,2020-02-20,74.23267364501953,74.8014332560125,72.91865199235333,73.54624220011694,25907657
3047,2020-02-24,72.9970932006836,74.21305845679933,72.58523648950457,74.13460702601103,14921452
3048,2020-02-25,73.01670837402344,73.62468833912129,72.70290797253436,72.99709285632697,17807428
3049,2020-02-26,72.8990478515625,73.89927987665051,72.15378037338135,72.56563717653317,17113656
3050,2020-02-27,73.13439178466797,73.62470000199191,71.11432299333023,72.60485784592117,28472046
3051,2020-02-28,71.19275665283203,72.68329656467046,70.27097630159496,71.9576394660292,28010970
3052,2020-03-02,71.97724914550781,73.42856333235153,71.29081776635972,72.07531077110039,19540018
3053,2020-03-03,75.19368743896484,76.37042717840673,71.40850900779704,72.09494052247148,16039306
3054,2020-03-04,77.29219055175781,77.66482684795679,73.95809536326593,74.80142425867129,16939245
3055,2020-03-05,76.8607177734375,78.27280620091044,76.31157375169346,76.89994348645855,9715265
3056,2020-03-06,74.76219940185547,75.54669239637035,73.8011986756849,74.722973688093,14371982
3057,2020-03-09,70.97703552246094,73.977720743966,69.80029580264055,72.52641161496497,69609292
3058,2020-03-11,71.15353393554688,72.13415023983342,69.52571193446799,70.40826660832589,42604599
3059,2020-03-12,65.15216827392578,69.78067538572063,64.62263437312431,69.11385945005351,58418097
3060,2020-03-13,65.85820770263672,67.70176853344275,58.64087256874244,63.857749322869,44617540
3061,2020-03-16,64.23554229736328,66.24862376201712,63.035831705568654,66.04528242279903,39669086
3062,2020-03-17,65.88262176513672,69.27842381625649,63.34085458854825,63.66619858075645,35460792
3063,2020-03-18,58.62331771850586,67.0619824578759,49.6762941655971,66.69596918683543,119909061
3064,2020-03-19,59.84336853027344,61.775111154508416,56.976252483659046,59.13167387923949,44039786
3065,2020-03-20,63.95087432861328,65.82161594558498,60.290729845141996,60.290729845141996,131485883
3066,2020-03-23,62.22247314453125,63.3815200078609,57.56595376146493,57.56595376146493,39665620
3067,2020-03-24,59.90437316894531,63.93053060200765,59.131677179325166,61.836115900989114,42302851
3068,2020-03-25,61.104087829589844,63.8288584140871,60.331386342357206,60.392393155760544,23309603
3069,2020-03-26,64.39822387695312,65.76060652356603,59.88404475603346,61.24643291863355,25329120
3070,2020-03-27,65.06925964355469,67.61102695197619,63.70687126304315,64.49990486966588,28883749
3071,2020-03-30,63.300167083740234,65.02856826887135,62.24279113787453,63.03582447627036,22364337
3072,2020-03-31,64.70323944091797,65.8012794929367,63.605193872911734,64.41855932595709,24838523
3073,2020-04-01,62.8731575012207,65.86227066862521,62.28346543206672,64.66256011949996,14182117
3074,2020-04-03,63.52384948730469,65.25225092173476,61.71411482437599,62.85282415125276,21066826
3075,2020-04-07,64.25586700439453,65.84192803271704,63.6051737446765,65.47591479787118,24741992
3076,2020-04-08,64.39822387695312,66.16728922786533,63.13750639042786,64.21521445362356,21481260
3077,2020-04-09,66.87899017333984,67.7940262675491,64.39822454806396,65.43526324843955,15607786
3078,2020-04-13,65.04889678955078,67.06197791797305,63.95085705076348,66.69596467171063,14901247
3079,2020-04-15,64.88624572753906,66.65531675570666,64.43889360883185,65.65894183294914,25249654
3080,2020-04-16,66.45196533203125,67.79402148512389,64.05253862412164,64.33721319042357,31150756
3081,2020-04-17,68.2210464477539,70.45780152643557,66.79765685222921,68.18037707039852,18536308
3082,2020-04-20,67.30599212646484,68.81072007086823,65.9436042064217,68.81072007086823,24177042
3083,2020-04-21,66.14695739746094,67.50934556208804,65.94361604500875,66.69598015227929,13915863
3084,2020-04-22,65.96394348144531,66.18762226350161,63.68652490187207,65.06924490118064,19702407
3085,2020-04-23,64.25586700439453,65.84192803271704,64.09319506846147,65.67925609678396,32128585
3086,2020-04-24,64.72356414794922,65.10991490142551,63.34084413527583,63.849197486698905,33134279
3087,2020-04-27,64.90656280517578,65.67925866809789,64.11352950197475,65.67925866809789,9762001
3088,2020-04-28,63.93052291870117,65.23190954606937,63.767850969276694,65.08956952182814,26134701
3089,2020-04-29,64.27621459960938,65.31325878650634,63.442517277190625,64.86590671662846,14509262
3090,2020-04-30,65.90293884277344,66.47229345880903,63.93052685509072,64.9065696437078,18702868
3091,2020-05-04,64.68289184570312,65.679266575739,64.09320529436458,65.43525587491526,12598146
3092,2020-05-05,66.55364227294922,67.44834645931365,65.15058468887484,65.65893808658478,18305545
3093,2020-05-06,67.26532745361328,67.77368077895224,66.16728206448649,66.24862080293536,12853774
3094,2020-05-07,65.78094482421875,67.10266363038775,65.4759327920259,66.55364086924317,8561359
3095,2020-05-08,64.66255187988281,66.1266103868217,64.29653863214457,66.1266103868217,30898767
3096,2020-05-11,64.58123016357422,66.04528905618747,64.3982262494897,64.7845715232153,9453421
3097,2020-05-12,66.41127014160156,67.10263263495241,64.13384691666407,64.45919624364642,19986028
3098,2020-05-13,67.77368927001953,69.90877350393845,65.90294769519787,69.72576959348063,27175817
3099,2020-05-14,65.39459228515625,66.69597912724443,65.06924833262778,66.69597912724443,26454121
3100,2020-05-15,64.98789978027344,65.78093312938061,64.35754389887072,64.74388909470305,20009870
3101,2020-05-18,62.83250427246094,65.15059274299516,62.344482743933696,65.00825818683045,32898286
3102,2020-05-19,64.27621459960938,64.78456797083717,62.62915188322614,63.03583458020838,12276533
3103,2020-05-20,64.43888854980469,65.33359271697687,63.34084854389768,63.544189898619784,24677051
3104,2020-05-21,64.62189483642578,65.00824559802561,63.84919882921312,64.07287210214756,17176100
3105,2020-05-22,63.38151550292969,64.25588219172013,62.669820788520965,63.8491994977723,25080927
3106,2020-05-26,63.99154281616211,64.54056006827693,63.23917869068784,63.50352135207411,18512685
3107,2020-05-27,63.91019821166992,64.21521021978434,63.34084356638705,63.991536953561834,22655078
3108,2020-05-28,63.95087432861328,64.39822642423503,63.46285285775547,64.39822642423503,25797051
3109,2020-05-29,64.07288360595703,64.52023574813163,63.686538290978774,63.950880983540316,63844851
3110,2020-06-01,64.60154724121094,65.49624563195398,64.13385784870214,64.47953915430121,45314328
3111,2020-06-02,67.12297821044922,68.46503411481396,64.49987872116574,65.00823197676168,43626060
3112,2020-06-03,66.91964721679688,68.11936329120694,66.6349726594022,67.30599795695922,13811685
3113,2020-06-04,68.83106231689453,69.11574240830119,67.14333024466463,67.18399961714944,23992166
3114,2020-06-05,69.72576141357422,70.8848081077822,66.9196466225486,67.9160213545489,22851633
3115,2020-06-08,70.09178161621094,71.12882030399003,69.4817575608145,70.53913369336577,11723588
3116,2020-06-09,69.35973358154297,70.78312823467301,69.13606035210042,70.76279079455082,8412588
3117,2020-06-10,69.15641021728516,69.64443168302066,68.56672358850774,69.35975157534372,10101681
3118,2020-06-11,69.5427474975586,72.51153405821515,68.26169829378954,68.3430315116242,22109491
3119,2020-06-12,67.63134765625,68.89206513512704,67.34667307455982,67.52967698079198,20331770
3120,2020-06-15,66.39095306396484,67.50933024876741,66.12661046893598,67.18398636503741,13833335
3121,2020-06-16,66.16726684570312,67.61099326719385,65.65891363728781,67.38732006188523,13972830
3122,2020-06-17,64.86590576171875,65.80127374461323,64.3982217702715,65.41492849775986,28371013
3123,2020-06-18,67.2856674194336,67.63134328083765,64.86590329368428,65.35391919471833,19720997
3124,2020-06-19,69.70543670654297,70.0714555833681,67.12300021820957,67.44834971805551,21577413
3125,2020-06-22,72.633544921875,73.10122890468728,69.40041538176132,71.7388408118096,33039735
3126,2020-06-23,76.2326889038086,76.86304486616095,72.816555415086,73.8129246948038,34298071
3127,2020-06-24,72.59288024902344,76.61904348893097,71.98285618430863,75.94801260495485,32910525
3128,2020-06-25,72.93856811523438,74.54496716764615,70.90515438609934,72.55221730030361,40909792
3129,2020-06-26,72.87755584716797,74.05693452951274,72.45053571867261,73.58925054533997,11954078
3130,2020-06-29,72.49122619628906,73.32492925218828,72.0438740097076,72.38955549552001,7547198
3131,2020-06-30,71.10846710205078,73.18254937310363,70.76278580421105,72.79619871387354,11889584
3132,2020-07-01,70.53910827636719,71.33213595304262,69.90874700333342,71.16946403341575,15209917
3133,2020-07-02,71.21015930175781,71.9015221067022,70.19345253918502,70.55946587051378,15481100
3134,2020-07-03,72.22686004638672,72.95888664805177,71.21015336852595,71.57616666935849,22720042
3135,2020-07-06,72.3895263671875,72.67420642118574,71.49482787002479,72.55219831976379,11724475
3136,2020-07-07,70.39676666259766,72.59285131712338,69.82741219897767,72.59285131712338,20855578
3137,2020-07-08,69.03439331054688,71.0271371035893,68.64804260386103,70.35611186417522,16818545
3138,2020-07-09,69.76643371582031,70.15277895280559,68.9327309109822,69.33941359159,16110083
3139,2020-07-10,70.19345092773438,70.66113492458366,68.9327334678893,69.78676823204158,23809286
3140,2020-07-13,68.77005004882812,70.84413255491198,68.40403678681007,70.19343924688758,10803798
3141,2020-07-14,66.431640625,68.6480581614891,66.28930056838442,68.5260555506686,16288923
3142,2020-07-15,66.51296997070312,67.63134739644525,66.32996606517398,67.12299402110793,15061461
3143,2020-07-16,65.96394348144531,66.89931694861495,64.86590356257682,66.89931694861495,15458966
3144,2020-07-17,66.41127014160156,66.63494883814906,65.74024508392853,65.74024508392853,13711930
3145,2020-07-20,66.49263000488281,66.79764199321733,66.02494605930052,66.41129126826569,8390572
3146,2020-07-21,70.6204605102539,70.94580995317384,66.73664325004655,66.73664325004655,33717545
3147,2020-07-22,73.06056213378906,73.77225685522404,70.6814727634961,70.7628059934964,46076322
3148,2020-07-23,73.91459655761719,74.23994602406074,72.16586317093626,72.3895364473767,18738194
3149,2020-07-24,74.01626586914062,74.524619229863,72.65387775920723,72.99955914769585,14438899
3150,2020-07-27,73.56891632080078,73.83326449019319,72.69454961369706,73.73159381457678,11938756
3151,2020-07-28,73.97560119628906,74.3619519813753,72.6742198197634,73.28424389138124,11893746
3152,2020-07-29,73.91459655761719,75.03297397179355,73.40624318753703,73.73159265398058,13335993
3153,2020-07-30,71.92185974121094,74.52462815668076,71.41350631959622,74.21961610371194,23995122
3154,2020-07-31,72.51153564453125,72.93855021646719,71.65750098467295,71.82017293988729,14354565
3155,2020-08-03,72.61318969726562,72.99953481303288,70.80345012998245,72.79619353652849,12500988
3156,2020-08-04,72.49122619628906,72.8165757483431,71.41351787133497,72.32855417825631,9628257
3157,2020-08-05,71.55583190917969,72.3691972192658,71.23048247555333,72.00318393292436,10577794
3158,2020-08-06,71.53547668457031,72.28784051257492,71.33213540759529,71.84048860003284,8564058
3159,2020-08-07,71.55583190917969,72.3691972192658,71.27115184425493,71.49483061412053,8026904
3160,2020-08-10,72.08452606201172,72.71488756481577,71.67784335671384,71.92185408309001,7766140
3161,2020-08-11,71.92185974121094,74.1586147963157,71.39317438912668,72.45054509329519,21833550
3162,2020-08-12,72.40986633300781,72.97922094486604,70.43745435979667,71.65750232062997,19435650
3163,2020-08-13,72.69454956054688,73.32491105850006,71.73884410725391,73.18257100954372,10641012
3164,2020-08-14,71.3321533203125,73.4672372647061,70.80346807380965,73.4672372647061,17130105
3165,2020-08-17,72.65388488769531,74.21961449554036,71.4135047722267,71.57617676042113,17368089
3166,2020-08-18,72.28784942626953,73.16221592188177,71.79983361094416,73.14188399807124,13890131
3167,2020-08-19,72.12519836425781,72.95889573757442,72.00319575410963,72.59288239114244,12400644
3168,2020-08-20,73.69091796875,76.49702726610083,71.75917530170598,72.06418730176556,44062975
3169,2020-08-21,76.90371704101562,77.47307172388798,74.2602794628344,74.4229514413712,49949864
3170,2020-08-24,75.3379898071289,77.53408088982164,74.99230839478007,77.12739817317296,19724617
3171,2020-08-25,75.1346435546875,75.968346379104,74.42294884691066,75.84633826246434,10109220
3172,2020-08-26,75.37864685058594,77.12738555568657,74.87029353793805,76.04967212008387,18000615
3173,2020-08-27,75.3176498413086,76.31402459717974,75.11430850468075,76.00901259223798,10363056
3174,2020-08-28,74.13827514648438,75.94800982940855,73.93493379901062,75.84633915567167,12114955
3175,2020-08-31,72.77589416503906,75.3786625652132,72.38954336048728,74.6262984024473,24259718
3176,2020-09-01,73.36555480957031,74.1382561447155,72.63352835267933,72.81653772489491,16505345
3177,2020-09-02,75.37899780273438,76.16939435293904,72.90380281521357,74.02700177342433,30959608
3178,2020-09-03,74.25579833984375,75.48299698427617,73.90219825226623,75.04619488467647,11884498
3179,2020-09-04,72.82060241699219,74.04779535954013,72.25900296895095,73.71499861228678,17373558
3180,2020-09-07,73.27820587158203,73.611008303588,71.98861407988689,72.82061169638436,13069001
3181,2020-09-08,72.75821685791016,73.21581673518018,72.27981929445109,73.15341803426739,9597878
3182,2020-09-09,72.90381622314453,74.02701538792579,72.13421721337556,72.79981650945535,20122483
3183,2020-09-10,73.88140106201172,74.23500115194196,72.44620302031907,73.21580188843913,19635358
3184,2020-09-11,72.86221313476562,74.17261400381767,72.42541660664521,74.08941197829691,31182063
3185,2020-09-14,71.34381866455078,73.8398117282539,71.03181953158789,73.8398117282539,14143608
3186,2020-09-15,72.09260559082031,72.34220033353476,71.13580505515247,71.48940513045702,7858789
3187,2020-09-16,71.53101348876953,72.15501169439439,71.0526159929261,71.96780997576897,13201491
3188,2020-09-17,70.01261901855469,71.30221654322231,69.8462206120304,71.28141885828627,10765947
3189,2020-09-18,71.51022338867188,71.96782328589681,69.59662740904228,70.34542877968653,23788415
3190,2020-09-21,70.92781829833984,71.42701915730474,69.74222049005719,71.135817715851,13331596
3191,2020-09-22,70.2206039428711,70.90700639691279,69.26380907109203,70.2206039428711,9039386
3192,2020-09-23,68.18221282958984,70.67820539936504,67.72461306332886,70.67820539936504,8404497
3193,2020-09-24,66.28942108154297,68.66061065031542,65.93582100376669,67.49581636835818,20770480
3194,2020-09-25,66.87183380126953,67.59983180767642,66.43503161201801,66.97583351647052,8761400
3195,2020-09-28,69.95022583007812,70.32462368482847,66.97583503630348,66.97583503630348,16915185
3196,2020-09-29,67.93260955810547,70.47020302470574,67.59981281987831,70.30380465559216,13468026
3197,2020-09-30,67.57902526855469,67.9118277267938,66.68462888878805,67.78702468907461,14349950
3198,2020-10-01,68.47342681884766,69.05582406382135,67.72462552472831,68.5358255161046,14856837
3199,2020-10-05,67.74542999267578,69.22222363611803,67.45422854411329,68.22382753616091,10360105
3200,2020-10-06,67.8910140991211,68.3902148895699,67.32942026279687,67.84941873520414,8989183
3201,2020-10-07,66.39344024658203,67.8910317219776,66.14383978656744,67.8078353302034,17614061
3202,2020-10-08,65.85263061523438,67.01743074509125,65.72783322098148,66.64302727764186,12953710
3203,2020-10-09,65.72783660888672,66.28943619666279,65.18703470710969,66.01903242460146,11980039
3204,2020-10-12,66.47661590576172,67.7246121742661,65.95661746055156,66.22701552359199,20670634
3205,2020-10-13,66.74703216552734,67.39183379878175,66.227033578554,66.5598360596244,11179799
3206,2020-10-14,65.3326416015625,66.89263746907594,65.02064242805982,66.74703672630544,13362234
3207,2020-10-15,64.79183959960938,65.33263586257058,64.3134420373982,65.14543976032047,15536883
3208,2020-10-16,66.12303161621094,67.05902904098481,64.62544025044919,64.93743939204049,18673957
3209,2020-10-19,66.45582580566406,67.55822150679364,66.31022509592736,66.53902218098156,18793008
3210,2020-10-20,65.39501953125,66.72621783886711,65.27022215843657,66.55981946100107,13701957
3211,2020-10-21,68.11981964111328,69.11821562112549,65.41582747231014,65.56142817909927,36573148
3212,2020-10-22,68.6814193725586,69.0142161528929,67.05901955198067,67.45422066567934,39056262
3213,2020-10-23,70.7822265625,71.30222517228498,68.51503600924511,68.68143443590711,29149043
3214,2020-10-26,71.57262420654297,71.94702205223652,70.57422242823264,70.74062084383581,36760149
3215,2020-10-27,72.17581176757812,72.9454107084679,71.34381413252864,71.57261686757428,23610507
3216,2020-10-28,71.9054183959961,72.6126186892596,71.36462215456784,72.6126186892596,14060472
3217,2020-10-29,71.38540649414062,72.09260665519076,70.82380703005309,71.15660942915967,17654072
3218,2020-10-30,71.13580322265625,71.55180197292306,70.42860309026501,70.92780384752285,22904945
3219,2020-11-02,71.98860168457031,72.55019546513245,71.53100194581926,71.78060231626019,13423596
3220,2020-11-03,74.85902404785156,75.17102323455845,72.32142953416621,72.38382824303832,27441682
3221,2020-11-04,73.67341613769531,74.87981170283628,72.65421667408644,74.85901401678126,19461431
3222,2020-11-05,74.48460388183594,74.79660297525703,73.46540458638916,74.04780176563958,10248002
3223,2020-11-06,74.23501586914062,74.6510147298028,73.67341627877755,74.15181384006992,8815864
3224,2020-11-09,76.5645980834961,76.83499617019251,74.50540180337579,74.83819858048757,15228920
3225,2020-11-10,77.3342056274414,77.72940113916815,75.5246095489379,76.25260751734255,13815795
3226,2020-11-11,78.89420318603516,79.45579711853848,76.5022041609612,76.5022041609612,15502357
3227,2020-11-12,78.831787109375,79.43498760781362,77.85419447323225,79.2477858966169,26079694
3228,2020-11-13,78.56140899658203,79.01900890733974,77.45901305862897,78.45740927333465,11968619
3229,2020-11-14,78.2077865600586,78.99818874575732,77.79178778541484,78.62378533470235,1162700
3230,2020-11-17,77.70860290527344,78.72779666843387,77.31340175399275,77.79179928709625,16872514
3231,2020-11-18,77.1261978149414,78.91499037142495,76.85579408508329,77.70859499781898,16685757
3232,2020-11-19,78.95657348632812,82.0349627345022,74.2141837976253,74.25578479604863,64832376
3233,2020-11-20,79.80937957763672,80.70378141896894,78.66538299600592,80.49578204049061,27479934
3234,2020-11-23,81.01580810546875,81.49420571058872,79.2478071433364,79.8718111338424,20909280
3235,2020-11-24,80.91178131103516,82.24297395633967,80.39178286153864,81.11978069083376,15308572
3236,2020-11-25,81.24459075927734,82.13898710372533,80.51659281620535,80.91179395652536,19854793
3237,2020-11-26,82.2221908569336,82.84618910699194,80.22539307133971,81.18219377350302,24879552
3238,2020-11-27,80.03820037841797,82.22219434630728,78.49900237268159,82.22219434630728,46793847
3239,2020-12-01,80.01739501953125,81.72299139391926,79.72619921661087,81.05739212070134,18193922
3240,2020-12-02,80.76618957519531,81.2029860642836,78.85259394032556,80.22538774232727,15836732
3241,2020-12-03,80.47499084472656,81.16138776867544,79.45579147965285,81.1197924005868,21308517
3242,2020-12-04,80.84938049316406,81.93097844354149,80.1837869627883,80.7869818049844,14838659
3243,2020-12-07,80.49578857421875,82.05578403942883,80.07978978349607,80.28778917885741,22078115
3244,2020-12-08,79.70539855957031,80.95339512278635,79.49739913236763,80.7038003240196,15896364
3245,2020-12-09,80.16299438476562,81.01579537869186,79.49739512281828,80.24619640838853,18701467
3246,2020-12-10,80.18379974365234,81.28619555169074,79.66379554635056,80.28779945464362,13612880
3247,2020-12-11,80.32939910888672,81.22380118498376,79.93420357145257,80.70380260229744,14876364
3248,2020-12-14,80.82859802246094,81.95179719044934,80.20459973854419,81.53579833450483,20316890
3249,2020-12-15,80.20459747314453,80.994994148645,79.60139689212433,80.87019675232483,16084083
3250,2020-12-16,81.6189956665039,81.88939379753346,80.10060095317267,80.99499737535307,35024972
3251,2020-12-17,82.51542663574219,83.41187038121976,81.78973270133284,82.51542663574219,23058726
3252,2020-12-18,82.77155303955078,83.15574155632234,81.98182866125089,82.51542543173791,20310375
3253,2020-12-21,79.18578338623047,82.47274202740381,78.73756438511406,82.38737001237473,21609326
3254,2020-12-22,81.23479461669922,81.55495268464355,78.97234079595525,79.16443795268009,23934507
3255,2020-12-23,81.08538818359375,81.83242369226134,80.67985230578734,81.74704588959818,9836093
3256,2020-12-24,81.10672760009766,82.06720759009022,80.87194733380997,81.21344695566398,12945145
3257,2020-12-28,81.76840209960938,82.08856020946052,81.10673853197919,81.19211634389804,6879688
3258,2020-12-29,80.97867584228516,82.23796669626202,80.67985929696637,81.78974187828383,8549660
3259,2020-12-30,81.19210052490234,81.38419766934449,79.74071853433523,81.106722729618,19132583
3260,2020-12-31,81.04270935058594,81.53361730214762,80.27433219074125,81.32017855886893,23272111
3261,2021-01-01,80.89329528808594,81.06405090241628,80.46641783205217,80.67985656006906,3074621
3262,2021-01-04,80.44507598876953,81.27748934102983,80.25297881827991,81.10673372730749,7133203
3263,2021-01-05,80.25297546386719,80.89329161887393,79.4845983938174,80.89329161887393,10478882
3264,2021-01-06,83.7320327758789,84.35100159672953,79.82609952512655,80.25297696980803,54265234
3265,2021-01-07,84.1162338256836,86.14390198942256,83.45457600400117,84.5217697743901,40129922
3266,2021-01-08,86.89093017578125,87.08302735393318,84.32966534653572,84.84192062834333,29487917
3267,2021-01-11,86.89093017578125,87.5099048254741,85.99448632756607,87.08302735393318,12726089
3268,2021-01-12,86.9549560546875,87.40318085011498,85.35416562079499,85.82373197271598,31454127
3269,2021-01-13,87.50990295410156,88.19290805194044,86.48539241239519,86.99764768324837,23792586
3270,2021-01-14,87.5525894165039,88.57709999738836,86.9122731983993,87.91543643140912,12024674
3271,2021-01-15,86.65613555908203,87.83004841178463,86.44269685859065,87.06166561607847,13530190
3272,2021-01-18,83.56128692626953,86.22927108229396,83.04903165235437,85.90911298357102,26118654
3273,2021-01-19,85.22610473632812,85.37551300153072,83.34784511778449,83.47590603658902,19382828
3274,2021-01-20,83.7320327758789,85.631633930774,83.30515533119741,85.37551209588183,21158179
3275,2021-01-21,83.30516052246094,84.3936957582738,82.87828305117806,83.86009891917018,12509109
3276,2021-01-22,82.89962768554688,83.79607156649108,82.38737817493337,83.24113314918567,16720401
3277,2021-01-25,81.19210052490234,84.00949250064745,80.93597292894457,83.00632946058504,9393599
3278,2021-01-27,82.10990142822266,82.96365638429808,80.80792743616617,81.10673819685475,18874916
3279,2021-01-28,79.95417022705078,81.51227182000319,79.31385402803777,81.51227182000319,16072463
3280,2021-01-29,78.73757934570312,80.67986977278169,78.11860461712801,80.55180883095781,13415015
3281,2021-02-01,80.63717651367188,80.87195680746264,77.90515605921794,78.73756944610567,9485240
3282,2021-02-02,82.89962768554688,83.51860235783838,80.7652402499161,81.53361741078459,10803602
3283,2021-02-03,88.15023040771484,89.64430171700513,83.02770020443384,83.02770020443384,73411707
3284,2021-02-04,87.65929412841797,88.64111563927622,87.16838626793654,88.1502077787948,23523019
3285,2021-02-05,88.40634155273438,88.91859100338505,85.90910738738796,87.7873669528987,28755118
3286,2021-02-08,90.73281860351562,91.09566557704832,87.80870704960492,88.15021246759274,28436890
3287,2021-02-09,89.96443939208984,92.8245204210151,89.64428132720548,89.64428132720548,27738169
3288,2021-02-10,89.83637237548828,91.35179068453581,88.36364875614949,89.87906127530148,34189378
3289,2021-02-11,91.24507904052734,91.6932980517034,88.9399419446722,89.15338067187908,20504448
3290,2021-02-12,90.77552032470703,93.486193546414,89.87907643699103,93.486193546414,25066544
3291,2021-02-15,90.69013977050781,91.97077799276273,90.30595119877951,91.35180333449756,8599603
3292,2021-02-16,96.28223419189453,98.13915813407269,91.05298518495024,91.09567408992496,80200957
3293,2021-02-17,98.20317077636719,98.69408443859291,94.85218767965056,96.2608808419712,39034960
3294,2021-02-18,100.9565658569336,101.72494314712776,97.54154538514183,98.60873928257676,44291912
3295,2021-02-19,99.12097930908203,100.78580616300958,97.64824964288351,99.67591773379351,36335681
3296,2021-02-22,96.02610778808594,99.84666327895994,95.44982207299657,99.22768866092025,25800846
3297,2021-02-23,96.51702880859375,97.79765554179777,95.89805410646969,96.36762052291931,18293559
3298,2021-02-24,95.08697509765625,97.41345951490528,94.59606718839062,96.5383572689226,11421326
3299,2021-02-25,97.13599395751953,99.37709486263977,94.25456527403082,95.49251455652826,30696079
3300,2021-02-26,91.47985076904297,97.00791560265948,90.15652962614179,94.55337046933629,38070699
3301,2021-03-01,97.00791931152344,97.66957701332316,92.80317546004984,92.84586436111015,31441940
3302,2021-03-02,96.06878662109375,97.90435725711555,95.34309846285299,97.75495478828955,18223787
3303,2021-03-03,97.11463928222656,98.2458691129344,95.49250735086159,98.18183286599188,19350542
3304,2021-03-04,96.11148071289062,98.16049596481702,95.21503690204133,95.21503690204133,22865747
3305,2021-03-05,94.01978302001953,96.47432839662567,93.63559446687778,96.47432839662567,17342685
3306,2021-03-08,95.71540832519531,97.34580894834922,94.34587298114464,94.71543163512479,15749448
3307,2021-03-09,93.91108703613281,96.5632062110581,92.71546007093627,95.86756752463623,12585004
3308,2021-03-10,93.54153442382812,95.19367714704795,93.04154611302192,94.78063999199485,10661165
3309,2021-03-12,95.67192077636719,96.04147939550717,93.65022537365046,93.78066094940174,18173078
3310,2021-03-15,97.4544906616211,98.47620944260184,95.54148867209955,96.08495548145181,30092241
3311,2021-03-16,97.58492279052734,98.78054972891161,97.17188567119777,97.88926065482991,14767699
3312,2021-03-17,95.84583282470703,97.82404965980727,95.36758085117958,97.80231334614379,12571132
3313,2021-03-18,96.10668182373047,97.17187901834109,95.71538694099307,96.08494551240848,14232655
3314,2021-03-19,100.08488464355469,100.91094720888294,95.28063397851496,96.47626109153042,70334403
3315,2021-03-22,97.19364166259766,101.91094143280586,96.60670212796629,101.91094143280586,29180881
3316,2021-03-23,95.21541595458984,97.38928336022042,94.99802921402679,97.19363293491656,38455903
3317,2021-03-24,96.10668182373047,97.34578719989197,94.3023733832807,94.36758821423831,24398959
3318,2021-03-25,94.0849838256836,97.12839754989714,93.62847412584816,96.10667890594144,20272124
3319,2021-03-26,93.30241394042969,96.51973652561942,92.23721655146485,95.36758797851,25184863
3320,2021-03-30,96.23712921142578,97.25884801198322,93.6502247905455,94.30238497426399,53328751
3321,2021-03-31,93.7589111328125,96.12842864833141,93.32413770956073,95.6066981816325,20694060
3322,2021-04-01,95.0849838256836,95.36758540175511,93.36762626056868,94.19369467408256,11229344
3323,2021-04-05,93.10675048828125,95.21540275890823,92.75893411038052,93.56326611839188,14484908
3324,2021-04-06,90.95462799072266,95.21541144202183,90.65029010655358,93.56327465083983,25301732
3325,2021-04-07,91.54158020019531,93.99805515377287,91.10680670710094,91.69375210217693,22841720
3326,2021-04-08,90.86767578125,92.82415633086607,90.65028905351487,92.15025393669177,20468881
3327,2021-04-09,90.56332397460938,91.93285905852416,90.43289430832868,91.04157591262505,11773021
3328,2021-04-12,87.45470428466797,89.84595832552569,86.30255578983501,89.84595832552569,18544315
3329,2021-04-13,90.75897216796875,91.04157370271173,88.01989616963473,89.19378672563384,19831072
3330,2021-04-15,90.34593200683594,91.91111739604945,90.01985196312444,90.38941052539579,10159348
3331,2021-04-16,91.23723602294922,93.38936112766591,90.1068238391928,90.21551720499644,22020846
3332,2021-04-19,87.47645568847656,89.99814574110832,86.95473098230667,89.4981514559961,18404990
3333,2021-04-20,88.56336975097656,89.43291663071345,87.6720865580431,89.12857876100085,14467660
3334,2021-04-22,88.45468139648438,89.08510527876494,87.47644110142369,88.69381034013917,11626459
3335,2021-04-23,91.80242156982422,92.56327498461086,88.6937930830942,88.82422273826108,38318040
3336,2021-04-26,93.82412719726562,94.10673464367882,90.51984795782312,90.51984795782312,19139358
3337,2021-04-27,94.19369506835938,95.86757411408692,93.82413643795314,93.93282980589659,15270611
3338,2021-04-28,96.04149627685547,96.38931864300368,94.04153683673205,95.12847067408244,16383579
3339,2021-04-29,95.71540832519531,97.2371155734723,95.23715629633824,96.99799250754026,14761969
3340,2021-04-30,95.67192077636719,96.65016105803583,94.1936921967997,94.67194418056954,16897105
3341,2021-05-03,95.99799346923828,96.88928252868409,94.23716345678383,94.56324352553406,15528063
3342,2021-05-04,94.80237579345703,96.3893036670228,94.21543633007522,96.25886808861041,20857434
3343,2021-05-05,94.86759185791016,95.80235358735204,94.2589043159552,94.80237112342051,23178237
3344,2021-05-06,93.65022277832031,95.38931656420239,92.86763293347029,94.97628532825075,18823613
3345,2021-05-07,93.28065490722656,94.258895064652,92.82414519255803,94.06325057136192,12509591
3346,2021-05-10,95.58496856689453,95.71539824421247,93.45457982308318,93.65022433906009,17845577
3347,2021-05-11,97.12841033935547,97.91100608111132,94.95454310724301,95.65018180091745,22995780
3348,2021-05-12,98.2370834350586,102.17178065700553,96.97623575788955,97.12840763930569,55645370
3349,2021-05-14,99.49790954589844,99.99790366387118,97.32404848471812,99.01966353269385,18820793
3350,2021-05-17,99.30228424072266,100.43269049261836,98.73707521778249,100.4109541789251,10996347
3351,2021-05-18,101.345703125,104.28043550550775,99.34575010955501,100.38921103569038,52885042
3352,2021-05-19,101.62832641601562,103.47611374016188,100.60661343672902,101.82397684442824,28081040
3353,2021-05-20,99.54141235351562,102.1500531853151,99.30228930273105,101.7370160281498,10707136
3354,2021-05-21,99.10662841796875,99.67183151305466,98.25881787834787,99.1501010429815,21702883
3355,2021-05-24,100.43268585205078,101.91092023067421,99.30227965238636,99.5631389926215,22028927
3356,2021-05-25,101.2587661743164,101.93266267209552,100.49791262656923,101.30223880230804,9165363
3357,2021-05-26,98.08489990234375,101.65003810221111,97.8022983829932,101.38917879018993,18322114
3358,2021-05-27,99.2587890625,99.82399212719578,97.0631857377298,98.56315633579493,51194207
3359,2021-05-28,98.01970672607422,100.43269717421947,97.73709924730662,100.43269717421947,15307498
3360,2021-05-31,98.10665130615234,98.51968844204966,97.28058293135003,98.25882319290358,13102261
3361,2021-06-01,97.56318664550781,99.12837227790529,97.34579991592463,98.38925503852545,15733731
3362,2021-06-02,98.88924407958984,99.19358784393947,97.43275188790317,97.47623041095198,7995532
3363,2021-06-03,98.3892593383789,100.62834746853342,98.10665775696886,99.58488640333832,10291328
3364,2021-06-04,98.32405090332031,99.19360381331137,97.73710549014805,98.25883605674407,6142487
3365,2021-06-07,102.71524047851562,103.3891368972019,98.6501079639781,98.82401614651084,18058790
3366,2021-06-08,101.75874328613281,103.88913782675196,100.88919641959181,103.88913782675196,22511761
3367,2021-06-09,105.25868225097656,106.73690489533963,101.6500532033605,102.60655714617458,39865778
3368,2021-06-10,105.06304168701172,107.82384861838159,104.45435408618127,107.82384861838159,32690784
3369,2021-06-11,107.08472442626953,108.17165807626036,106.08474782707495,108.17165807626036,29142097
3370,2021-06-14,108.12818145751953,108.60642752827245,105.258681445033,107.80210137455586,18732629
3371,2021-06-15,107.64994812011719,109.34555767570241,107.41081326247023,108.93252049629551,15026686
3372,2021-06-16,105.28042602539062,107.60645941558529,104.7586954928839,107.32386373121716,30706682
3373,2021-06-17,104.28043365478516,106.10647255213858,102.93262899961522,106.10647255213858,22261167
3374,2021-06-18,101.30223846435547,106.51951991721654,100.0413907289868,106.08474646281145,49278209
3375,2021-06-21,102.10658264160156,102.36744201251639,99.30229133133248,100.82399851430178,11719831
3376,2021-06-22,101.75874328613281,103.04132727307764,100.88919641959181,100.88919641959181,10961545
3377,2021-06-23,100.97615051269531,102.60655083978995,100.86745715755568,102.49785748465031,10721151
3378,2021-06-24,100.49791717529297,101.28050707245745,99.17184863972543,100.97616328078645,12964208
3379,2021-06-25,100.36747741699219,101.21528806760607,99.73706530185534,100.62834858317329,7736431
3380,2021-06-28,100.80223846435547,101.08484591102432,100.30225609699747,100.86745919635108,9989595
3381,2021-06-29,102.60655212402344,103.43262635101748,100.71529243851602,101.12831775802904,61089570
3382,2021-06-30,101.0413818359375,103.30220621864993,100.86746773188844,103.106555800091,17437744
3383,2021-07-01,100.34573364257812,101.28050127910103,100.0848742897732,101.1065871812413,15924813
3384,2021-07-02,99.10662841796875,100.47615763367878,98.95445064245608,100.34572796465649,9549992
3385,2021-07-05,100.12834930419922,100.38922045720771,99.28053869639528,99.69357584317001,6849185
3386,2021-07-06,99.4761962890625,100.2153135849305,99.2588095428652,99.73706746089074,5343938
3387,2021-07-07,100.41095733642578,100.62834406816351,99.47618967235952,99.47618967235952,7228897
3388,2021-07-08,100.49791717529297,101.36746412636136,99.80227253804706,100.0413955907938,8740010
3389,2021-07-09,100.10661315917969,100.62834367209373,99.99791979373863,100.45442956979407,2990856
3390,2021-07-12,99.5631332397461,100.75876010237664,99.21531687486844,100.30225038635075,5578309
3391,2021-07-13,99.41096496582031,100.82397849805669,99.25878720134344,100.17181840625528,8264289
3392,2021-07-14,99.97618103027344,100.62834120694342,99.32402085360347,99.41097790262306,9228746
3393,2021-07-15,100.17182159423828,100.62833131423112,99.69356376864006,100.43268092166747,5376823
3394,2021-07-16,101.67179870605469,102.82395316307398,100.21531224362106,100.71530647077712,15903784
3395,2021-07-19,101.36746978759766,102.01963003732122,100.65008879530735,101.67180180227986,13725925
3396,2021-07-20,100.56311798095703,102.73698518268174,100.41095199443005,102.12830944258945,14178067
3397,2021-07-22,101.41092681884766,101.95439361000993,99.43271005781384,101.95439361000993,10378326
3398,2021-07-23,101.30223846435547,101.71527560483725,100.88920132387368,101.62831855515928,6660369
3399,2021-07-26,101.17179870605469,102.32395296302123,100.88919127125652,101.49787876436783,12963701
3400,2021-07-27,100.80223846435547,102.10657054637899,100.28051978432696,101.30223262569756,10832912
3401,2021-07-28,99.1718521118164,101.04138755725573,98.86751420648295,100.86747344335905,13828088
3402,2021-07-29,97.04144287109375,100.60658775767234,96.89651837809451,99.12835321148584,28609665
3403,2021-07-30,99.21531677246094,100.40369061659513,97.50520646352503,97.99794741323853,34142169
3404,2021-08-02,99.12834167480469,99.70803957933572,98.14285405770354,99.4181906270702,9575755
3405,2021-08-03,101.12828063964844,101.56305400747837,99.18629528880457,100.02686420966522,20959435
3406,2021-08-04,101.59205627441406,102.37464607522047,100.78047686121397,101.82393779161178,23323277
3407,2021-08-05,101.56307220458984,101.88191078238458,100.4326659632895,101.59206181856555,6621382
3408,2021-08-06,101.44713592529297,102.31668280465263,101.18627657907882,101.73698488507952,5340311
3409,2021-08-09,102.28768920898438,102.60652776993084,100.89642369135888,102.60652776993084,16415005
3410,2021-08-10,100.05586242675781,102.08480522368389,99.33123999928421,102.08480522368389,11925263
3411,2021-08-11,102.229736328125,102.60654237360484,100.02689108237116,100.25876083898746,31279965
3412,2021-08-12,108.40350341796875,108.80928721584367,102.20074082768909,102.606524625564,58107755
3413,2021-08-13,107.09917449951172,108.57740868922251,106.43251963368171,106.780335974207,26776843
3414,2021-08-16,104.75141143798828,106.83833342525175,104.57750913503939,106.66441932831826,21308655
3415,2021-08-17,106.22962951660156,106.51947843751998,104.92530937246866,104.95429898215362,15962459
3416,2021-08-18,104.69344329833984,107.82381446416076,104.43258394868165,106.49050451394561,25227527
3417,2021-08-20,103.53404235839844,104.37461138797991,102.63551769172244,102.78044216641057,18720467
3418,2021-08-23,101.82395935058594,104.28767593023353,100.98339014702022,104.05579436394001,13112745
3419,2021-08-24,102.3746566772461,103.93984823493567,101.70800166900712,102.7804523228627,11029463
3420,2021-08-25,101.73699188232422,102.86739818564487,101.47613251816875,102.722473695784,12001351
3421,2021-08-26,100.34571838378906,101.6790284607591,99.47617141028311,101.6790284607591,12115246
3422,2021-08-27,101.07034301757812,101.36019201492937,99.56313059014889,100.75151619688332,8051699
3423,2021-08-30,101.73699188232422,102.22973278905411,100.171812109421,101.56307777689712,14512401
3424,2021-08-31,101.65003967285156,102.63553332725158,101.41815811922888,101.7369967297083,43248333
3425,2021-09-01,101.82395935058594,103.07031244967553,101.24426133184532,103.07031244967553,11817591
3426,2021-09-02,101.88191223144531,102.08480415020745,100.98337571323272,101.67902031268319,13545023
3427,2021-09-03,101.76595306396484,102.49057531080601,101.09929823807461,102.02681235523491,12286475
3428,2021-09-06,100.92540740966797,102.22972775417713,100.28774204448263,101.85292174029979,13950485
3429,2021-09-07,100.28773498535156,100.95438991775036,99.96889642820925,100.92540030565242,12485031
3430,2021-09-08,101.96903228759766,102.41147820033133,100.40572699657274,101.02515007418853,25370295
3431,2021-09-09,102.35247802734375,102.73593351547673,101.40859590417112,101.7035598177946,5078350
3432,2021-09-13,102.58847045898438,102.82444403378007,101.88054973459732,102.79494283613764,7522483
3433,2021-09-14,102.7064437866211,103.29637167971153,102.35248945118958,102.58846300884849,8434427
3434,2021-09-15,104.94818878173828,105.59710715152008,102.4999852937241,102.64746728695248,20064238
3435,2021-09-16,105.86256408691406,107.1604127568542,105.18415655725487,105.56760011676148,16214883
3436,2021-09-17,105.4791259765625,106.4230083293897,104.26976883561449,105.92157195464856,21219226
3437,2021-09-20,104.41722869873047,105.71506515854756,103.2963633913724,104.53520946703648,7833069
3438,2021-09-21,103.7683334350586,105.24315337585784,103.50285864444548,103.85682503192963,9481007
3439,2021-09-22,104.2697525024414,104.6826972164572,103.70932581883235,103.70932581883235,9165634
3440,2021-09-23,105.15464782714844,105.44961177617269,104.41723795458779,104.41723795458779,10295913
3441,2021-09-24,103.91580200195312,105.89205806684473,103.70932963734305,105.18414938757765,7093411
3442,2021-09-27,103.82731628417969,104.50573580805036,103.29637874366722,104.1222802508961,5205649
3443,2021-09-28,108.5172348022461,111.43738517304598,103.88630308533122,104.3287490201087,38873626
3444,2021-09-29,115.06543731689453,115.80284716383153,107.63233645807887,108.2517655303513,53686662
3445,2021-09-30,112.02731323242188,116.80572693383786,111.2899033401628,115.00644199588007,23618199
3446,2021-10-01,113.17765045166016,114.1510337601146,111.87981404179575,112.55823343872535,16994903
3447,2021-10-04,113.05968475341797,113.88558621616369,112.11580251118595,113.26615711857592,10757286
3448,2021-10-05,112.05679321289062,115.09492411960828,111.70283889413325,113.05967778516852,17200858
3449,2021-10-06,110.67047882080078,113.3546557408181,110.16904247368618,113.23666295189344,8929507
3450,2021-10-07,111.08343505859375,113.00070084902222,110.6704783024635,112.67623568364235,6733699
3451,2021-10-08,110.72947692871094,112.17480767946032,110.31653214399138,111.49638810275064,8165175
3452,2021-10-11,114.12152099609375,115.09490420584626,111.67333038037607,112.08627501379299,12982042
3453,2021-10-12,114.06256103515625,114.82947213269838,113.05968837109126,114.3870261922966,8539966
3454,2021-10-13,117.6316146850586,120.64024429392212,114.5344934990288,115.09492015089386,33075614
3455,2021-10-14,120.7287368774414,121.49563588101184,116.9531962378157,118.10355074422777,19185455
3456,2021-10-18,120.22732543945312,123.85537286390137,119.25394188567529,123.7668932698341,38546365
3457,2021-10-19,117.18917846679688,120.81723741294427,116.21579504191142,120.34529029720777,16174177
3458,2021-10-20,114.65247344970703,118.13305011056569,114.06254560895513,117.98556815037772,21909934
3459,2021-10-21,114.47551727294922,116.42227220081206,114.1510521172483,115.77335389152444,16946547
3460,2021-10-22,114.71147918701172,116.21580018312117,112.82371464478133,115.56688187186163,7705870
3461,2021-10-25,113.64960479736328,115.03593286998927,112.38125749606644,114.71146774566459,7862419
3462,2021-10-26,112.32225036621094,113.82655898591457,111.90929372389348,113.62008666581147,8525850
3463,2021-10-27,112.2337875366211,113.1776698145614,111.23091486670596,112.17479714464626,9862679
3464,2021-10-28,109.66759490966797,112.73521507411618,109.2841393885836,112.49924152251707,11095238
3465,2021-10-29,109.1661605834961,111.2898985819793,106.95393100130242,110.25752477695558,12988035
3466,2021-11-01,110.75896453857422,111.20141046882152,108.87120003703134,108.90068923111276,5475153
3467,2021-11-02,109.4316177368164,112.8237029227285,109.22514538679218,111.28989289126041,10946890
3468,2021-11-03,108.5172348022461,110.49350291261017,107.95680808570692,109.43162786829855,13957727
3469,2021-11-04,109.1661605834961,109.6380956930959,108.69421347178266,109.1071581929467,830214
3470,2021-11-08,111.58486938476562,112.29277809373332,108.90069252587728,110.67047630041085,11947323
3471,2021-11-09,110.0510482788086,112.29276696988195,109.31363844580162,112.29276696988195,10381150
3472,2021-11-10,108.78270721435547,110.02155340454689,108.28127089952963,109.69708825854049,13857851
3473,2021-11-11,107.45536804199219,109.28414210870568,106.59996539641831,109.13666013554953,8851354
3474,2021-11-12,107.36688232421875,108.36975499563219,106.36400965280531,108.36975499563219,9590673
3475,2021-11-15,111.08343505859375,111.34889782873033,107.36688426399428,107.48486505025174,24821341
3476,2021-11-16,110.67047882080078,112.8827085893487,110.02156048911631,111.49638033481493,23206330
3477,2021-11-17,112.70572662353516,114.32802829855424,110.31651390129802,110.31651390129802,18359498
3478,2021-11-18,113.56111907958984,114.71147366682332,112.70572843801762,113.17766354980745,10742933
3479,2021-11-22,114.56397247314453,116.2157750925637,113.26613613082351,114.68196523288114,25095721
3480,2021-11-23,119.07695007324219,119.40141523505163,113.94458189157181,114.0035722840514,19671538
3481,2021-11-24,119.9323501586914,122.38054140911545,119.16543906682163,119.28341984921043,18120478
3482,2021-11-25,120.49276733398438,120.93521323606755,118.72298372565167,119.51938394897874,18537454
3483,2021-11-26,119.16545104980469,120.90573377666607,118.45754228005794,120.37480820041371,12814537
3484,2021-11-29,118.13306427001953,120.34529393799743,117.10069042496318,117.39565438069357,16066147
3485,2021-11-30,121.96758270263672,123.58988428634773,118.16255287986876,118.16255287986876,37739647
3486,2021-12-01,122.2330551147461,123.14744815337716,120.7582353763823,122.1150743365225,20332817
3487,2021-12-02,126.53953552246094,127.42442737926136,121.820112286192,123.29493204752605,33758843
3488,2021-12-03,121.58415985107422,127.68991232354281,121.23020544727181,125.74315710157157,47614182
3489,2021-12-06,119.16545104980469,122.70501890276918,118.78199546531046,122.32156331827495,11322446
3490,2021-12-07,121.40715789794922,122.08556533251573,119.253918817233,119.51938155231441,8049102
3491,2021-12-08,120.81721496582031,122.49850674982272,120.07980523580947,121.02368728980105,8788449
3492,2021-12-09,119.87332916259766,121.79059459262318,119.22441095593454,121.23016796007603,5755422
3493,2021-12-10,119.54888153076172,120.49276369292757,119.07693444862237,120.49276369292757,6164402
3494,2021-12-13,120.58124542236328,123.67836639039258,120.16828875869224,121.23016360571847,21648126
3495,2021-12-14,125.21219635009766,125.7431338587187,119.87334407236929,120.40428158099034,48042035
3496,2021-12-15,123.79634857177734,127.21793467182995,122.58700376211766,125.71361395495413,15207306
3497,2021-12-16,122.82299041748047,124.94674057049758,121.70213695041691,124.71076699770518,13410737
3498,2021-12-17,123.85535430908203,124.1798194457715,120.96471728234395,122.82298051321457,15209414
3499,2021-12-20,123.79634857177734,125.44815124120522,122.41002061821037,124.32728600138717,22539246
3500,2021-12-21,121.87908172607422,124.91721231261207,120.81721888170874,124.74022917082854,17566511
3501,2021-12-22,123.06980895996094,123.95519826406392,120.90211456297861,122.00122966458107,14750231
3502,2021-12-23,127.22196960449219,127.9852403753651,123.37509237310881,123.64986488141231,15932489
3503,2021-12-24,125.4206771850586,127.43570491386774,125.08483301874257,127.13039655286371,8975969
3504,2021-12-27,125.84812927246094,126.55034112883156,125.17645322755354,125.42070245016482,8648187
3505,2021-12-28,125.5428237915039,127.40521018164142,124.1384124688879,126.18397646300221,15736206
3506,2021-12-29,124.93220520019531,125.72601207551864,123.77203069896571,123.95522072343468,17172943
3507,2021-12-30,125.39012908935547,129.08436486461707,123.13085240858531,124.93216659273764,87481206
3508,2021-12-31,124.81005096435547,125.90915352650511,124.29102927475468,124.56580180953507,9842223
3509,2022-01-03,125.17642974853516,126.36712740376078,124.65740801223244,125.42067892533326,7410054
3510,2022-01-04,128.5958709716797,130.06135349567322,125.48172837258612,125.97022668826003,14784090
3511,2022-01-05,127.40518951416016,129.05384979766714,127.03882194260636,128.22951965591366,9565107
3512,2022-01-06,125.75650787353516,127.43570384497266,124.96271359540023,126.85562293314219,5615931
3513,2022-01-07,125.29855346679688,127.31359373249428,124.87112670645124,126.36713279069072,11908249
3514,2022-01-10,124.5658187866211,126.55032325258443,124.22997460009233,126.55032325258443,11085710
3515,2022-01-11,124.47425842285156,125.66496888755961,124.260544982427,124.9016977267339,7208789
3516,2022-01-12,125.1458969116211,126.21447621531202,124.77952934924723,125.78704946304744,11018139
3517,2022-01-13,127.00828552246094,129.14544417307928,126.12289619355953,126.76403633492718,20522807
3518,2022-01-14,126.85560607910156,128.01578017165068,126.12287108540069,126.97772443704262,14183654
3519,2022-01-17,126.00077819824219,127.9547594741355,125.6649464013917,127.71051026176995,7574539
3520,2022-01-18,125.26803588867188,126.91669623845063,124.93219168781346,125.93971186735838,8475422
3521,2022-01-19,124.96271514892578,126.64191114123891,122.7644974254126,125.78704524236458,13724367
3522,2022-01-20,131.06886291503906,131.49628958944012,125.4206590530241,126.4587023611565,30170343
3523,2022-01-21,131.3436737060547,133.8777359590999,130.06138088614952,130.61093850126056,29509593
3524,2022-01-24,130.67198181152344,132.96179457691227,129.14543996793086,132.13746446597816,12850189
3525,2022-01-25,133.63345336914062,134.45778337437997,129.4201959364389,130.36665672732377,27389035
3526,2022-01-27,131.19100952148438,133.90826158050174,129.66446760845096,133.11445481651242,28512473
3527,2022-01-28,128.35165405273438,132.80916192803735,127.77157302731871,132.80916192803735,18932049
3528,2022-01-31,131.52684020996094,132.35117027377316,128.96224260551008,129.450740936747,19907759
3529,2022-02-01,130.0308380126953,132.53437674297584,129.02333026659187,132.5038409348387,8622355
3530,2022-02-02,130.67198181152344,132.99233038299585,130.21401925844566,131.19100355373905,9921099
3531,2022-02-03,129.0233154296875,131.28259228112796,128.84012544799072,130.67197557284365,4594389
3532,2022-02-04,128.04632568359375,130.27507927398284,127.67995812341336,129.4507491578196,7329263
3533,2022-02-07,130.45828247070312,130.85518587733574,128.22952865471737,128.87068126720322,7869237
3534,2022-02-08,128.2600555419922,131.5268527268191,127.3135945937857,130.67198677731483,9074237
3535,2022-02-09,127.83259582519531,129.23701911832592,127.43569250991686,128.59586665341243,9833985
3536,2022-02-10,129.48129272460938,131.71003402554956,128.26005916879333,128.26005916879333,19180334
3537,2022-02-11,126.88616180419922,129.4507471078795,126.42819925546853,128.35163202171412,20071130
3538,2022-02-14,123.25299835205078,126.36714154129629,122.88663075738023,126.36714154129629,12109375
3539,2022-02-15,124.22994995117188,124.47419909081864,121.5127108830483,123.34456079585807,19046061
3540,2022-02-16,123.1944808959961,126.14411428187358,122.81792108656333,124.63791334874816,20270061
3541,2022-02-17,123.6337890625,124.79481447721294,123.00620637690355,124.41826741949555,16405551
3542,2022-02-18,122.81790161132812,125.6106516580314,122.53549456723671,123.5082526403513,14600643
3543,2022-02-21,124.35549926757812,124.88894194334415,122.72378700185808,122.8179141807218,10682638
3544,2022-02-22,124.35549926757812,124.5437663935067,120.3703521662423,121.87654024647549,13606058
3545,2022-02-23,124.29273223876953,125.20272185171503,124.0103124232968,124.48099934755136,6493463
3546,2022-02-24,119.93103790283203,123.00619533997158,119.17794385496987,121.75103008140044,13145037
3547,2022-02-25,123.82203674316406,124.19858370286195,120.58998420004221,120.84101976257384,10920938
3548,2022-02-28,131.2589111328125,131.94924948013846,123.0375811385821,123.9161866161598,31938385
3549,2022-03-02,132.35716247558594,133.76922321444027,129.40751682683708,130.38027488754994,20502615
3550,2022-03-03,136.71888732910156,137.66026137006605,132.23166851353034,132.23166851353034,19805555
3551,2022-03-04,134.96163940429688,136.4992116233487,132.38854060281372,135.52645351369532,12794317
3552,2022-03-07,133.54957580566406,135.05576375687528,131.07061699691218,132.10613078951994,17635653
3553,2022-03-08,133.26715087890625,140.20194310852955,131.66682305005443,134.30266463181013,28410490
3554,2022-03-09,130.59994506835938,135.55785048703476,129.65857110664385,135.02440779570293,22830958
3555,2022-03-10,131.07061767578125,132.67095834248204,129.94097670652195,132.41992275991328,16516553
3556,2022-03-11,133.32992553710938,133.6751010932222,130.38029226345967,131.35305045381295,12992850
3557,2022-03-14,133.9261016845703,134.30264861302328,131.5412831907047,133.3298906770049,12598659
3558,2022-03-15,131.5727081298828,134.96165707089125,130.7254740866812,133.80061892732394,14528285
3559,2022-03-16,131.3843994140625,132.9219842654328,131.13336384973684,132.5768087684601,11933774
3560,2022-03-17,132.7650909423828,133.5181848802561,130.38027219211844,133.04749797703545,28464621
3561,2022-03-21,128.5916748046875,135.55783897621396,128.3406392159063,135.55783897621396,17797415
3562,2022-03-22,130.97650146484375,131.47857272093978,128.05825218941825,128.65445063385513,13285297
3563,2022-03-23,131.8551025390625,132.16889384104417,130.7254615128489,131.47855553032463,9408783
3564,2022-03-24,132.26303100585938,132.545438064428,130.53717888122776,131.79234406277803,11188958
3565,2022-03-25,131.5727081298828,132.29443074749975,129.72133160919574,132.26304650700257,9842670
3566,2022-03-28,133.23577880859375,133.51818584528752,130.22337749892907,131.57268251822055,12823578
3567,2022-03-29,132.6082000732422,134.58507492324821,131.60405776239483,134.20852794078039,10470515
3568,2022-03-30,136.2481689453125,137.252298470891,132.9219890938212,133.73783874726638,54218485
3569,2022-03-31,136.0599365234375,136.34234363542419,134.7733868617139,135.27545813658236,10326026
3570,2022-04-01,141.2375030517578,141.67680586965355,135.62062977606968,135.62062977606968,39663961
3571,2022-04-04,142.71231079101562,143.15161358068326,140.60991126640113,141.8336924434774,9907530
3572,2022-04-05,146.2581329345703,147.23087832291944,142.398497314473,144.3126166214702,17167487
3573,2022-04-06,148.51742553710938,149.6470665614636,145.0657212209924,145.1912326342982,17153675
3574,2022-04-07,145.1912384033203,150.5570749788611,144.34400440934053,148.07811593786687,11913911
3575,2022-04-08,145.97569274902344,146.91706653644388,144.72052769912952,146.22672831264205,6746769
3576,2022-04-11,144.90882873535156,147.8270904563584,143.3398721937566,145.91295836833214,12413822
3577,2022-04-12,146.28952026367188,146.63469584521073,143.4653982015616,143.8733294975069,14769907
3578,2022-04-13,144.03021240234375,147.7015682040574,142.80643139117294,147.45053260047843,11015439
3579,2022-04-18,145.0343475341797,145.47366304910966,142.8064367926266,144.03021785008522,19069923
3580,2022-04-19,142.9946746826172,146.44637854392687,142.14744083393552,146.0384473521323,15036942
3581,2022-04-20,142.4612579345703,143.7164232027163,140.23333447633064,143.24573622716156,9814641
3582,2022-04-21,142.61813354492188,143.49675166275492,141.36296845321738,141.89641106355188,11134333
3583,2022-04-22,141.48849487304688,144.4695122822576,141.01780791369782,141.23747204262148,12032249
3584,2022-04-25,139.85679626464844,142.39851120012796,139.00956220888932,140.5471346520002,11042683
3585,2022-04-26,145.34814453125,145.72469158145645,140.7981701514337,142.46126678873114,15389155
3586,2022-04-27,143.90469360351562,146.13260414652743,142.74365559253985,145.19123025754203,12680209
3587,2022-04-28,147.8584747314453,148.2664060212288,144.3753985683758,146.47779796254963,18378146
3588,2022-04-29,142.9319305419922,148.32913809882916,142.49262784958225,147.54465988509705,9026331
3589,2022-05-02,145.31674194335938,146.38362715187031,141.7708980460622,141.7708980460622,12634353
3590,2022-05-04,149.1136016845703,150.27462677335768,146.1639689975755,146.22672469487773,23124643
3591,2022-05-05,146.69744873046875,151.0277716958321,146.13262177529927,149.6157106920094,16481935
3592,2022-05-06,149.61569213867188,150.0863790815778,145.25398547348996,145.25398547348996,17715186
3593,2022-05-09,153.85189819335938,154.66774802512253,147.88986266989485,149.99226211663395,54118806
3594,2022-05-10,152.91049194335938,155.86012484195544,152.18876945211147,154.25979698904897,30997494
3595,2022-05-11,150.11778259277344,155.64051567564204,149.80399123052416,153.1301847776478,15412618
3596,2022-05-12,148.0467529296875,151.81224891212193,145.693317940666,149.99225663363822,26538994
3597,2022-05-13,148.2978057861328,150.52571684044528,146.28953336781623,150.52571684044528,15074553
3598,2022-05-16,147.607421875,149.30190254974758,146.22674526730995,147.7957017615944,7960529
3599,2022-05-17,149.77261352539062,150.18054483298732,146.06987305122493,147.41917840641278,15470937
3600,2022-05-18,143.0260772705078,149.52155463490004,142.52400608260666,149.050867684318,19181550
3601,2022-05-19,143.27713012695312,144.1243641864382,139.103702775324,139.95093683480906,15085602
3602,2022-05-20,143.747802734375,146.2895046582164,142.3043576159952,144.81468807008113,15148281
3603,2022-05-23,140.95504760742188,145.59916134179153,140.7040120169856,145.59916134179153,11572501
3604,2022-05-24,142.4612579345703,144.12435446850404,140.95505705915485,141.20609266642433,16336858
3605,2022-05-25,141.1119384765625,143.96744428069564,139.66850622478756,143.33986170995868,11062614
3606,2022-05-26,142.58677673339844,143.77918635348817,140.51576159469712,142.4612653073688,14150454
3607,2022-05-27,141.01780700683594,143.49676597105312,140.20195727679805,143.4653817333513,8430491
3608,2022-05-30,143.24574279785156,144.28125674521138,140.7667963868344,140.89230781212564,9305758
3609,2022-05-31,146.1639862060547,147.5760470184975,143.21434040358724,143.2457246400328,26351545
3610,2022-06-01,143.84193420410156,146.22675331392682,143.18298010116132,145.6933106301558,10282009
3611,2022-06-02,141.55126953125,143.96746014113126,140.92368689137427,143.96746014113126,10071898
3612,2022-06-03,141.8336639404297,143.15158481278476,141.2060813566225,141.8336639404297,16082518
3613,2022-06-06,141.08058166503906,142.74366543570062,140.2961033701227,141.8336757208782,12693293
3614,2022-06-07,141.20608520507812,141.99056345621744,140.39022271661295,140.5471183668408,9103195
3615,2022-06-08,140.9236602783203,142.14744108768969,139.98228649628265,139.98228649628265,11240130
3616,2022-06-09,141.1119384765625,141.6453811080489,138.69574813286528,141.01779853731193,9468041
3617,2022-06-10,140.86090087890625,142.74364856417495,139.35471294525124,139.35471294525124,9019239
3618,2022-06-13,139.5430145263672,141.5199026379211,139.0095717707296,139.22922316796823,10186775
3619,2022-06-14,140.547119140625,142.6495310798138,139.32333816939038,139.54298952727856,17023962
3620,2022-06-15,139.48023986816406,142.02195463333464,139.2605885007521,140.73540513131965,5898563
3621,2022-06-16,135.77749633789062,140.766785793069,135.33819361423008,140.1705746473,11883333
3622,2022-06-17,132.63958740234375,136.12267613515405,131.9492490572304,134.42819535911062,19675226
3623,2022-06-20,130.69407653808594,132.35717298284698,129.50166704364213,131.22751919480535,7402273
3624,2022-06-21,132.01199340820312,133.76922974292873,130.09787419637016,131.1961437135236,9459619
3625,2022-06-22,132.20028686523438,132.5768338989995,130.66270172240786,132.29442681572607,10257637
3626,2022-06-23,130.8823699951172,132.8592451768475,129.37616904430197,131.85511546570473,13114525
3627,2022-06-24,131.13339233398438,133.0475245635234,130.38029824562258,133.0475245635234,9499105
3628,2022-06-27,132.7650909423828,133.8947318491927,131.57268156725064,133.8947318491927,17545390
3629,2022-06-28,131.9806365966797,132.76511491033517,130.7568427664561,131.50994960848638,6770087
3630,2022-06-29,132.48269653320312,134.93027145273024,130.8195999360756,131.22753121736378,41502918
3631,2022-06-30,132.98477172851562,134.77337980323003,132.04339771359201,132.73373610422888,22260722
3632,2022-07-01,129.59580993652344,133.61234122427382,128.77994743012692,132.4513159407103,11133663
3633,2022-07-04,132.23165893554688,133.14166143681956,128.68582718597924,128.68582718597924,20178279
3634,2022-07-05,134.39683532714844,135.52647650578947,132.38856306256022,132.41994730427353,20083997
3635,2022-07-06,132.07476806640625,134.39683161111296,130.6627070559962,134.30269165677853,19203527
3636,2022-07-07,133.39266967773438,135.1185216070157,133.11024988293255,133.83197233427182,14069302
3637,2022-07-08,137.3151092529297,137.6916563450266,133.45547283047847,134.30270697974737,17142257
3638,2022-07-11,136.21681213378906,138.8526540180375,135.68335669475215,138.06817574674915,10826079
3639,2022-07-12,133.9888916015625,136.15404656934234,133.76924023454447,134.99302125664587,8503695
3640,2022-07-13,134.58511352539062,135.99717469080687,133.95753078520562,134.6164977696813,10210005
3641,2022-07-14,134.8361358642578,137.59750220211401,133.5809705077961,137.59750220211401,10898403
3642,2022-07-15,131.35305786132812,136.18543931021625,131.03926652651197,136.18543931021625,22067479
3643,2022-07-18,131.94923400878906,133.29853907429063,131.1020001014927,132.01198971151473,15155654
3644,2022-07-19,131.79234313964844,132.73371701921735,131.54130755145664,131.7295874346506,14922395
3645,2022-07-20,131.32167053222656,133.23580273687068,130.85098354107163,132.60822008199742,14181034
3646,2022-07-21,133.23577880859375,133.80059288198132,131.44715834886813,131.76094961994988,12461554
3647,2022-07-22,131.79234313964844,134.27128924856643,131.4785518464588,134.27128924856643,9272199
3648,2022-07-25,130.4744110107422,132.41991430711204,130.16061974461158,131.79233177485082,6635194
3649,2022-07-26,131.22752380371094,132.41993334003394,129.9723585587817,130.47442976403386,11451315
3650,2022-07-27,132.20028686523438,132.41993823758057,131.4158085581397,131.7295998809776,9209354
3651,2022-07-28,134.42820739746094,134.8047672268822,131.82374944258004,132.41994789215943,13192642
3652,2022-07-29,134.27130126953125,136.6875046579683,133.5809629163499,135.8088864047368,15433067
3653,2022-08-01,137.40921020507812,138.1623170136345,134.39682127545612,134.9616481898231,12136557
3654,2022-08-02,139.6999053955078,140.20197665894034,136.40509624576376,138.03680869961553,17748747
3655,2022-08-03,140.3274688720703,141.0491914263347,137.8485226728589,140.1705732197607,12406038
3656,2022-08-04,138.5702667236328,140.70403771149623,137.50336846149824,140.57852627745822,9712267
3657,2022-08-05,140.3588409423828,141.04917919906086,137.34643957189718,139.13504729953561,14099223
3658,2022-08-08,139.26060485839844,142.021971315333,138.75853358688204,141.20610869116953,8392041
3659,2022-08-10,140.2647247314453,141.14334301047282,138.4133609888032,138.53887241372058,8585266
3660,2022-08-11,139.85679626464844,142.39851120012796,139.1350736363343,140.98645018446203,5040626
3661,2022-08-12,143.12022399902344,143.46538678489264,139.32334397705296,139.95092660758021,13279062
3662,2022-08-16,143.62225341796875,144.31259161839836,142.49261257222906,143.8419047406238,11298246
3663,2022-08-17,143.40260314941406,144.94017518750024,142.9005320354845,143.62225447368368,11225465
3664,2022-08-18,145.1912384033203,145.41088976943342,142.93194349664046,143.0574549149333,11360485
3665,2022-08-19,144.5891876220703,145.57148642466726,143.03650180852262,144.77930373212206,9829530
3666,2022-08-22,143.19493103027344,146.26861003517342,143.00481492993597,144.55748777054902,9190493
3667,2022-08-23,144.2089385986328,145.0328008403845,142.08587872529242,142.56118832793314,8903751
3668,2022-08-24,145.4130401611328,145.72991321695886,143.5434942891982,144.08217590538297,13007225
3669,2022-08-25,143.41677856445312,146.39538072037124,142.65627534403134,146.0785076019289,12124365
3670,2022-08-26,146.0467987060547,146.52210833025785,143.60687854719816,143.60687854719816,7966045
3671,2022-08-29,143.8920440673828,145.06447166696526,142.9731045698535,144.6525341607346,7517013
3672,2022-08-30,145.50811767578125,145.9200552639323,144.5574984232475,144.6208704613633,7214498
3673,2022-09-01,143.2899932861328,145.82497773310055,142.59287514193622,142.62456760496238,13109081
3674,2022-09-02,142.0858612060547,145.03278295779026,141.83237309744666,144.17722835724678,6897237
3675,2022-09-05,141.57888793945312,142.9414446968906,140.50151178291273,142.59287916815148,18055474
3676,2022-09-06,142.6245574951172,144.49410323479535,141.95911896751824,141.95911896751824,14103701
3677,2022-09-07,142.212646484375,143.8286915198707,141.35709171339505,141.35709171339505,7866745
3678,2022-09-08,142.212646484375,143.79701194678205,141.61057987250084,143.22663780159567,7187735
3679,2022-09-09,141.2620086669922,143.32168349779923,141.008507647558,143.25831146634005,9162027
3680,2022-09-12,141.9274444580078,142.4027540682404,140.81838870079847,141.6739563140958,8778919
3681,2022-09-13,143.733642578125,144.1772597584034,141.83240398790429,142.14927708627442,11278383
3682,2022-09-14,147.37767028808594,147.7895949649722,142.40275276497007,142.59288176476238,25072958
3683,2022-09-15,150.5780792236328,150.9900167904481,147.25091201209094,147.94803018245628,23606369
3684,2022-09-16,149.34226989746094,151.11675122768267,147.91634118340548,151.08507165908426,29399642
3685,2022-09-19,147.75790405273438,150.89494205333267,146.80728491393523,149.5323853756678,13920046
3686,2022-09-20,147.4727020263672,149.72250568188275,147.0924569716087,148.29657705634102,20162973
3687,2022-09-21,143.8920440673828,148.51838244019928,142.14924245098842,148.20150941903665,14468837
3688,2022-09-22,139.48751831054688,143.48012402047297,138.88546465451574,141.9591307550917,26264530
3689,2022-09-23,128.3652801513672,139.26570812103532,125.54510221662562,138.34678141601478,87162722
3690,2022-09-26,127.28789520263672,132.6747367816336,118.09857721493613,126.74921362345638,167547134
3691,2022-09-27,129.82290649414062,131.755837561623,127.54142275281025,130.42497312031355,54127095
3692,2022-09-28,131.6290740966797,133.34019648852563,128.3652916423786,130.04470867474757,52877873
3693,2022-09-29,131.81918334960938,134.4175396734544,130.58338366314553,132.42123696227702,36761869
3694,2022-09-30,134.48094177246094,138.60029217323546,131.1854666092812,131.1854666092812,62897614
3695,2022-10-03,133.59368896484375,136.03360897938083,132.45294077679105,134.98792528926552,11740863
3696,2022-10-04,132.10438537597656,134.575998043832,131.8192047539005,134.41756149965664,19179333
3697,2022-10-06,130.7418212890625,133.65705067449952,130.29819129748918,132.3578660547736,20692745
3698,2022-10-07,132.70643615722656,132.9282447139057,129.28420463235645,129.28420463235645,14282850
3699,2022-10-10,132.4212646484375,134.3225032673302,131.53403027450057,131.78751844213994,16834226
3700,2022-10-11,132.04100036621094,134.0056107422756,130.90026509636584,133.08668403376723,17807162
3701,2022-10-12,136.60397338867188,136.85746150706953,132.6747399367463,133.371858049534,35288330
3702,2022-10-13,135.5899658203125,137.71302545874897,135.14634873103736,136.22371188704656,16436903
3703,2022-10-14,134.76612854003906,138.1566680440517,134.06901031670174,138.1566680440517,23365190
3704,2022-10-17,134.2591094970703,136.22371983992244,133.72042788761695,134.3224815287241,9520537
3705,2022-10-18,134.57598876953125,136.255418600772,134.0689995992686,134.95623387062773,13256574
3706,2022-10-19,135.55831909179688,137.45955775256934,134.95625244639234,134.98794491484514,11595367
3707,2022-10-20,137.83978271484375,138.15665577855603,134.57598757988762,134.70274454153133,16371066
3708,2022-10-21,137.7130584716797,138.72704984281148,135.62169079267053,136.47724560913798,11634491
3709,2022-10-24,138.69534301757812,139.58259021057617,138.53690647931413,139.2974095991404,1132859
3710,2022-10-25,138.47354125976562,139.04391540431516,135.78011997668094,138.69534984553513,20622687
3711,2022-10-27,141.89578247070312,142.4978362274989,137.74473953616405,138.9805524120711,24298489
3712,2022-10-28,143.733642578125,145.12787905351377,141.45214595498064,141.83240398790429,11669879
3713,2022-10-31,144.5891876220703,145.92005196682655,143.67024796255876,144.46243065510396,11755682
3714,2022-11-01,149.02540588378906,149.50071548395408,145.63486664799828,146.173548282799,15220278
3715,2022-11-02,147.85296630859375,149.9126410781662,147.56777283511008,149.02539398332326,12884449
3716,2022-11-03,144.52578735351562,148.04307008518626,143.67021989781574,147.66282504576185,9358215
3717,2022-11-04,143.32168579101562,145.41304022421622,142.59287518358002,144.4941135193611,8059667
3718,2022-11-07,144.49411010742188,146.9657224642946,143.48011893100153,144.05049299698715,14862038
3719,2022-11-09,138.63197326660156,146.39536376953126,138.18835610958791,146.39536376953126,22831150
3720,2022-11-10,136.19203186035156,139.51919869947938,135.30478479119813,136.88914995268757,16217631
3721,2022-11-11,135.65335083007812,138.06157814907556,135.33647779650502,136.88915050357448,12123886
3722,2022-11-14,137.1458282470703,138.67074967852398,136.4320366410689,136.88626406252902,18460862
3723,2022-11-15,140.1632537841797,140.48770576053195,136.0427163249028,136.26983006795248,15258103
3724,2022-11-16,140.87701416015625,141.10412785269492,138.50851261915182,140.13077214011625,9825807
3725,2022-11-17,141.6557159423828,143.05084866033135,140.32545776714971,140.74724791066137,9449665
3726,2022-11-18,141.68814086914062,141.98015549781425,140.71478517752485,141.68814086914062,5828998
3727,2022-11-21,142.14239501953125,142.43439647410648,140.4876849049843,141.13658876135835,4712051
3728,2022-11-22,141.3312530517578,142.23970781101434,140.7472369908203,141.78548043138608,4366445
3729,2022-11-23,139.61167907714844,141.98018099244246,139.02766291691398,141.623278560637,13510578
3730,2022-11-24,143.2455291748047,143.40775514216008,139.5792196721764,139.77389611379607,7622243
3731,2022-11-25,143.148193359375,143.3428698042659,140.5525778380736,143.24553158182044,10989671
3732,2022-11-28,143.60244750976562,144.18645049542644,142.2073013953864,142.2073013953864,4526153
3733,2022-11-29,142.3370819091797,144.21890604578718,141.81796665900225,143.60245256058116,6476054
3734,2022-11-30,145.35446166992188,145.97091504353256,141.23392488351482,142.337056142181,17317951
3735,2022-12-01,143.9917449951172,145.9060057798789,143.0832771032717,145.35444023189507,13241961
3736,2022-12-02,142.6290740966797,143.73220538088657,141.8179442694738,141.8179442694738,12880949
3737,2022-12-05,143.9917449951172,144.2188586675834,140.94188944406315,142.5641488216513,16477957
3738,2022-12-06,145.03001403808594,145.451804191345,142.36951082811945,143.7646567802918,11299945
3739,2022-12-07,143.44021606445312,145.41936508915808,143.05086315285374,144.60823519329932,5813973
3740,2022-12-08,141.3312530517578,143.95930552300413,140.7472369908203,143.92686825416305,11176439
3741,2022-12-09,140.94192504882812,142.0775069000106,139.96856917638598,141.7206176679722,6020031
3742,2022-12-12,139.8712615966797,141.46107110583637,139.25479487938492,140.1632631140397,8194429
3743,2022-12-13,140.35792541503906,140.68237738021298,138.24898764140846,139.87124746727815,8235450
3744,2022-12-14,142.2397003173828,143.11573096362784,140.35788995636395,140.35788995636395,10055353
3745,2022-12-15,140.39035034179688,143.0184163093379,140.09834887961813,142.43440018299734,5385778
3746,2022-12-16,138.34628295898438,141.590801913951,137.95694332478465,139.51431506356494,11166617
3747,2022-12-19,142.04505920410156,142.23972244311787,138.54097567999548,138.89787808783316,7758862
3748,2022-12-20,141.0067901611328,142.04503352077603,138.80051477065314,142.04503352077603,6541929
3749,2022-12-21,140.1956787109375,141.62326186590627,138.7680823539864,140.84458254537464,7005861
3750,2022-12-22,139.5143280029297,140.81213570528251,138.11918208250387,140.22811959882722,6961415
3751,2022-12-23,137.08094787597656,139.7090139326171,136.56181947896644,138.4760938912057,4554651
3752,2022-12-26,137.4702911376953,139.02766316712876,136.88627497640977,137.24317740885758,6864331
3753,2022-12-27,137.98941040039062,139.64410734535642,137.4378447520687,138.184073639925,13115851
3754,2022-12-28,140.0010223388672,141.7206203869025,137.8920845747823,137.8920845747823,16815549
3755,2022-12-29,140.0010223388672,140.48770028442524,138.54098850219302,138.8978909430626,22536873
3756,2022-12-30,138.67076110839844,140.64992332642663,138.37875962796068,140.195695867527,4643134
3757,2023-01-02,139.54678344726562,139.83878490990375,138.216525224174,139.2223315101197,5959394
3758,2023-01-03,139.9036865234375,140.29302624620527,139.0925566001778,139.67657278532167,2873110
3759,2023-01-04,136.951171875,139.7739011686701,136.5942694531177,139.7739011686701,9954542
3760,2023-01-05,135.49111938476562,137.5027185342271,134.06352309658075,137.5027185342271,21273509
3761,2023-01-06,135.03689575195312,136.46449221933807,134.6800065365944,135.06934622697815,11510471
3762,2023-01-09,135.685791015625,137.53516432893323,132.5386100155064,135.750678759569,52485126
3763,2023-01-10,137.4378662109375,137.85964323010768,135.6209298130311,136.20494602678565,17248326
3764,2023-01-11,137.53517150878906,138.24897633538404,136.33470197621693,137.69739747810917,9164361
3765,2023-01-12,138.54100036621094,138.80056459979997,137.17830464235018,138.57345084615406,21179555
3766,2023-01-13,138.8654022216797,139.7414196420278,138.4111748783823,138.6058380818038,6560245
3767,2023-01-16,139.93612670898438,140.09835268170474,138.02185230969397,139.51433653951472,8362194
3768,2023-01-17,141.72061157226562,141.9152748171908,139.44944796758824,139.93612588287624,13000571
3769,2023-01-18,142.3370819091797,142.85621036134208,140.42282049555266,141.65574066794963,11171369
3770,2023-01-19,143.2455291748047,143.56998110951545,141.88283368941606,141.9801719102259,11586815
3771,2023-01-20,144.86778259277344,145.28957273008058,143.40774894962118,143.40774894962118,10112645
3772,2023-01-23,146.06826782226562,148.14476826002868,145.06247468074105,145.35447616009054,14393610
3773,2023-01-24,143.37527465820312,147.0415833934411,143.08327325887507,146.81446972707704,6150893
3774,2023-01-25,142.3695068359375,143.56997631387168,141.33126331993992,143.21307391681816,5790331
3775,2023-01-27,142.27215576171875,143.69973881696168,140.8121222362279,142.30460623196666,10458603
3776,2023-01-30,137.4702911376953,142.01261852238562,136.62672397315745,141.46105283749858,24288177
3777,2023-01-31,140.5850372314453,142.8886382315483,137.66496958473533,137.9569710686127,20997546
3778,2023-02-01,140.5201416015625,146.00337414995641,138.60586721929528,146.00337414995641,20246369
3779,2023-02-02,138.0218505859375,140.87703031055426,137.1458329845848,140.1632386798959,12820663
3780,2023-02-03,139.4169921875,139.61166862700094,136.52937528079426,138.34629817421057,10815686
3781,2023-02-06,140.84458923339844,141.0392524717838,138.24897377239674,138.50852475691056,6948201
3782,2023-02-07,140.71481323242188,141.59083088913505,139.5792313657978,141.46105538517168,10035526
3783,2023-02-08,140.814453125,141.64472702314268,139.78490808587404,141.3790366730225,12432719
3784,2023-02-09,141.3790283203125,142.10966660479727,140.81444480564573,140.81444480564573,7011082
3785,2023-02-10,142.20928955078125,142.441763505184,140.71479675502988,140.74801311147482,10892159
3786,2023-02-13,143.47132873535156,143.80343829260931,142.14289050632053,142.2093097150576,7710133
3787,2023-02-14,142.8070831298828,144.16873746747945,141.31259039945382,144.16873746747945,6010681
3788,2023-02-15,142.47499084472656,142.93993878937397,141.4786622374208,141.6447170053051,8107497
3789,2023-02-16,142.5413818359375,144.0690908035221,142.1428531746103,144.0690908035221,3963115
3790,2023-02-17,142.010009765625,143.40486678768406,141.47862922695086,142.1428481435093,6491149
3791,2023-02-20,143.33847045898438,144.1355278805453,142.2757092121423,143.2056185463438,6841917
3792,2023-02-21,144.26837158203125,145.29791651016026,143.504530488949,144.5008590593044,6701434
3793,2023-02-22,142.57461547851562,144.33479858586927,141.4786513917807,143.47130845363674,9128659
3794,2023-02-23,141.64471435546875,143.40489756482776,141.2129692643322,142.8070977089134,10345874
3795,2023-02-24,142.84030151367188,143.0727754612154,141.08011845900785,141.08011845900785,9808830
3796,2023-02-27,145.5968017578125,146.09496601589842,142.5081941685362,143.7701994781642,17763618
3797,2023-02-28,147.6226806640625,148.12084494076913,145.2979140394316,146.52671655259377,36559278
3798,2023-03-01,145.3975372314453,147.62266810877364,144.40120876276967,147.15772022881956,12896085
3799,2023-03-02,146.36065673828125,146.79240179922834,143.33846833879232,144.79974476122976,79708558
3800,2023-03-03,147.52304077148438,149.74817177268096,146.3938738495549,146.3938738495549,9951869
3801,2023-03-06,150.87734985351562,151.9733139156786,148.1208382770361,148.78505728276272,15659957
3802,2023-03-08,151.47515869140625,151.67441629686058,149.91423312403964,150.74450693069377,11591495
3803,2023-03-09,149.9806671142578,153.0692748904073,149.7813959935386,152.10616267193055,13941653
3804,2023-03-10,150.47882080078125,151.5415685047437,147.62267367741,147.62267367741,9605434
3805,2023-03-13,150.17991638183594,152.80358959561275,149.71496847740482,151.47515156744336,13209653
3806,2023-03-14,149.58212280273438,151.27588676469392,148.78506535803047,149.54891995878813,9583405
3807,2023-03-15,151.6411895751953,152.80357272148132,149.91420951842954,150.5120092678047,12228069
3808,2023-03-16,154.1984405517578,154.69660479206271,151.6744029954517,152.40504117851825,18437817
3809,2023-03-17,152.57110595703125,155.4272531946693,151.64121012484284,155.39403683770368,33711025
3810,2023-03-20,151.10983276367188,152.37185165210468,149.6485562698472,149.6485562698472,9281411
3811,2023-03-21,148.22047424316406,151.24266261948995,147.75551282971912,150.94376947150914,11272787
3812,2023-03-22,148.85147094726562,149.24999963317276,146.65955641799147,148.1208327708409,7589846
3813,2023-03-23,147.55625915527344,149.11717116182564,146.95845932986157,148.78506164921578,17091298
3814,2023-03-24,147.72230529785156,148.95110772014212,146.65955762218326,148.12083398703095,10371666
3815,2023-03-27,146.1946258544922,150.27957615205824,145.829313446023,148.05444479904062,19983733
3816,2023-03-28,147.52304077148438,148.18725978757712,145.26469341405493,146.95845731051963,8689166
3817,2023-03-29,147.75550842285156,148.58578215755756,146.49350315695438,147.52303447984787,19743258
3818,2023-03-31,149.91424560546875,150.6116810665531,148.1208594392121,148.78507853983638,10202058
3819,2023-04-03,149.18359375,151.01019611084132,148.68542946977053,151.01019611084132,7643214
3820,2023-04-05,149.88104248046875,150.51204521946207,148.58580712851148,150.51204521946207,12019382
3821,2023-04-06,149.61532592773438,151.043399443965,149.21679724062975,150.91054753921694,4282875
3822,2023-04-10,152.13938903808594,152.37186301850372,149.44929629927023,149.5821347127741,4145643
3823,2023-04-11,153.6670684814453,154.09881354970818,151.74083060935985,152.03973727826673,5106602
3824,2023-04-12,150.97698974609375,153.79992060156155,150.81093498988977,153.700285045125,9118795
3825,2023-04-13,153.56744384765625,153.86635053782294,150.77772915419666,150.97700028097447,11428621
3826,2023-04-17,157.18743896484375,159.34615085097062,154.2980888353574,154.49734643978033,21815047
3827,2023-04-18,152.9696502685547,157.75202194959832,152.53790518997843,157.35349322843985,13482833
3828,2023-04-19,152.73716735839844,153.7002931030168,151.87369068901148,152.1061646571706,8264190
3829,2023-04-20,153.3681640625,154.69660201277966,152.5378903435752,153.33494770831516,7308750
3830,2023-04-21,153.7999267578125,154.33129389079224,152.50469149943376,153.96598152066326,5030650
3831,2023-04-24,154.06556701660156,154.29805444029367,152.73712922895743,153.4345644728978,5725067
3832,2023-04-25,154.69659423828125,155.3608131800398,153.20210161932448,153.63384663418134,8338703
3833,2023-04-26,158.2834014892578,159.08045892604767,154.09881616218397,155.46047058973505,13581018
3834,2023-04-27,156.72247314453125,158.28339866016591,155.09514194285038,158.08412754774469,9794457
3835,2023-04-28,157.58595275878906,158.05090063863474,154.82944129338188,157.38668165967252,10585487
3836,2023-05-02,159.47898864746094,160.17642404421662,158.25018612736037,158.5490792896437,6732907
3837,2023-05-03,159.2133026123047,160.74101184935935,158.61551627165585,159.41257373490186,4789217
3838,2023-05-04,158.64871215820312,159.87751465746803,156.0582552459115,159.18009278610884,9189783
3839,2023-05-05,160.11000061035156,160.4088937647334,158.21696558736468,158.61550781130126,3896441
3840,2023-05-08,162.567626953125,163.5639556167805,160.1432245021821,160.64138883400986,8758321
3841,2023-05-09,161.6708984375,163.99566481002157,161.20593705485405,162.10264346653932,9166941
3842,2023-05-10,164.49386596679688,164.69312359246817,162.46799226758452,162.83331818500722,9689409
3843,2023-05-11,165.0916290283203,165.52336054438038,163.79639393943177,164.527032097652,12616726
3844,2023-05-12,160.574951171875,165.7890678763965,160.17642245492783,165.29090360181985,13853807
3845,2023-05-15,161.57127380371094,163.16540212668772,160.97347399339836,161.67090935769141,12187763
3846,2023-05-16,159.8110809326172,162.43475396328407,159.41255225469436,161.77053499555618,11418509
3847,2023-05-17,158.61550903320312,160.67458531393163,157.71880253600864,160.01036628701465,11560929
3848,2023-05-18,156.52320861816406,160.07677753288124,155.82577326912806,160.07677753288124,14497723
3849,2023-05-19,155.2279815673828,157.7520192813121,154.0988146242712,156.5232167812034,10071694
3850,2023-05-22,155.6597137451172,158.74833467476694,154.53054689553622,155.89218768314038,12566129
3851,2023-05-23,155.49366760253906,157.1210122858537,154.9955033448332,155.46046476016755,12458561
3852,2023-05-24,156.6228485107422,157.98448937785818,155.99183234089492,157.95128653538438,8877971
3853,2023-05-25,158.05093383789062,159.61185957718658,156.9549831032497,157.88487905826958,12502747
3854,2023-05-26,157.6191864013672,158.01771512974256,155.95863877182717,157.98449877172325,6811801
3855,2023-05-29,155.75936889648438,158.3166095637124,155.49367857091897,158.21697400242894,13638297
3856,2023-05-30,156.15789794921875,156.68927860144245,155.22798856461293,156.68927860144245,9469926
3857,2023-05-31,155.32762145996094,156.22431447082212,152.77038083136748,156.091476066832,48104157
3858,2023-06-01,154.76303100585938,155.49366922205706,152.8035903105696,154.72981464957155,8804790
3859,2023-06-02,155.8257598876953,156.1578693561318,154.8294314823858,155.42723122828528,6617781
3860,2023-06-05,156.489990234375,158.08411850181312,155.95862315427553,157.0545736691675,27428302
3861,2023-06-06,156.29075622558594,157.41992326552167,155.72615919204617,157.05459736306324,6898603
3862,2023-06-07,158.8811798095703,159.44577677190117,156.85531996242085,157.22063230523295,11153571
3863,2023-06-08,160.50851440429688,163.03253834443177,158.91438619740836,158.91438619740836,19300834
3864,2023-06-09,162.66725158691406,163.06578032287075,160.60817518982836,161.7705585526187,11037141
3865,2023-06-12,160.50851440429688,163.69675730450453,160.20960776412252,162.73364521782676,8188909
3866,2023-06-13,160.90707397460938,161.704131474318,160.37569329908902,160.74101920270576,6443218
3867,2023-06-14,163.72999572753906,164.19494365683383,160.8074292065645,160.8074292065645,10297426
3868,2023-06-15,163.69677734375,164.02888686444217,161.9366076949382,164.02888686444217,9732749
3869,2023-06-16,163.69677734375,164.29457718371012,162.40155561847885,163.66357449982337,9702361
3870,2023-06-19,161.47166442871094,164.9256119407352,161.0067164528483,163.696795765035,10431647
3871,2023-06-20,165.2244873046875,165.85548999147798,161.90339208248272,161.96981128421262,13426365
3872,2023-06-21,171.5013427734375,172.06593974212504,165.22447854180027,165.25769489768905,31172093
3873,2023-06-22,168.41273498535156,171.36850416730525,167.84813801735496,171.36850416730525,7430965
3874,2023-06-23,166.1211395263672,169.14334084199947,165.75582724975774,168.4459056111404,5593393
3875,2023-06-26,165.0584259033203,166.2208091843296,164.16173293211295,166.0547544298997,7305362
3876,2023-06-27,165.755859375,166.08796888004824,164.49384055310264,164.7927337022179,11142907
3877,2023-06-28,166.15438842773438,167.71530040202927,163.69676997706736,166.58613348791903,17808717
3878,2023-06-30,169.4755096435547,172.49769850417792,166.8518360350533,170.37220274476,17659979
3879,2023-07-03,166.38685607910156,169.34262516290318,165.72263709275785,169.0769483792216,12467239
3880,2023-07-04,165.7890625,167.71530033527765,165.5233721927944,167.71530033527765,8637967
3881,2023-07-05,168.21347045898438,168.67841837762825,165.72264908002606,165.8554874814755,5340907
3882,2023-07-06,174.49032592773438,175.088125730562,168.97731633482869,172.66372367738722,16705046
3883,2023-07-07,169.6747589111328,174.3907251991779,169.17659460016228,174.3907251991779,13149183
3884,2023-07-10,166.05474853515625,170.30575280037024,165.0584200439453,169.67473664779465,15319047
3885,2023-07-11,168.37954711914062,169.64156615134772,166.08799655785947,167.38321843796228,7486045
3886,2023-07-12,167.4164276123047,169.20981375600726,166.81862772654648,168.7116494368041,9390877
3887,2023-07-13,161.47166442871094,167.51605568278777,160.54175496341315,167.21716248595786,30591450
3888,2023-07-14,159.44578552246094,162.33513563586462,157.22064093367436,161.4052262796872,72085831
3889,2023-07-17,160.0767822265625,162.70044192401784,158.88118259703552,161.07311074664483,11474161
3890,2023-07-18,160.1764373779297,161.87018796114782,159.146892375791,160.07680181101753,14940593
3891,2023-07-19,161.57127380371094,163.53071447318908,159.7778878863435,160.07678103471463,22954874
3892,2023-07-20,162.23548889160156,163.2982365767138,160.9402672618663,162.03621778845613,10249082
3893,2023-07-21,162.13587951660156,163.59716964392754,160.87386052459297,161.57129598463177,18466409
3894,2023-07-24,164.3610076904297,164.8259691595229,161.30560259261486,162.1026736052439,14825562
3895,2023-07-25,166.81858825683594,167.0510621814124,164.82593145149104,165.35729849144172,10500017
3896,2023-07-26,166.71900939941406,169.80763120056412,166.0547902384602,168.64524766889488,12898171
3897,2023-07-27,166.51971435546875,168.31311394089295,165.855495289809,167.383204546255,10836773
3898,2023-07-28,171.5013427734375,173.46079695875883,166.1211715015241,167.25035192532886,17518458
3899,2023-07-31,176.7154998779297,177.34650262791843,172.1323853095499,174.0254070730885,24269734
3900,2023-08-01,167.25035095214844,174.02537940127374,166.38686083976745,174.02537940127374,31395702
3901,2023-08-02,165.0916290283203,168.57877859186962,163.79639393943177,167.98097882111873,20825405
3902,2023-08-03,165.1912841796875,166.4533031679336,163.46431722851653,165.39055531441085,10882019
3903,2023-08-04,164.29457092285156,165.4237513583173,163.7964066607971,164.72631598601285,7406390
3904,2023-08-07,164.69309997558594,165.3573189930532,163.39787829695294,165.25769695128955,6345966
3905,2023-08-08,163.54188537597656,166.08135564578987,162.9662748703205,166.08135564578987,15171726
3906,2023-08-09,162.7631072998047,164.8962650237864,162.35679482321476,164.55766899704352,18442141
3907,2023-08-10,163.74505615234375,164.32066668486988,162.5599699711099,162.898566022891,9962450
3908,2023-08-11,165.43801879882812,166.7585377491894,164.42223075162494,166.25064372558782,23866073
3909,2023-08-14,165.57345581054688,166.11521496019378,163.0339856294035,165.81047027195208,9188486
3910,2023-08-16,167.97750854492188,168.38382105577912,164.59154799193018,165.64118749685235,9191471
3911,2023-08-17,165.0316925048828,168.48538288626898,164.01590445800622,167.97748886283068,15301142
3912,2023-08-18,163.2032928466797,164.9978546314083,162.59381721332736,164.9978546314083,12292241
3913,2023-08-21,167.40187072753906,167.74046675552964,163.6773144196427,164.08364067523752,9129526
3914,2023-08-22,167.80819702148438,169.39959559790228,167.06327473772876,167.94362992170852,11107830
3915,2023-08-23,169.02713012695312,169.29800969797134,167.40186647835114,169.29800969797134,8487619
3916,2023-08-24,166.79241943359375,171.09258650516654,166.4538233842178,169.29802468797234,18982087
3917,2023-08-25,163.88047790527344,167.53731777105793,163.4741654262991,166.69082769923318,12851343
3918,2023-08-28,168.28221130371094,168.62080730230994,164.25292443138522,164.55765531912175,11908665
3919,2023-08-29,170.0767822265625,171.3295847349331,168.3499370275198,169.0271290620452,12363321
3920,2023-08-30,167.33413696289062,170.38150089948618,166.8939594165478,170.17835157021688,6748007
3921,2023-08-31,165.60733032226562,169.02714209377692,164.93013823552974,167.84205594198912,20715819
3922,2023-09-01,170.787841796875,171.05872139188168,166.04749710553818,167.2664483943139,13120723
3923,2023-09-04,172.95484924316406,173.69975772938707,169.8397686241814,171.73589806388475,10240031
3924,2023-09-05,172.20994567871094,174.03835872237877,171.32959049323668,172.88713773599645,10893186
3925,2023-09-06,172.3453826904297,174.20766089238916,170.75398407334777,173.83519974099406,10018473
3926,2023-09-07,174.03836059570312,174.5123895299023,170.7539818380173,172.00678440197896,13760453
3927,2023-09-08,175.15573120117188,176.95029293746228,174.10607798442433,174.88485161838142,16781751
3928,2023-09-11,179.1173095703125,179.45590561864958,174.44468134775917,176.3069596136131,17683806
3929,2023-09-12,172.7291259765625,184.4219729111432,172.1422179186637,183.29331946615457,29826173
3930,2023-09-13,174.44468688964844,175.70878711010414,172.72913903457652,174.44468688964844,10692151
3931,2023-09-14,176.2053680419922,176.65682941414948,174.89613281823756,175.34759419039486,10941807
3932,2023-09-15,175.25730895996094,177.15343844329055,173.54174749122546,177.1082895508882,20516593
3933,2023-09-18,180.67486572265625,181.03602934750796,175.2573286848256,176.29568443940616,25627043
3934,2023-09-20,184.7831268310547,185.95692910790805,179.18500879241608,179.41073946959915,33369524
3935,2023-09-21,182.0292205810547,185.59576246606275,180.9457023264893,185.09915222897143,20332556
3936,2023-09-22,179.8170623779297,183.20302273235347,177.33402478468557,181.08116251008602,21193988
3937,2023-09-25,179.59133911132812,181.1714540087091,177.60491171012228,180.5845597006853,11951847
3938,2023-09-26,179.09474182128906,180.62970781661915,178.41754972533386,179.77193391724427,7440011
3939,2023-09-27,179.9976806640625,180.22341138283983,178.1466860145863,179.9525317648051,6736870
3940,2023-09-28,181.26174926757812,184.60256081987242,178.59812980470193,180.67485496775242,50185120
3941,2023-09-29,180.3588104248047,182.30008873063954,179.7719161772287,181.44231491591034,16293959
3942,2023-10-03,180.17825317382812,180.58456569113136,177.78549941191525,179.4559121555618,10830728
3943,2023-10-04,179.68165588378906,180.0428195303404,176.43112795478686,179.59135808339622,14120040
3944,2023-10-05,177.51461791992188,180.13308838036264,176.3859644839547,180.13308838036264,14575590
3945,2023-10-06,177.9209442138672,178.28210783041172,175.9345167678546,177.8757953174219,12857229
3946,2023-10-09,177.1986083984375,177.78550273690632,174.9413012850816,177.4243391097731,7853369
3947,2023-10-10,178.7335662841797,179.2753254775464,176.70198997531745,177.1986002729855,7440527
3948,2023-10-11,179.2301788330078,179.81707315193606,178.19182310643976,178.19182310643976,10031916
3949,2023-10-12,181.26174926757812,182.39040274994161,178.19181730655274,178.19181730655274,21872719
3950,2023-10-13,182.2098388671875,182.75158432549344,179.95253168047188,180.9908874753572,13105921
3951,2023-10-16,183.3384552001953,184.06079610864305,180.67483601670705,180.85541779944225,18336656
3952,2023-10-17,187.0404510498047,188.71086372777643,182.93216336386226,183.78993726166863,19378328
3953,2023-10-18,186.4535369873047,188.2142334914897,184.19623024411698,188.2142334914897,14923328
3954,2023-10-19,185.8214874267578,187.26615542591966,182.57096031800728,184.19622387238255,13192888
3955,2023-10-20,183.15789794921875,185.2797582911917,181.3971874435809,185.2797582911917,22081120
3956,2023-10-23,180.3588104248047,185.23458752353375,179.68161839567526,182.39038651219298,6988219
3957,2023-10-25,180.1331024169922,180.99087633966658,178.5981363799682,179.68164100742578,16817158
3958,2023-10-26,179.636474609375,180.58454623259763,177.24373488279608,179.4558928186439,11070090
3959,2023-10-27,181.4423370361328,182.20982694038284,179.81707321257957,179.9073710051415,9995487
3960,2023-10-30,181.35203552246094,182.57097293937926,178.46267176937872,181.4423195288026,7679981
3961,2023-10-31,182.5258331298828,183.24817410409682,181.08116495896292,181.93893883818225,7474770
3962,2023-11-01,181.4423370361328,182.70643724445588,181.0360245246217,182.70643724445588,5598615
3963,2023-11-02,183.38360595703125,183.8802024202315,181.3971649942021,182.1646548005231,12924797
3964,2023-11-03,184.55738830566406,186.4535314243722,183.3835998562326,183.65446563532814,8684015
3965,2023-11-06,187.988525390625,188.6657174948978,185.05402627210958,185.09917516789616,9804415
3966,2023-11-07,187.80795288085938,188.80117352729073,185.77637646748468,187.98853469543525,10730361
3967,2023-11-08,186.9049835205078,189.2525878583378,186.58895509050942,188.71082877191367,7435543
3968,2023-11-09,189.43319702148438,190.06524019537358,186.09238557877748,187.17589013080297,13777877
3969,2023-11-10,190.65213012695312,192.32254269895648,189.2526109086616,190.06523585976686,12066023
3970,2023-11-13,191.6905059814453,194.21869248180155,190.24582404481086,191.41962639613786,11352269
3971,2023-11-15,189.74920654296875,194.12838730242171,189.43319185339953,194.12838730242171,19182861
3972,2023-11-16,190.71566772460938,192.23440615334738,189.33500408657673,190.25544651193184,27533260
3973,2023-11-17,192.8327178955078,193.9372461675644,190.43956160201938,191.17591846500343,16705395
3974,2023-11-20,192.64862060546875,194.39745576065033,192.23442428396135,193.3849774241698,11156900
3975,2023-11-21,192.3264617919922,193.43099000729424,191.40601927176746,193.29292924719584,9608081
3976,2023-11-22,194.765625,195.68606743564303,191.6361122919115,191.6361122919115,13079580
3977,2023-11-23,194.121337890625,196.1463228378234,192.60261322506562,195.17985530299498,11382709
3978,2023-11-24,193.70713806152344,195.2258767447173,192.83272041989983,194.48951987209352,7250200
3979,2023-11-28,193.47698974609375,197.3888699476114,192.83268287481107,197.3888699476114,15629209
3980,2023-11-29,194.2593994140625,194.6275708093564,192.46453928353748,193.56906751425763,10062023
3981,2023-11-30,192.3264617919922,195.87017111279275,191.68215483680254,193.66110063735042,60354322
3982,2023-12-01,193.47698974609375,195.54798514689722,192.78665794582594,194.67356767552528,20719909
3983,2023-12-04,195.96221923828125,197.06676156775268,194.85769095364898,194.85769095364898,27914088
3984,2023-12-05,204.61436462402344,205.4887821646929,194.7196080360259,196.69855373569038,40709207
3985,2023-12-06,206.5472869873047,208.25011119400844,204.7984518924503,208.02000057390455,29544730
3986,2023-12-07,211.70179748535156,213.91085410204553,206.40925254821778,207.09958449653956,24534268
3987,2023-12-08,210.41317749023438,214.83129059813842,208.43421753434825,213.3585909104501,22206320
3988,2023-12-11,212.57620239257812,214.37106254157973,208.52626082330073,209.86089970102816,19106395
3989,2023-12-12,212.94439697265625,214.73925719866443,211.24157257794843,211.70179386896794,14355329
3990,2023-12-13,218.09884643554688,218.6050926168904,212.25404501774537,212.62221639790184,26878281
3991,2023-12-14,213.6347198486328,218.69715383514222,212.7142773056311,218.37499332715618,29972018
3992,2023-12-15,218.467041015625,219.1573729159758,209.07851593498305,216.30399544325704,41341690
3993,2023-12-18,213.40460205078125,218.05282550106932,213.0364166190341,218.05282550106932,29051897
3994,2023-12-19,214.96932983398438,215.75169746347825,212.4841381108706,213.68070202007732,12612164
3995,2023-12-20,209.07850646972656,216.67215702981113,208.20408891116924,216.25796071731955,20400245
3996,2023-12-21,213.8648223876953,214.64719009272403,204.98254375709897,206.59331814636982,17755207
3997,2023-12-22,213.31256103515625,215.5676424744566,212.16200784726436,214.46311422304814,9735375
3998,2023-12-26,214.78526306152344,217.040344378276,212.66824250187983,213.54266006819145,6772092
3999,2023-12-27,215.4295654296875,217.08636470401413,214.00287677554962,216.30398297743727,10231881
4000,2023-12-28,220.0778045654297,220.86017225356414,215.475592124035,216.39603461231394,39164340
4001,2023-12-29,218.3289337158203,219.2954010414445,216.07385265258804,218.88120477184452,12665999
4002,2024-01-01,219.29541015625,220.44596320009182,217.5925860334293,218.9732496860395,5952776
4003,2024-01-02,218.92726135253906,220.9982570447941,217.36249781585343,220.90620717386963,9128513
4004,2024-01-03,218.19090270996094,219.7096272537495,215.93582133939924,217.22443525262355,8284439
4005,2024-01-04,222.24082946777344,223.75956795579253,218.19088825606391,219.06530578531513,19663959
4006,2024-01-05,222.0567626953125,225.50842221907385,220.26190255192432,222.74709460006477,16345257
4007,2024-01-08,223.06922912597656,225.73850656219207,221.27435514679908,223.1152400117303,13585746
4008,2024-01-09,223.02322387695312,225.18625535723046,222.28686705703055,223.29935944002887,8688409
4009,2024-01-10,220.12380981445312,222.83912632118046,219.06530659798605,221.8266339920783,16872195
4010,2024-01-11,222.70108032226562,223.759597720448,220.16986321703357,221.13633073890819,18812468
4011,2024-01-12,220.4459686279297,223.34535675186524,219.8016617164815,223.20729600113967,11296498
4012,2024-01-15,221.96469116210938,222.2868516374899,218.14486061318883,221.27435932472585,12597366
4013,2024-01-16,220.03176879882812,223.1152425558457,218.78916588289573,222.42491072362483,7478450
4014,2024-01-17,220.16983032226562,222.01071521466724,218.7891666529644,219.52552341889248,13620300
4015,2024-01-18,214.87728881835938,216.94828434700142,208.06602025320493,209.17054839284654,25522629
4016,2024-01-19,216.67214965820312,218.09883828143575,213.91082227575447,216.30397829181157,20931080
4017,2024-01-23,219.019287109375,227.16520874234408,217.45453768946598,221.82663950544466,27492163
4018,2024-01-24,226.61294555664062,227.34930238141854,216.3039921442646,217.36249542405656,28309825
4019,2024-01-25,225.9686279296875,228.9140410448544,223.75957160452174,225.2782960724685,20651484
4020,2024-01-29,233.74636840820312,234.71283583531613,225.64647165668347,225.9226072136926,26181011
4021,2024-01-30,233.8844451904297,236.507711936982,231.49128906919466,233.79239532236758,16031367
4022,2024-01-31,238.6707000732422,239.31502098098306,232.31965321129675,233.7923666506527,34369455
4023,2024-02-01,244.65365600585938,249.3939583357497,237.75033582409495,238.39465694359896,29929092
4024,2024-02-02,255.05462646484375,259.0125180425485,242.95081301335696,243.45704516061815,33900724
4025,2024-02-05,260.3931579589844,266.37603375696943,253.02961851531043,255.42277445243923,27440927
4026,2024-02-06,252.4313507080078,260.393172559988,250.63647663209895,260.393172559988,29668277
4027,2024-02-07,246.63255310058594,252.5693897456716,245.57402186547972,250.45238345480502,27335466
4028,2024-02-08,254.22625732421875,265.1334796611176,249.25584481309443,249.25584481309443,69776717
4029,2024-02-09,251.2808074951172,257.21767297400424,247.69108729169366,256.43529121551643,24496638
4030,2024-02-12,248.7956085205078,254.0421422595654,245.0678274514829,251.46491437106388,19140023
4031,2024-02-13,248.74957275390625,249.30184384326517,243.22691803966597,248.79558364065517,22031847
4032,2024-02-14,251.87908935546875,253.1216923723227,245.75815223058243,248.05925852487627,13546941
4033,2024-02-15,263.5769958496094,265.1679211829919,253.93794064424642,254.54622554489833,25475670
4034,2024-02-16,256.9326171875,264.74681867027573,255.7628274014354,263.9045757361734,25129188
4035,2024-02-19,258.6170959472656,260.4419506262549,255.7627921273332,257.4473063225352,11429901
4036,2024-02-20,269.4259338378906,270.22139647444055,259.88046787724045,260.48875275484346,43053543
4037,2024-02-21,262.1264343261719,270.8764654130571,261.3309717620344,269.09836254287427,24651085
4038,2024-02-22,264.466064453125,265.30830733597855,255.71603167391936,262.12648502335446,26793590
4039,2024-02-23,263.8577575683594,266.89921057410527,261.09704264710945,264.4192337373513,14313526
4040,2024-02-26,269.3323669433594,272.7949558513058,263.9513343665326,264.79360579122994,31012494
4041,2024-02-27,273.7307434082031,274.57298613759633,265.8697636683432,265.8697636683432,36510093
4042,2024-02-28,261.6117248535156,274.8069567557171,260.5355241739681,272.7949244314648,18824161
4043,2024-02-29,264.6999816894531,266.7120139777734,256.7921930091932,261.6585288984785,35043015
4044,2024-03-01,269.2388000488281,270.82969685367067,266.3377159749979,266.7120429550009,15149735
4045,2024-03-04,275.7427978515625,277.94200800386034,269.5195229128343,269.5195229128343,23131460
4046,2024-03-05,276.0703430175781,276.4914786933653,271.15722674353646,273.3096281636759,13220556
4047,2024-03-06,274.8537902832031,275.9767712226256,268.1157904093969,271.67193955654477,15969436
4048,2024-03-07,273.8711242675781,279.7200720289706,272.32700777043357,275.134502695902,14908694
4049,2024-03-11,267.2266845703125,273.21602926809254,266.15048401219366,269.8938101686502,19020659
4050,2024-03-12,266.8524169921875,270.1278281072644,264.6064265108556,266.61845905539633,17906155
4051,2024-03-13,247.3402862548828,265.68259175675985,245.00070720003407,265.12108707173326,39389523
4052,2024-03-14,249.25877380371094,251.17721732493757,243.97133052094708,247.10634380305163,26005940
4053,2024-03-15,248.88441467285156,254.5461841841038,241.11699559341076,250.89644681391485,43817794
4054,2024-03-18,247.9017791748047,249.53948443547537,242.84829436802633,248.88441946679507,12423655
4055,2024-03-19,242.38040161132812,249.39913910972564,241.72530802108463,245.32826564879187,20031514
4056,2024-03-20,247.66783142089844,248.13574722881978,242.33360834618392,243.26943996202658,11308487
4057,2024-03-21,256.1839294433594,256.88580322265625,249.96065431212384,250.61571937054396,23559105
4058,2024-03-22,258.05560302734375,260.39518238389263,253.93794907168135,256.1839395421046,22097588
4059,2024-03-26,252.72132873535156,256.5114640995812,249.0248108084402,252.76813745401068,28477120
4060,2024-03-27,252.9084930419922,255.29485222791337,251.92588127351036,253.61036675071188,18094214
4061,2024-03-28,259.13177490234375,261.5649428734951,254.2186588018577,254.54620558708646,26646830
4062,2024-04-01,262.1732482910156,263.53021569655294,259.8336690120322,262.7347530298351,8945400
4063,2024-04-02,261.6117248535156,263.6237857370833,260.62911305030167,261.3309867838303,13229425
4064,2024-04-03,262.1264343261719,264.93392909890633,260.67587822467084,262.173214481992,14499308
4065,2024-04-04,259.8336486816406,268.3029421444806,257.4004807100149,264.6531759073845,23722104
4066,2024-04-05,260.5354919433594,261.9860479487941,257.4940394743239,261.9860479487941,9308711
4067,2024-04-08,263.67059326171875,265.9633924529393,261.14383613503975,262.54758374779067,14473340
4068,2024-04-09,263.1559143066406,266.10377877287465,262.9687365223984,264.70003106901845,5780865
4069,2024-04-10,264.41925048828125,267.03959653328184,262.0328909409394,262.0328909409394,8809693
4070,2024-04-12,257.587646484375,266.19730858078447,257.02614181559807,263.4365939522309,17731780
4071,2024-04-15,256.46466064453125,258.47672160527304,251.17721736100808,252.9085116819802,13378690
4072,2024-04-16,256.6518249511719,257.86839464845417,253.84433005653736,255.4820354117408,9662195
4073,2024-04-18,262.1264343261719,271.29757249337905,259.88044421984705,269.42590931155604,51039603
4074,2024-04-19,263.5769958496094,264.1385005884101,257.07298258984304,260.25480469729075,18755469
4075,2024-04-22,265.4486083984375,266.4312486428412,263.6237540462225,265.7761551465721,14965203
4076,2024-04-23,267.0395812988281,268.72406693505064,262.68796960582245,265.4486559851492,11464036
4077,2024-04-24,271.7655029296875,273.1224702333387,266.15051308172156,266.7120177783812,19324163
4078,2024-04-25,274.47943115234375,275.6024406363888,270.68932412249734,273.26286134405956,22022414
4079,2024-04-26,273.4967956542969,277.1465333232782,272.74814176913173,275.36845892652474,15581578
4080,2024-04-29,274.8537902832031,275.69603312759943,271.01687448171117,273.5436030149001,9804396
4081,2024-04-30,282.4808044433594,284.82038369407576,274.2454683452475,274.8537817978874,33288857
4082,2024-05-02,293.476806640625,296.89258639875555,282.48078492215257,282.57437379757704,44059506
4083,2024-05-03,290.9032897949219,295.8164062222536,288.4701216619037,291.9794905385692,27074447
4084,2024-05-06,287.15997314453125,290.8564913563709,283.6506041438061,290.2950151637093,16855909
4085,2024-05-07,276.3043212890625,288.51691407472475,275.6024474839252,287.300344236214,13857464
4086,2024-05-08,282.6211853027344,283.4166479930991,273.2628679086041,273.2628679086041,18754452
4087,2024-05-09,277.1465148925781,284.82034522211603,276.3042721879491,283.323008992046,11196567
4088,2024-05-10,284.2589111328125,284.9140048208796,277.2401725863233,277.2401725863233,11786977
4089,2024-05-13,286.8791809082031,287.9086014351539,278.5035047755792,284.6799993779683,11710605
4090,2024-05-14,289.40594482421875,292.91531359734995,288.0021973149663,288.236155233175,9957875
4091,2024-05-15,294.6466064453125,296.00354522861596,289.03161643609957,290.1078171426688,11397656
4092,2024-05-16,292.44744873046875,295.34853313373924,285.70944808799027,294.31911240234376,19843532
4093,2024-05-17,293.0556945800781,295.72282066822146,290.80970418560065,294.693400074285,9069551
4094,2024-05-21,304.7535705566406,306.4380846591677,291.0436426209263,291.0436426209263,21976662
4095,2024-05-22,304.8471984863281,306.71886202269854,299.6533435966279,306.71886202269854,10287081
4096,2024-05-23,299.37255859375,300.12124109803216,289.1719986571884,298.9514514594513,35705284
4097,2024-05-24,298.3431396484375,302.22686411743945,297.03298095785107,297.59448569933596,15058182
4098,2024-05-27,297.54766845703125,300.8698592112212,294.31903801533144,300.8698592112212,12857918
4099,2024-05-28,292.7281188964844,298.99820216530424,291.9794650252736,298.5302863559688,10935739
4100,2024-05-29,297.3137512207031,298.24958294810943,289.2655926531455,289.2655926531455,16812268
4101,2024-05-30,287.01959228515625,297.26693220999215,284.30565752215614,294.41265696391986,22768893
4102,2024-05-31,290.1078186035156,291.51156611288746,286.08375383370947,288.75085125406304,36929443
4103,2024-06-03,315.98358154296875,326.3245394135394,304.70682049099423,313.5036331419187,55218939
4104,2024-06-04,276.9593505859375,313.4567799737608,261.7988684934247,313.4567799737608,73262478
4105,2024-06-05,279.6264953613281,281.73211664736016,261.28421722823555,277.2869161546258,45312613
4106,2024-06-06,281.1706237792969,291.4647716771544,278.9714137438007,283.93130994358796,36508044
4107,2024-06-07,289.49951171875,290.7160813773226,277.754807980975,278.9245974831848,38016104
4108,2024-06-10,295.53564453125,302.60119112364885,291.6051684590796,292.91532714980303,25478964
4109,2024-06-11,296.2375183105469,299.18541106374397,294.9273596198579,295.91000005736277,12238518
4110,2024-06-12,303.8177490234375,306.11054806183057,296.56505350765565,299.3725485460228,20346144
4111,2024-06-13,300.8231201171875,306.9060263436846,300.0744375998741,306.0169747791617,11756503
4112,2024-06-14,300.8699035644531,305.0811463826181,298.85787104097125,305.0811463826181,14159988
4113,2024-06-18,310.5089416503906,311.1640352535985,301.3378025613796,301.3378025613796,21653702
4114,2024-06-19,306.2977294921875,313.3632765511374,304.5196548259877,312.5678138280345,14235150
4115,2024-06-20,303.72418212890625,307.23355118089324,301.61856069771403,306.48489720686337,11749507
4116,2024-06-21,305.0343322753906,308.450112024821,302.273617533633,305.7362060003139,17209541
4117,2024-06-24,311.5851745605469,312.5677864174738,301.85250207614206,302.36722664445557,18044357
4118,2024-06-25,306.39129638671875,313.50362310025974,304.89395993766004,313.50362310025974,13979671
4119,2024-06-26,305.7362060546875,309.0116167715787,304.0985006962419,304.80037442129,12946277
4120,2024-06-27,310.2749938964844,311.1640454500687,303.5370226794719,307.46749874956646,27061015
4121,2024-06-28,309.7135009765625,315.7028179211071,308.4501225168633,311.63194446621674,21676594
4122,2024-07-01,308.4501037597656,310.46213600543615,304.37923055242834,309.76026229931983,11959181
4123,2024-07-02,309.5730895996094,312.94208915574075,306.99955263523765,308.87121588205343,12684459
4124,2024-07-03,313.64398193359375,315.28168737408174,307.98221169163327,309.853875052191,9369793
4125,2024-07-04,313.5036315917969,316.96622043907536,312.47421097022885,315.3752950639867,12878827
4126,2024-07-05,317.62127685546875,318.0891927107536,311.4915905749646,313.50362304082586,10894118
4127,2024-07-08,317.62127685546875,319.11861330424364,315.23491741724314,319.11861330424364,7828162
4128,2024-07-09,319.25897216796875,320.38198160856706,316.4046969654796,318.1827714469966,9214579
4129,2024-07-10,323.84454345703125,325.48224890723014,313.9715305952731,320.9902682389827,10662609
4130,2024-07-11,320.8030700683594,326.3712796685086,320.0544161910536,326.13732176193616,12642065
4131,2024-07-12,321.0838317871094,323.7041488769677,318.27633695112644,320.80306516792245,11380570
4132,2024-07-15,321.78570556640625,323.2362331415886,318.36992589374364,323.2362331415886,5277531
4133,2024-07-16,320.47552490234375,324.73354702023863,319.58647350839044,320.7562629429014,11363095
4134,2024-07-18,319.3525695800781,322.5812003885706,315.32850466916955,320.054443359375,13908161
4135,2024-07-19,310.88330078125,319.91407093422737,309.76029132251716,317.7616408982089,12937990
4136,2024-07-22,316.87261962890625,317.62127356588127,308.35654543905974,308.82446128949834,10678640
4137,2024-07-23,312.8017272949219,318.6506750753056,300.4955468768576,317.34051648436275,15954324
4138,2024-07-24,315.515625,317.05974146127835,309.10517269055066,309.66667737446494,12573882
4139,2024-07-25,317.6680908203125,320.61595504540355,309.2456052861565,309.2456052861565,16271884
4140,2024-07-26,322.1133117675781,323.376661829664,316.7790591702305,318.5103536840587,11468068
4141,2024-07-29,320.3819885253906,323.70417963996675,316.07715698924727,317.99560055242785,31849674
4142,2024-07-30,327.35394287109375,334.0451628975314,321.2710363447463,322.8619617830572,25813219
4143,2024-07-31,325.8565673828125,328.149337616839,320.6159048261167,325.9033475380589,17976593
4144,2024-08-01,337.9288024902344,339.23896104170495,327.68143486400743,328.6172664806742,26792459
4145,2024-08-02,335.26171875,337.8820361818206,331.2844338799721,335.02776081646897,13771470
4146,2024-08-05,320.8030700683594,332.03304958383495,319.58650037790875,330.1146061736671,13566586
4147,2024-08-06,318.8846435546875,328.289740473513,317.48089604087374,320.8030870665064,12273667
4148,2024-08-07,329.4595031738281,329.927418973569,321.3645655501737,323.6573643926296,12441847
4149,2024-08-08,320.6626892089844,332.2202150792375,319.35253069236563,332.2202150792375,15489731
4150,2024-08-09,323.79779052734375,326.55850565643453,322.20686510391533,325.57586516808675,8720610
4151,2024-08-12,319.25897216796875,321.7389204100306,317.71485560663336,320.990266489176,12521136
4152,2024-08-13,315.3284912109375,320.4755653727706,313.6439770769298,315.3752713705005,10435954
4153,2024-08-14,312.0998840332031,316.6386736657895,311.16405229697165,315.3752951100133,12385993
4154,2024-08-16,319.5072326660156,320.40364735948657,311.9583318530998,314.2229963376203,13013828
4155,2024-08-19,321.1113586425781,323.94219646357095,320.16774603558054,323.3288540283768,5891370
4156,2024-08-20,321.3000793457031,323.32884060718095,319.69592646168604,321.2529102360198,6393840
4157,2024-08-21,317.66717529296875,321.7247267416092,317.1953689940644,320.8282832549824,10118601
4158,2024-08-22,315.1665954589844,318.65797345433384,311.86395149459383,317.05382058149326,18370039
4159,2024-08-23,317.28973388671875,317.95027421946645,314.55326313076745,315.7799479809891,7494822
4160,2024-08-26,319.17694091796875,322.24368166588715,316.9122765865521,317.4784498685986,7993675
4161,2024-08-27,316.44049072265625,322.1965333338851,316.1102205537682,319.8846709484401,9589690
4162,2024-08-28,315.59124755859375,319.79030637674106,314.93070721576225,316.4404931445404,8790600
4163,2024-08-29,314.50604248046875,316.95944080027215,310.2597861258444,313.7511639805764,17653536
4164,2024-08-30,318.3748779296875,321.6303528411853,315.21377003530586,316.11021350275325,22713812
4165,2024-09-02,316.62921142578125,320.7339321897805,315.35535739279237,319.31851322266164,9789776
4166,2024-09-03,315.77996826171875,318.89390729167116,315.16662579721645,317.05385110139144,8434423
4167,2024-09-04,314.128662109375,315.827182247649,312.3358037385088,312.5245377972418,9025610
4168,2024-09-05,312.5716857910156,315.4496928131749,311.0147307003922,313.60966545035535,13912371
4169,2024-09-06,311.2033996582031,314.31733827308625,306.6740710506246,314.2701403687094,23755639
4170,2024-09-09,310.02386474609375,310.6372358875164,305.3058024075638,309.22181718595743,18597200
4171,2024-09-10,315.3081359863281,316.3932846875682,308.56131183850994,308.56131183850994,15472387
4172,2024-09-11,314.4117126464844,318.2333319488074,313.27936606969325,317.9030617975125,10134008
4173,2024-09-12,319.1297912597656,319.8846698173223,314.4588973941671,315.96868330605145,18410837
4174,2024-09-13,318.23333740234375,322.00778766063695,317.14818871243847,320.63953792329755,10417461
4175,2024-09-16,319.17694091796875,322.24368166588715,318.04459435387577,318.2333283801477,7748570
4176,2024-09-17,317.9030456542969,320.82825016515636,315.6383814124847,317.71434043226066,11451846
4177,2024-09-18,315.44964599609375,319.7902692384509,314.31732827858843,319.4128299992825,6583254
4178,2024-09-19,316.015869140625,319.27134428550585,314.31737789785313,317.2425828575359,10589610
4179,2024-09-20,321.63037109375,323.61196337856205,315.87432828425676,319.08260547088133,31236123
4180,2024-09-23,321.9134521484375,323.18733499463224,321.0642065165653,322.71552866617293,6542941
4181,2024-09-24,330.31158447265625,331.2080279759151,323.04578461278606,325.1217150884182,26145769
4182,2024-09-25,343.23907470703125,345.5981061483167,332.4818970941238,333.89731595889504,40770462
4183,2024-09-26,344.8432312011719,345.45657362294673,337.0584273637651,343.52215054286194,18733959
4184,2024-09-27,334.2747497558594,342.8144319147534,333.42550421025845,341.7764811350023,33148043
4185,2024-09-30,332.95367431640625,337.2942975488006,329.98130071922105,334.2747260488477,16356171
4186,2024-10-01,331.019287109375,335.9260841265613,330.2172394403099,331.302388166196,9856291
4187,2024-10-03,324.7442626953125,330.17003501440104,323.2816747193099,323.6591139908489,19350466
4188,2024-10-04,319.74310302734375,327.85817632839644,318.7051235126565,323.6590891631123,20121706
4189,2024-10-07,310.4013671875,320.8282745930665,306.6740860080783,320.8282745930665,13851446
4190,2024-10-08,308.702880859375,312.33579541739124,304.1735515381948,308.84441700126683,21148292
4191,2024-10-09,311.15625,313.09064428114004,307.14589651250947,308.5613153904473,9228363
4192,2024-10-10,315.4968566894531,319.0354036940527,311.4865034175736,311.5808704303834,20773976
4193,2024-10-11,311.4393615722656,316.4405261837106,310.9203861035491,315.5912805090952,6098468
4194,2024-10-14,312.0527038574219,312.80758243206355,309.31620423160933,311.43933261915726,5944216
4195,2024-10-15,311.2505798339844,314.64759049456165,309.03308476410984,314.64759049456165,12415489
4196,2024-10-16,308.7500305175781,313.8927015144062,306.62690233069713,312.9962868913401,22085298
4197,2024-10-17,312.4773254394531,313.1850349318255,306.2966740581104,309.9767576590921,17039729
4198,2024-10-18,313.3265686035156,315.0250886498973,309.7408520557755,312.80759316523864,10569021
4199,2024-10-21,312.4773254394531,314.9307241056986,310.8732012014729,314.2230146133262,8745904
4200,2024-10-22,304.55096435546875,316.7235610444044,302.94681142884616,314.12862641395503,11219831
4201,2024-10-23,299.03082275390625,303.7488856840618,296.1528158852197,301.2011489798403,12541589
4202,2024-10-24,301.1539306640625,302.71088556614893,297.4738475872849,297.4738475872849,8327779
4203,2024-10-25,297.9928283691406,303.3714313614416,295.58662791281984,303.3714313614416,12979410
4204,2024-10-28,300.3518981933594,302.380688450008,293.2276341282605,296.7661816036619,9610615
4205,2024-10-29,302.4750061035156,303.08837732828067,296.4358912489805,298.27594732973336,15856332
4206,2024-10-30,300.4934387207031,307.0515288976693,298.8892858101173,300.5877769416323,14498110
4207,2024-10-31,302.7109375,304.5038246369687,299.9272973603423,302.33349818576534,9900390
